comment_id,post_id,topic,comment_text,intent,sentiment_label,likes_on_comment,posted_on,clean,relatable_tag,relatable_probability,lexicon_score
C00000_P001,P001,Social Anxiety,this is too accurate lol,validation,relatable,14,2025-06-01,this is too accurate lol,Relatable,0.946,0.34
C00001_P001,P001,Social Anxiety,underrated page fr sis,generic,neutral,8,2025-06-01,underrated page fr sis,Neutral,0.0216,-0.34
C00002_P001,P001,Social Anxiety,nice post 👍,generic,neutral,8,2025-06-01,nice post,Neutral,0.0661,-0.34
C00003_P001,P001,Social Anxiety,stop describing me 💀,validation,relatable,8,2025-06-01,stop describing me,Relatable,0.9611,0.34
C00004_P001,P001,Social Anxiety,realest thing on my feed today,ambiguous,neutral,9,2025-06-01,realest thing on my feed today,Relatable,0.5428,0.0
C00005_P001,P001,Social Anxiety,FAKE DEEP,sarcasm,neutral,11,2025-06-01,fake deep,Neutral,0.0409,0.0
C00006_P001,P001,Social Anxiety,hmm,ambiguous,neutral,10,2025-06-01,hmm,Neutral,0.1748,0.0
C00007_P001,P001,Social Anxiety,fr too accurate lol,validation,relatable,9,2025-06-01,fr too accurate lol,Relatable,0.9496,0.34
C00008_P001,P001,Social Anxiety,you read my diary fr fr,validation,relatable,12,2025-06-01,you read my diary fr fr,Relatable,0.9788,0.0
C00009_P001,P001,Social Anxiety,love this page btw,generic,neutral,8,2025-06-01,love this page btw,Neutral,0.0138,-0.34
C00010_P001,P001,Social Anxiety,literally a documentary about me...,validation,relatable,9,2025-06-01,literally a documentary about me,Relatable,0.9695,0.68
C00011_P001,P001,Social Anxiety,I'm going to pretend I didn't read thiiis fr,validation,relatable,10,2025-06-01,i'm going to pretend i didn't read thiis fr,Relatable,0.9817,0.0
C00012_P001,P001,Social Anxiety,"hold on, my whole life lmao",validation,relatable,10,2025-06-01,hold on my whole life lmao,Relatable,0.9834,0.0
C00013_P001,P001,Social Anxiety,"I rehearse before ordering coffee, no exaggeration",personal_story,relatable,13,2025-06-01,i rehearse before ordering coffee no exaggeration,Relatable,0.8775,0.0
C00014_P001,P001,Social Anxiety,not me screenshot of my head 😭,validation,relatable,8,2025-06-01,not me screenshot of my head,Relatable,0.9897,0.34
C00015_P001,P001,Social Anxiety,wait too accurate ngl,validation,relatable,11,2025-06-01,wait too accurate ngl,Relatable,0.9518,0.34
C00016_P001,P001,Social Anxiety,my hands shake when the phone rings too,personal_story,relatable,11,2025-06-01,my hands shake when the phone rings too,Relatable,0.9051,0.0
C00017_P001,P001,Social Anxiety,the timing of this post is suspicious lmao,validation,relatable,6,2025-06-01,the timing of this post is suspicious lmao,Relatable,0.9656,0.0
C00018_P001,P001,Social Anxiety,personal at this point 🥲🥲,validation,relatable,12,2025-06-01,personal at this point,Relatable,0.957,0.0
C00019_P001,P001,Social Anxiety,dm for promotions macha,generic,neutral,8,2025-06-01,dm for promotions macha,Neutral,0.01,-0.34
C00020_P001,P001,Social Anxiety,that's it me,validation,relatable,6,2025-06-01,that's it me,Relatable,0.9454,0.34
C00021_P001,P001,Social Anxiety,so dramatic for no reason,sarcasm,neutral,16,2025-06-01,so dramatic for no reason,Neutral,0.0825,0.0
C00022_P001,P001,Social Anxiety,I felt that 😭,validation,relatable,16,2025-06-01,i felt that,Relatable,0.935,0.34
C00023_P001,P001,Social Anxiety,"ANOTHER RELATABLE PAGE, HOW ORIGINAL",sarcasm,neutral,13,2025-06-01,another relatable page how original,Neutral,0.0229,0.0
C00024_P001,P001,Social Anxiety,this is just basic psychology,sarcasm,neutral,9,2025-06-01,this is just basic psychology,Neutral,0.0677,0.0
C00025_P001,P001,Social Anxiety,painfully accurate ong,validation,relatable,7,2025-06-01,painfully accurate ong,Relatable,0.9407,0.68
C00026_P001,P001,Social Anxiety,a documentary about me lol,validation,relatable,12,2025-06-01,a documentary about me lol,Relatable,0.9728,0.34
C00027_P001,P001,Social Anxiety,no because it me 😭,validation,relatable,10,2025-06-01,no because it me,Relatable,0.9783,0.34
C00028_P001,P001,Social Anxiety,"came here to laugh, stayed to confront myself bhai",validation,relatable,7,2025-06-01,came here to laugh stayed to confront myself bhai,Relatable,0.968,0.34
C00029_P001,P001,Social Anxiety,the way too real...,validation,relatable,11,2025-06-01,the way too real,Relatable,0.9078,0.34
C00030_P001,P001,Social Anxiety,REPORTING THIS FOR PERSONAL DAMAGE ANNA,validation,relatable,6,2025-06-01,reporting this for personal damage anna,Relatable,0.9659,0.0
C00031_P001,P001,Social Anxiety,who allowed you to expose me like this 🥲,validation,relatable,15,2025-06-01,who allowed you to expose me like this,Relatable,0.951,0.34
C00032_P001,P001,Social Anxiety,nah too accurate ong,validation,relatable,9,2025-06-01,nah too accurate ong,Relatable,0.9652,0.34
C00033_P001,P001,Social Anxiety,every frame is my biography,validation,relatable,12,2025-06-01,every frame is my biography,Relatable,0.9774,0.0
C00034_P001,P001,Social Anxiety,first comment sis,generic,neutral,9,2025-06-01,first comment sis,Neutral,0.0217,0.0
C00035_P001,P001,Social Anxiety,"watched this, closed the app, opened it again, watched it again. yeah.",validation,relatable,11,2025-06-01,watched this closed the app opened it again watched it again yeah,Relatable,0.8896,-0.34
C00036_P001,P001,Social Anxiety,true that 🔥,generic,neutral,11,2025-06-01,true that,Neutral,0.0249,0.34
C00037_P001,P001,Social Anxiety,STATING THE OBVIOUS SINCE 2020,sarcasm,neutral,8,2025-06-01,stating the obvious since,Neutral,0.0468,0.0
C00038_P001,P001,Social Anxiety,"sure, totally me",sarcasm,neutral,17,2025-06-01,sure totally me,Neutral,0.0829,0.34
C00039_P001,P001,Social Anxiety,i didn't consent to being exposed pls,validation,relatable,13,2025-06-01,i didn't consent to being exposed pls,Relatable,0.9654,0.0
C00040_P001,P001,Social Anxiety,ok but a documentary about me ngl,validation,relatable,16,2025-06-01,ok but a documentary about me ngl,Relatable,0.9626,0.34
C00041_P001,P001,Social Anxiety,I paused. sat down. processed. same. 😭,validation,relatable,15,2025-06-01,i paused sat down processed same,Relatable,0.9534,0.34
C00042_P001,P001,Social Anxiety,who allowed you to expose me like this lmao,validation,relatable,11,2025-06-01,who allowed you to expose me like this lmao,Relatable,0.9602,0.34
C00043_P001,P001,Social Anxiety,ok but so me ong,validation,relatable,15,2025-06-01,ok but so me ong,Relatable,0.9576,0.34
C00044_P001,P001,Social Anxiety,i didn't consent to being exposed lmao,validation,relatable,7,2025-06-01,i didn't consent to being exposed lmao,Relatable,0.978,0.0
C00045_P001,P001,Social Anxiety,fr my biography ong,validation,relatable,8,2025-06-01,fr my biography ong,Relatable,0.9782,0.0
C00046_P001,P001,Social Anxiety,this is my 13th reason (affectionate),ambiguous,neutral,6,2025-06-01,this is my th reason affectionate,Neutral,0.4951,0.0
C00047_P001,P001,Social Anxiety,follow for follow? 🔥,generic,neutral,9,2025-06-01,follow for follow,Neutral,0.0253,-0.34
C00048_P001,P001,Social Anxiety,sir this is my diary page fr,validation,relatable,10,2025-06-01,sir this is my diary page fr,Relatable,0.9593,-0.34
C00049_P001,P001,Social Anxiety,no because too accurate anna,validation,relatable,9,2025-06-01,no because too accurate anna,Relatable,0.9543,0.34
C00050_P001,P001,Social Anxiety,genuinely how do you know my life lmao,validation,relatable,14,2025-06-01,genuinely how do you know my life lmao,Relatable,0.9376,0.0
C00051_P001,P001,Social Anxiety,nice post,generic,neutral,10,2025-06-01,nice post,Neutral,0.0661,-0.34
C00052_P001,P001,Social Anxiety,underrated page fr,generic,neutral,9,2025-06-01,underrated page fr,Neutral,0.0312,-0.34
C00053_P001,P001,Social Anxiety,fr my brain on a normal tuesday,validation,relatable,11,2025-06-01,fr my brain on a normal tuesday,Relatable,0.9715,0.0
C00054_P001,P001,Social Anxiety,wait my whole life lol,validation,relatable,8,2025-06-01,wait my whole life lol,Relatable,0.9813,0.0
C00055_P001,P001,Social Anxiety,haha true,generic,neutral,13,2025-06-01,haha true,Neutral,0.0086,0.34
C00056_P001,P001,Social Anxiety,haha true macha,generic,neutral,7,2025-06-01,haha true macha,Neutral,0.0077,0.34
C00057_P001,P001,Social Anxiety,that hit close to home ngl,validation,relatable,18,2025-06-01,that hit close to home ngl,Relatable,0.9508,0.34
C00058_P001,P001,Social Anxiety,why does this feel personal fr fr,validation,relatable,13,2025-06-01,why does this feel personal fr fr,Relatable,0.9668,0.0
C00059_P001,P001,Social Anxiety,not to be dramatic but this post understood me better than my last three conversations ngl,validation,relatable,8,2025-06-01,not to be dramatic but this post understood me better than my last three conversations ngl,Relatable,0.9583,0.68
C00060_P001,P001,Social Anxiety,congratulations you discovered being human,sarcasm,neutral,4,2025-06-01,congratulations you discovered being human,Neutral,0.0685,0.0
C00061_P001,P001,Social Anxiety,saved this for the next time it happens yaar,validation,relatable,13,2025-06-01,saved this for the next time it happens yaar,Relatable,0.9538,0.0
C00062_P001,P001,Social Anxiety,i've never been so seen,validation,relatable,12,2025-06-01,i've never been so seen,Relatable,0.9208,0.34
C00063_P001,P001,Social Anxiety,free followers in bio sis,generic,neutral,13,2025-06-01,free followers in bio sis,Neutral,0.0239,-0.68
C00064_P001,P001,Social Anxiety,I've never been so seen,validation,relatable,13,2025-06-01,i've never been so seen,Relatable,0.9208,0.34
C00065_P001,P001,Social Anxiety,ok this one hurt,ambiguous,relatable,7,2025-06-01,ok this one hurt,Neutral,0.4574,0.34
C00066_P001,P001,Social Anxiety,posted at the right time btw,generic,neutral,10,2025-06-01,posted at the right time btw,Neutral,0.0322,0.0
C00067_P001,P001,Social Anxiety,dm for promotions :),generic,neutral,7,2025-06-01,dm for promotions,Neutral,0.0208,-0.34
C00068_P001,P001,Social Anxiety,not me my everyday routine istg,validation,relatable,14,2025-06-01,not me my everyday routine istg,Relatable,0.9821,0.34
C00069_P001,P001,Social Anxiety,🔥🔥 btw,generic,neutral,12,2025-06-01,btw,Neutral,0.0307,0.0
C00070_P001,P001,Social Anxiety,dm for promotions 🔥,generic,neutral,9,2025-06-01,dm for promotions,Neutral,0.0208,-0.34
C00071_P001,P001,Social Anxiety,the honesty is refreshing,ambiguous,relatable,6,2025-06-01,the honesty is refreshing,Neutral,0.4722,0.0
C00072_P001,P001,Social Anxiety,why is this too accurate lmaoo,validation,relatable,9,2025-06-01,why is this too accurate lmaoo,Relatable,0.9687,0.34
C00073_P001,P001,Social Anxiety,the timing of this post is suspicious lol,validation,relatable,9,2025-06-01,the timing of this post is suspicious lol,Relatable,0.9555,0.0
C00074_P001,P001,Social Anxiety,not to be dramatic but this post understood me better than my last three conversations no cap,validation,relatable,13,2025-06-01,not to be dramatic but this post understood me better than my last three conversations no cap,Relatable,0.9656,0.68
C00075_P001,P001,Social Anxiety,reading this at 3am was a mistake 🥲,validation,relatable,12,2025-06-01,reading this at am was a mistake,Relatable,0.9542,0.0
C00076_P001,P001,Social Anxiety,that's too real lol,validation,relatable,14,2025-06-01,that's too real lol,Relatable,0.8103,0.34
C00077_P001,P001,Social Anxiety,not to be dramatic but this post understood me better than my last three conversations 💀,validation,relatable,10,2025-06-01,not to be dramatic but this post understood me better than my last three conversations,Relatable,0.9465,0.68
C00078_P001,P001,Social Anxiety,wow okay then,ambiguous,neutral,7,2025-06-01,wow okay then,Neutral,0.4985,0.0
C00079_P001,P001,Social Anxiety,the algorithm finally did something right sis,generic,neutral,12,2025-06-01,the algorithm finally did something right sis,Neutral,0.0362,0.0
C00080_P001,P001,Social Anxiety,i agree !!,generic,neutral,13,2025-06-01,i agree !!,Neutral,0.0316,0.4
C00081_P001,P001,Social Anxiety,this felt personal,ambiguous,relatable,11,2025-06-01,this felt personal,Relatable,0.7053,0.34
C00082_P001,P001,Social Anxiety,keep it up 👍,generic,neutral,13,2025-06-01,keep it up,Neutral,0.0382,0.0
C00083_P001,P001,Social Anxiety,wait me in one post fr,validation,relatable,11,2025-06-01,wait me in one post fr,Relatable,0.9705,0.34
C00084_P001,P001,Social Anxiety,that's the story of my life,validation,relatable,11,2025-06-01,that's the story of my life,Relatable,0.9813,0.0
C00085_P001,P001,Social Anxiety,saved this for the next time it happens istg,validation,relatable,10,2025-06-01,saved this for the next time it happens istg,Relatable,0.9508,0.0
C00086_P001,P001,Social Anxiety,haha !!,generic,neutral,5,2025-06-01,haha !!,Neutral,0.0245,0.4
C00087_P001,P001,Social Anxiety,excuse me my biography ong,validation,relatable,7,2025-06-01,excuse me my biography ong,Relatable,0.9856,0.34
C00088_P001,P001,Social Anxiety,"hold on, my biography",validation,relatable,6,2025-06-01,hold on my biography,Relatable,0.9752,0.0
C00089_P001,P001,Social Anxiety,excuse me personal at this point 🥲🥲,validation,relatable,12,2025-06-01,excuse me personal at this point,Relatable,0.9767,0.34
C00090_P001,P001,Social Anxiety,I agree,generic,neutral,9,2025-06-01,i agree,Neutral,0.0316,0.0
C00091_P001,P001,Social Anxiety,no beacuse so me lol,validation,relatable,11,2025-06-01,no beacuse so me lol,Relatable,0.9678,0.34
C00092_P001,P001,Social Anxiety,the way my everyday routine ong,validation,relatable,15,2025-06-01,the way my everyday routine ong,Relatable,0.981,0.0
C00093_P001,P001,Social Anxiety,"came here to laugh, stayed to confront myself ?!",validation,relatable,9,2025-06-01,came here to laugh stayed to confront myself !,Relatable,0.9669,0.54
C00094_P001,P001,Social Anxiety,deep. very deep.,sarcasm,neutral,10,2025-06-01,deep very deep,Neutral,0.0437,0.0
C00095_P001,P001,Social Anxiety,your page will blow up sis,generic,neutral,13,2025-06-01,your page will blow up sis,Neutral,0.0138,-0.34
C00096_P001,P001,Social Anxiety,watched this five times already...,validation,relatable,9,2025-06-01,watched this five times already,Relatable,0.9518,0.0
C00097_P001,P001,Social Anxiety,background music name? :),generic,neutral,7,2025-06-01,background music name,Neutral,0.0226,-0.34
C00098_P001,P001,Social Anxiety,wait screenshot of my head 💀,validation,relatable,9,2025-06-01,wait screenshot of my head,Relatable,0.9674,0.0
C00099_P001,P001,Social Anxiety,true that ++,generic,neutral,8,2025-06-01,true that,Neutral,0.0249,0.34
C00100_P001,P001,Social Anxiety,personally attacked,ambiguous,neutral,15,2025-06-01,personally attacked,Neutral,0.238,0.34
C00101_P001,P001,Social Anxiety,when is part 2? bro,generic,neutral,13,2025-06-01,when is part bro,Neutral,0.018,-0.34
C00102_P001,P001,Social Anxiety,who allowed you to expose me like this 🥲🥲,validation,relatable,12,2025-06-01,who allowed you to expose me like this,Relatable,0.951,0.34
C00103_P001,P001,Social Anxiety,the way I did this exact thing this morning and now I'm being called out publicly 😅,validation,relatable,14,2025-06-01,the way i did this exact thing this morning and now i'm being called out publicly,Relatable,0.905,0.34
C00104_P001,P001,Social Anxiety,literally so me pls,validation,relatable,13,2025-06-01,literally so me pls,Relatable,0.9638,0.68
C00105_P001,P001,Social Anxiety,sir this is my diary page no cap,validation,relatable,8,2025-06-01,sir this is my diary page no cap,Relatable,0.9709,-0.34
C00106_P001,P001,Social Anxiety,keep it up 🔥,generic,neutral,15,2025-06-01,keep it up,Neutral,0.0382,0.0
C00107_P001,P001,Social Anxiety,this speaks for my whole generation yaar,validation,relatable,11,2025-06-01,this speaks for my whole generation yaar,Relatable,0.9737,0.0
C00108_P001,P001,Social Anxiety,posted at the right time bro,generic,neutral,13,2025-06-01,posted at the right time bro,Neutral,0.0396,0.0
C00109_P001,P001,Social Anxiety,bro it me 💀,validation,relatable,15,2025-06-01,bro it me,Relatable,0.8933,0.34
C00110_P001,P001,Social Anxiety,exactly this,ambiguous,relatable,9,2025-06-01,exactly this,Relatable,0.5504,0.34
C00111_P001,P001,Social Anxiety,DESERVES WAY MORE LIKES BTW,generic,neutral,7,2025-06-01,deserves way more likes btw,Neutral,0.0241,0.0
C00112_P001,P001,Social Anxiety,that's my whole life,validation,relatable,9,2025-06-01,that's my whole life,Relatable,0.9682,0.0
C00113_P001,P001,Social Anxiety,the caption though,ambiguous,neutral,10,2025-06-01,the caption though,Relatable,0.5925,0.0
C00114_P001,P001,Social Anxiety,I came to instagram to turn my brain off and instead you described it perfectly no cap,validation,relatable,13,2025-06-01,i came to instagram to turn my brain off and instead you described it perfectly no cap,Relatable,0.9538,0.0
C00115_P001,P001,Social Anxiety,no because my whole life 😭😭,validation,relatable,14,2025-06-01,no because my whole life,Relatable,0.9748,0.0
C00116_P001,P001,Social Anxiety,wait a documentary about me 🥲🥲,validation,relatable,4,2025-06-01,wait a documentary about me,Relatable,0.9643,0.34
C00117_P001,P001,Social Anxiety,I live this every single day lmaoo,validation,relatable,11,2025-06-01,i live this every single day lmaoo,Relatable,0.9433,0.0
C00118_P001,P001,Social Anxiety,lol ok macha,generic,neutral,10,2025-06-01,lol ok macha,Neutral,0.0371,0.0
C00119_P001,P001,Social Anxiety,ok but my biography,validation,relatable,8,2025-06-01,ok but my biography,Relatable,0.9647,0.0
C00000_P002,P002,Dating & Situationships,reading this at 3am was a mistake...,validation,relatable,10,2025-06-02,reading this at am was a mistake,Relatable,0.9542,0.0
C00001_P002,P002,Dating & Situationships,not me personal at this point 😭😭,validation,relatable,17,2025-06-02,not me personal at this point,Relatable,0.9826,0.34
C00002_P002,P002,Dating & Situationships,reading this at 3am was a mistake lmaoo,validation,relatable,16,2025-06-02,reading this at am was a mistake lmaoo,Relatable,0.9686,0.0
C00003_P002,P002,Dating & Situationships,literally screenshot of my haed ong,validation,relatable,9,2025-06-02,literally screenshot of my haed ong,Relatable,0.9815,0.34
C00004_P002,P002,Dating & Situationships,smooth transitions,generic,neutral,11,2025-06-02,smooth transitions,Neutral,0.0534,0.0
C00005_P002,P002,Dating & Situationships,great content macha,generic,neutral,9,2025-06-02,great content macha,Neutral,0.02,-0.34
C00006_P002,P002,Dating & Situationships,🔥🔥 !!,generic,neutral,9,2025-06-02,!!,Neutral,0.2792,0.4
C00007_P002,P002,Dating & Situationships,I live this every single day anna,validation,relatable,6,2025-06-02,i live this every single day anna,Relatable,0.956,0.0
C00008_P002,P002,Dating & Situationships,he said 'we'll see' and I said ok like a fool,personal_story,relatable,12,2025-06-02,he said 'we'll see' and i said ok like a fool,Relatable,0.8539,0.0
C00009_P002,P002,Dating & Situationships,first comment bro,generic,neutral,11,2025-06-02,first comment bro,Neutral,0.0249,0.0
C00010_P002,P002,Dating & Situationships,TRUE :),generic,neutral,6,2025-06-02,true,Neutral,0.0084,0.34
C00011_P002,P002,Dating & Situationships,watched this five times already pls,validation,relatable,9,2025-06-02,watched this five times already pls,Relatable,0.9671,0.0
C00012_P002,P002,Dating & Situationships,mine left me on delivered for 3 days 😭,personal_story,relatable,15,2025-06-02,mine left me on delivered for days,Relatable,0.9144,0.34
C00013_P002,P002,Dating & Situationships,"found this page today, already binged everything macha",generic,neutral,9,2025-06-02,found this page today already binged everything macha,Neutral,0.016,-0.34
C00014_P002,P002,Dating & Situationships,I can't,ambiguous,relatable,8,2025-06-02,i can't,Neutral,0.4107,0.0
C00015_P002,P002,Dating & Situationships,I paused. sat down. processed. same. lol,validation,relatable,11,2025-06-02,i paused sat down processed same lol,Relatable,0.9424,0.34
C00016_P002,P002,Dating & Situationships,nah too real ong,validation,relatable,18,2025-06-02,nah too real ong,Relatable,0.9089,0.34
C00017_P002,P002,Dating & Situationships,I relate to this too much pls,validation,relatable,9,2025-06-02,i relate to this too much pls,Relatable,0.9599,0.0
C00018_P002,P002,Dating & Situationships,no yeah,ambiguous,relatable,12,2025-06-02,no yeah,Neutral,0.2512,0.0
C00019_P002,P002,Dating & Situationships,I didn't consent to being exposed!!,validation,relatable,13,2025-06-02,i didn't consent to being exposed!!,Relatable,0.9666,0.4
C00020_P002,P002,Dating & Situationships,I live this every single day fr,validation,relatable,9,2025-06-02,i live this every single day fr,Relatable,0.9485,0.0
C00021_P002,P002,Dating & Situationships,do a collab with us ++,generic,neutral,13,2025-06-02,do a collab with us,Neutral,0.0347,-0.34
C00022_P002,P002,Dating & Situationships,"why does this have no likes, underrated",question,neutral,10,2025-06-02,why does this have no likes underrated,Neutral,0.0679,0.0
C00023_P002,P002,Dating & Situationships,every frame is my biography ngl,validation,relatable,12,2025-06-02,every frame is my biography ngl,Relatable,0.9746,0.0
C00024_P002,P002,Dating & Situationships,reading this at 3am was a mistake ngl,validation,relatable,12,2025-06-02,reading this at am was a mistake ngl,Relatable,0.9688,0.0
C00025_P002,P002,Dating & Situationships,sir this is my diary page ngl,validation,relatable,11,2025-06-02,sir this is my diary page ngl,Relatable,0.9635,-0.34
C00026_P002,P002,Dating & Situationships,check my page !!,generic,neutral,7,2025-06-02,check my page !!,Neutral,0.0322,-0.28
C00000_P003,P003,Money Struggles,check my page,generic,neutral,12,2025-06-04,check my page,Neutral,0.0322,-0.68
C00001_P003,P003,Money Struggles,genuinely how do you know my life 😭,validation,relatable,8,2025-06-04,genuinely how do you know my life,Relatable,0.9197,0.0
C00002_P003,P003,Money Struggles,your page will blow up bro,generic,neutral,12,2025-06-04,your page will blow up bro,Neutral,0.015,-0.34
C00003_P003,P003,Money Struggles,i paused. sat down. processed. same. 😭,validation,relatable,10,2025-06-04,i paused sat down processed same,Relatable,0.9534,0.34
C00004_P003,P003,Money Struggles,ok but me in one post 💀,validation,relatable,15,2025-06-04,ok but me in one post,Relatable,0.9697,0.34
C00005_P003,P003,Money Struggles,FR SO ME,validation,relatable,8,2025-06-04,fr so me,Relatable,0.9733,0.34
C00006_P003,P003,Money Struggles,wait my biography 😅,validation,relatable,9,2025-06-04,wait my biography,Relatable,0.9727,0.0
C00007_P003,P003,Money Struggles,this speaks for my whole generation bhai,validation,relatable,7,2025-06-04,this speaks for my whole generation bhai,Relatable,0.9616,0.0
C00008_P003,P003,Money Struggles,that's my last three yeaaars in one video...,validation,relatable,15,2025-06-04,that's my last three yeaars in one video,Relatable,0.9518,0.0
C00009_P003,P003,Money Struggles,no literally,ambiguous,neutral,14,2025-06-04,no literally,Neutral,0.3675,0.34
C00010_P003,P003,Money Struggles,watched this five times already no cap,validation,relatable,9,2025-06-04,watched this five times already no cap,Relatable,0.965,0.0
C00011_P003,P003,Money Struggles,fr so me...,validation,relatable,12,2025-06-04,fr so me,Relatable,0.9733,0.34
C00012_P003,P003,Money Struggles,"found this page today, already binged everything 🔥",generic,neutral,13,2025-06-04,found this page today already binged everything,Neutral,0.0228,-0.34
C00013_P003,P003,Money Struggles,haha macha,generic,neutral,11,2025-06-04,haha macha,Neutral,0.0275,0.0
C00014_P003,P003,Money Struggles,follow for follow? macha,generic,neutral,11,2025-06-04,follow for follow macha,Neutral,0.0186,-0.34
C00000_P004,P004,College & Hostel Life,the edit quality is insane :),generic,neutral,12,2025-06-05,the edit quality is insane,Neutral,0.0239,-0.34
C00001_P004,P004,College & Hostel Life,this speaks for my whole generation lmaoo,validation,relatable,4,2025-06-05,this speaks for my whole generation lmaoo,Relatable,0.9634,0.0
C00002_P004,P004,College & Hostel Life,I'm in this post and I don't like it 🥲🥲,validation,relatable,7,2025-06-05,i'm in this post and i don't like it,Relatable,0.9555,0.0
C00003_P004,P004,College & Hostel Life,true :),generic,neutral,12,2025-06-05,true,Neutral,0.0084,0.34
C00004_P004,P004,College & Hostel Life,why does this feel personal fr fr,validation,relatable,4,2025-06-05,why does this feel personal fr fr,Relatable,0.9668,0.0
C00005_P004,P004,College & Hostel Life,the edit quality is insane,generic,neutral,8,2025-06-05,the edit quality is insane,Neutral,0.0239,-0.34
C00006_P004,P004,College & Hostel Life,free followers iiin bio btw,generic,neutral,11,2025-06-05,free followers iin bio btw,Neutral,0.0254,-0.68
C00007_P004,P004,College & Hostel Life,song name please? 👍,generic,neutral,12,2025-06-05,song name please,Neutral,0.019,-0.34
C00008_P004,P004,College & Hostel Life,not me the story of my life ong,validation,relatable,12,2025-06-05,not me the story of my life ong,Relatable,0.9919,0.34
C00009_P004,P004,College & Hostel Life,underrated page fr sis,generic,neutral,9,2025-06-05,underrated page fr sis,Neutral,0.0216,-0.34
C00010_P004,P004,College & Hostel Life,is this based on real events?,question,neutral,12,2025-06-05,is this based on real events,Neutral,0.0778,0.34
C00011_P004,P004,College & Hostel Life,when is part 2?,generic,neutral,9,2025-06-05,when is part,Neutral,0.0285,-0.34
C00012_P004,P004,College & Hostel Life,wow okay,ambiguous,neutral,9,2025-06-05,wow okay,Neutral,0.408,0.0
C00013_P004,P004,College & Hostel Life,background music name?,generic,neutral,13,2025-06-05,background music name,Neutral,0.0226,-0.34
C00014_P004,P004,College & Hostel Life,why does this feel personal 😭,validation,relatable,12,2025-06-05,why does this feel personal,Relatable,0.9388,0.0
C00015_P004,P004,College & Hostel Life,great content,generic,neutral,14,2025-06-05,great content,Neutral,0.0295,-0.34
C00016_P004,P004,College & Hostel Life,I felt that 🥲🥲,validation,relatable,12,2025-06-05,i felt that,Relatable,0.935,0.34
C00017_P004,P004,College & Hostel Life,"everyone overthinks, nothing special",sarcasm,neutral,11,2025-06-05,everyone overthinks nothing special,Neutral,0.0555,0.0
C00018_P004,P004,College & Hostel Life,THIS IS SO ME LMAO,validation,relatable,7,2025-06-05,this is so me lmao,Relatable,0.9794,0.34
C00019_P004,P004,College & Hostel Life,this is my whole life fr fr,validation,relatable,10,2025-06-05,this is my whole life fr fr,Relatable,0.9927,0.0
C00020_P004,P004,College & Hostel Life,NO BECAUSE MY WHOLE LIFE!!,validation,relatable,9,2025-06-05,no because my whole life!!,Relatable,0.9748,0.4
C00021_P004,P004,College & Hostel Life,hmm,ambiguous,neutral,9,2025-06-05,hmm,Neutral,0.1748,0.0
C00022_P004,P004,College & Hostel Life,any tips for the 2am version of this?,question,neutral,17,2025-06-05,any tips for the am version of this,Neutral,0.104,-0.34
C00023_P004,P004,College & Hostel Life,can we get a version with english subtitles?,question,neutral,10,2025-06-05,can we get a version with english subtitles,Neutral,0.0604,0.0
C00024_P004,P004,College & Hostel Life,instagram therapists at it again,sarcasm,neutral,15,2025-06-05,instagram therapists at it again,Neutral,0.0944,0.0
C00025_P004,P004,College & Hostel Life,yeah.,ambiguous,relatable,12,2025-06-05,yeah,Neutral,0.3148,0.0
C00026_P004,P004,College & Hostel Life,this is the story of my life da,validation,relatable,13,2025-06-05,this is the story of my life da,Relatable,0.9876,0.0
C00027_P004,P004,College & Hostel Life,which app is this? ++,generic,neutral,11,2025-06-05,which app is this,Neutral,0.025,-0.34
C00028_P004,P004,College & Hostel Life,what camera do you use?,question,neutral,11,2025-06-05,what camera do you use,Neutral,0.0565,0.0
C00029_P004,P004,College & Hostel Life,nah me in one post fr,validation,relatable,11,2025-06-05,nah me in one post fr,Relatable,0.97,0.34
C00030_P004,P004,College & Hostel Life,free followers in bio sis,generic,neutral,8,2025-06-05,free followers in bio sis,Neutral,0.0239,-0.68
C00031_P004,P004,College & Hostel Life,"why doees this have no likes, underrated",question,neutral,12,2025-06-05,why doees this have no likes underrated,Neutral,0.0422,0.0
C00032_P004,P004,College & Hostel Life,8am classes should be illegal,personal_story,relatable,9,2025-06-05,am classes should be illegal,Relatable,0.884,0.0
C00033_P004,P004,College & Hostel Life,posted at the right time macha,generic,neutral,5,2025-06-05,posted at the right time macha,Neutral,0.0284,0.0
C00034_P004,P004,College & Hostel Life,so true ++,generic,neutral,12,2025-06-05,so true,Neutral,0.0315,0.34
C00035_P004,P004,College & Hostel Life,bro my whole life...,validation,relatable,8,2025-06-05,bro my whole life,Relatable,0.9488,0.0
C00036_P004,P004,College & Hostel Life,that hit close to home 🥲🥲,validation,relatable,16,2025-06-05,that hit close to home,Relatable,0.9468,0.34
C00037_P004,P004,College & Hostel Life,our mess soup is just hot water with regret,personal_story,relatable,16,2025-06-05,our mess soup is just hot water with regret,Relatable,0.8672,0.0
C00038_P004,P004,College & Hostel Life,dm for promotions bro,generic,neutral,15,2025-06-05,dm for promotions bro,Neutral,0.02,-0.34
C00039_P004,P004,College & Hostel Life,I felt that 😭😭,validation,relatable,10,2025-06-05,i felt that,Relatable,0.935,0.34
C00040_P004,P004,College & Hostel Life,took the words right out of my mouth istg,validation,relatable,5,2025-06-05,took the words right out of my mouth istg,Relatable,0.9668,0.0
C00041_P004,P004,College & Hostel Life,ok but literally me 😭😭,validation,relatable,15,2025-06-05,ok but literally me,Relatable,0.9758,0.68
C00042_P004,P004,College & Hostel Life,when is part 2? !!,generic,neutral,10,2025-06-05,when is part !!,Neutral,0.0285,0.06
C00043_P004,P004,College & Hostel Life,not this again,ambiguous,relatable,16,2025-06-05,not this again,Neutral,0.285,0.0
C00044_P004,P004,College & Hostel Life,ok so exactly what i go through,validation,relatable,16,2025-06-05,ok so exactly what i go through,Relatable,0.9517,0.34
C00045_P004,P004,College & Hostel Life,bro my whole life 🥲🥲,validation,relatable,14,2025-06-05,bro my whole life,Relatable,0.9488,0.0
C00046_P004,P004,College & Hostel Life,you read my diary 😭😭,validation,relatable,9,2025-06-05,you read my diary,Relatable,0.9682,0.0
C00047_P004,P004,College & Hostel Life,ok this one hurt,ambiguous,neutral,10,2025-06-05,ok this one hurt,Neutral,0.4574,0.34
C00048_P004,P004,College & Hostel Life,SO TRUE,generic,neutral,14,2025-06-05,so true,Neutral,0.0315,0.34
C00049_P004,P004,College & Hostel Life,haha ture 🔥,generic,neutral,9,2025-06-05,haha ture,Neutral,0.0245,0.0
C00050_P004,P004,College & Hostel Life,why does this feel personal ?!,validation,relatable,8,2025-06-05,why does this feel personal !,Relatable,0.9388,0.2
C00051_P004,P004,College & Hostel Life,I didn't consent to being exposed 😭,validation,relatable,11,2025-06-05,i didn't consent to being exposed,Relatable,0.9666,0.0
C00052_P004,P004,College & Hostel Life,why is this too accurate pls,validation,relatable,15,2025-06-05,why is this too accurate pls,Relatable,0.9705,0.34
C00053_P004,P004,College & Hostel Life,painfully accurate!!,validation,relatable,12,2025-06-05,painfully accurate!!,Relatable,0.9494,0.74
C00054_P004,P004,College & Hostel Life,literally my everyday routine 😅,validation,relatable,11,2025-06-05,literally my everyday routine,Relatable,0.9673,0.34
C00055_P004,P004,College & Hostel Life,🔥🔥 macha,generic,neutral,7,2025-06-05,macha,Neutral,0.0302,0.0
C00056_P004,P004,College & Hostel Life,facts macha,generic,neutral,12,2025-06-05,facts macha,Neutral,0.0115,0.0
C00057_P004,P004,College & Hostel Life,free followers in bio macha,generic,neutral,18,2025-06-05,free followers in bio macha,Neutral,0.0187,-0.68
C00058_P004,P004,College & Hostel Life,hurts but fair,ambiguous,relatable,8,2025-06-05,hurts but fair,Relatable,0.5599,0.34
C00059_P004,P004,College & Hostel Life,I relate to this too much ong,validation,relatable,11,2025-06-05,i relate to this too much ong,Relatable,0.9735,0.0
C00060_P004,P004,College & Hostel Life,watched this five times already 😭,validation,relatable,14,2025-06-05,watched this five times already,Relatable,0.9518,0.0
C00061_P004,P004,College & Hostel Life,wow okay then,ambiguous,neutral,13,2025-06-05,wow okay then,Neutral,0.4985,0.0
C00062_P004,P004,College & Hostel Life,reading this at 3am was a mistake anna,validation,relatable,12,2025-06-05,reading this at am was a mistake anna,Relatable,0.9679,0.0
C00063_P004,P004,College & Hostel Life,I'm crying,ambiguous,relatable,12,2025-06-05,i'm crying,Relatable,0.5878,0.34
C00064_P004,P004,College & Hostel Life,yes because everyone does this obviously,sarcasm,neutral,10,2025-06-05,yes because everyone does this obviously,Neutral,0.0767,0.0
C00065_P004,P004,College & Hostel Life,"hold on, my last three years in one video pls",validation,relatable,9,2025-06-05,hold on my last three years in one video pls,Relatable,0.9787,0.0
C00066_P004,P004,College & Hostel Life,awesooome work macha,generic,neutral,13,2025-06-05,awesoome work macha,Neutral,0.0426,0.0
C00067_P004,P004,College & Hostel Life,reporting this for personal damage da,validation,relatable,13,2025-06-05,reporting this for personal damage da,Relatable,0.9519,0.0
C00068_P004,P004,College & Hostel Life,check my page bro,generic,neutral,14,2025-06-05,check my page bro,Neutral,0.0282,-0.68
C00000_P005,P005,Family Pressure,"came here to laugh, stayed to confront myself...",validation,relatable,6,2025-06-06,came here to laugh stayed to confront myself,Relatable,0.9669,0.34
C00001_P005,P005,Family Pressure,'log kya kahenge' has ruined more careers than failure ever did,personal_story,relatable,10,2025-06-06,'log kya kahenge' has ruined more careers than failure ever did,Relatable,0.8525,0.0
C00002_P005,P005,Family Pressure,OK SO MY EVERYDAY ROUTINE LOL,validation,relatable,11,2025-06-06,ok so my everyday routine lol,Relatable,0.9388,0.0
C00003_P005,P005,Family Pressure,the algorithm finally did something right :),generic,neutral,9,2025-06-06,the algorithm finally did something right,Neutral,0.0521,0.0
C00004_P005,P005,Family Pressure,not me the story of my life 😭😭,validation,relatable,11,2025-06-06,not me the story of my life,Relatable,0.9923,0.34
C00005_P005,P005,Family Pressure,first comment ++,generic,neutral,6,2025-06-06,first comment,Neutral,0.0263,0.0
C00006_P005,P005,Family Pressure,superb !!,generic,neutral,6,2025-06-06,superb !!,Neutral,0.0327,0.4
C00007_P005,P005,Family Pressure,haha :),generic,neutral,14,2025-06-06,haha,Neutral,0.0245,0.0
C00008_P005,P005,Family Pressure,😍 bro,generic,neutral,10,2025-06-06,bro,Neutral,0.0594,0.0
C00009_P005,P005,Family Pressure,the timing of this post is suspicious ngl,validation,relatable,7,2025-06-06,the timing of this post is suspicious ngl,Relatable,0.9751,0.0
C00010_P005,P005,Family Pressure,not me personal at this point,validation,relatable,11,2025-06-06,not me personal at this point,Relatable,0.9826,0.34
C00011_P005,P005,Family Pressure,a mood,ambiguous,neutral,13,2025-06-06,a mood,Neutral,0.3889,0.0
C00012_P005,P005,Family Pressure,WHY IS THIS PERSONAL AT THIS POINT ONG,validation,relatable,8,2025-06-06,why is this personal at this point ong,Relatable,0.9768,0.0
C00013_P005,P005,Family Pressure,"everyone overthinks, nothing special",sarcasm,neutral,12,2025-06-06,everyone overthinks nothing special,Neutral,0.0555,0.0
C00014_P005,P005,Family Pressure,great content sis,generic,neutral,7,2025-06-06,great content sis,Neutral,0.0222,-0.34
C00015_P005,P005,Family Pressure,painfully accurate lol,validation,relatable,6,2025-06-06,painfully accurate lol,Relatable,0.9086,0.68
C00016_P005,P005,Family Pressure,posted at the right time 👍,generic,neutral,11,2025-06-06,posted at the right time,Neutral,0.0522,0.0
C00017_P005,P005,Family Pressure,follow for follow? ++,generic,neutral,11,2025-06-06,follow for follow,Neutral,0.0253,-0.34
C00018_P005,P005,Family Pressure,wow so relatable 🙄,sarcasm,neutral,12,2025-06-06,wow so relatable,Neutral,0.0446,0.34
C00019_P005,P005,Family Pressure,deserves way more likes sis,generic,neutral,13,2025-06-06,deserves way more likes sis,Neutral,0.0249,0.0
C00020_P005,P005,Family Pressure,"watched this, closed the app, opened it again, watched it again. yeah. anna",validation,relatable,17,2025-06-06,watched this closed the app opened it again watched it again yeah anna,Relatable,0.9137,-0.34
C00021_P005,P005,Family Pressure,i paused. sat down. processed. same. yaar,validation,relatable,11,2025-06-06,i paused sat down processed same yaar,Relatable,0.9546,0.34
C00022_P005,P005,Family Pressure,WAIT SO ME DA,validation,relatable,9,2025-06-06,wait so me da,Relatable,0.9764,0.34
C00023_P005,P005,Family Pressure,i didn't consent to being exposed fr fr,validation,relatable,13,2025-06-06,i didn't consent to being exposed fr fr,Relatable,0.98,0.0
C00024_P005,P005,Family Pressure,excuse me my brain on a normal tuesday lmao,validation,relatable,9,2025-06-06,excuse me my brain on a normal tuesday lmao,Relatable,0.9818,0.34
C00025_P005,P005,Family Pressure,the way it me 😭😭,validation,relatable,10,2025-06-06,the way it me,Relatable,0.98,0.34
C00026_P005,P005,Family Pressure,🔥🔥 macha,generic,neutral,7,2025-06-06,macha,Neutral,0.0302,0.0
C00027_P005,P005,Family Pressure,the caption though,ambiguous,relatable,5,2025-06-06,the caption though,Relatable,0.5925,0.0
C00028_P005,P005,Family Pressure,no because my everyday routine,validation,relatable,16,2025-06-06,no because my everyday routine,Relatable,0.9501,0.0
C00029_P005,P005,Family Pressure,this speaks for my whole generation lmao,validation,relatable,14,2025-06-06,this speaks for my whole generation lmao,Relatable,0.9669,0.0
C00030_P005,P005,Family Pressure,THIS IS LITERALLY ME ANNA,validation,relatable,12,2025-06-06,this is literally me anna,Relatable,0.9715,0.68
C00031_P005,P005,Family Pressure,FACTS SIS,generic,neutral,10,2025-06-06,facts sis,Neutral,0.0304,0.0
C00032_P005,P005,Family Pressure,THE EDIT QUALITY IS INSANE :),generic,neutral,8,2025-06-06,the edit quality is insane,Neutral,0.0239,-0.34
C00033_P005,P005,Family Pressure,YOU READ MY DIARY YAAR,validation,relatable,8,2025-06-06,you read my diary yaar,Relatable,0.9641,0.0
C00034_P005,P005,Family Pressure,wait my biography ?!,validation,relatable,9,2025-06-06,wait my biography !,Relatable,0.9727,0.2
C00035_P005,P005,Family Pressure,background music name? btw,generic,neutral,11,2025-06-06,background music name btw,Neutral,0.0168,-0.34
C00036_P005,P005,Family Pressure,any tips for the 2am version of this?,question,neutral,12,2025-06-06,any tips for the am version of this,Neutral,0.104,-0.34
C00037_P005,P005,Family Pressure,reporting this for personal damage 😅,validation,relatable,12,2025-06-06,reporting this for personal damage,Relatable,0.9503,0.0
C00038_P005,P005,Family Pressure,cool edit 👍,generic,neutral,9,2025-06-06,cool edit,Neutral,0.0241,-0.68
C00039_P005,P005,Family Pressure,no because my whole life...,validation,relatable,16,2025-06-06,no because my whole life,Relatable,0.9748,0.0
C00040_P005,P005,Family Pressure,not me my brain on a normal tuesday ngl,validation,relatable,13,2025-06-06,not me my brain on a normal tuesday ngl,Relatable,0.9902,0.34
C00041_P005,P005,Family Pressure,how do you deal with this though?,question,neutral,11,2025-06-06,how do you deal with this though,Neutral,0.1266,0.0
C00042_P005,P005,Family Pressure,"I'm the family NGO, free labour included",personal_story,relatable,12,2025-06-06,i'm the family ngo free labour included,Relatable,0.8586,-0.34
C00043_P005,P005,Family Pressure,sir this is my diary page ong,validation,relatable,10,2025-06-06,sir this is my diary page ong,Relatable,0.9769,-0.34
C00044_P005,P005,Family Pressure,"found this page today, already binged everything!",generic,neutral,9,2025-06-06,found this page today already binged everything!,Neutral,0.0228,-0.14
C00045_P005,P005,Family Pressure,why does this feel personal 😭,validation,relatable,10,2025-06-06,why does this feel personal,Relatable,0.9388,0.0
C00046_P005,P005,Family Pressure,can you do one on exam results?,question,neutral,13,2025-06-06,can you do one on exam results,Neutral,0.1137,0.0
C00047_P005,P005,Family Pressure,I can't,ambiguous,neutral,5,2025-06-06,i can't,Neutral,0.4107,0.0
C00048_P005,P005,Family Pressure,🔥🔥 BRO,generic,neutral,7,2025-06-06,bro,Neutral,0.0594,0.0
C00049_P005,P005,Family Pressure,this is so me fr fr,validation,relatable,6,2025-06-06,this is so me fr fr,Relatable,0.9868,0.34
C00050_P005,P005,Family Pressure,follow for follow? btw,generic,neutral,6,2025-06-06,follow for follow btw,Neutral,0.0129,-0.34
C00051_P005,P005,Family Pressure,"why does this have no likes, underrated",question,neutral,14,2025-06-06,why does this have no likes underrated,Neutral,0.0679,0.0
C00052_P005,P005,Family Pressure,love this page 👍,generic,neutral,12,2025-06-06,love this page,Neutral,0.0197,-0.34
C00053_P005,P005,Family Pressure,painfully accurate 😭😭,validation,relatable,10,2025-06-06,painfully accurate,Relatable,0.9494,0.68
C00054_P005,P005,Family Pressure,exactly.,ambiguous,neutral,7,2025-06-06,exactly,Neutral,0.3346,0.34
C00055_P005,P005,Family Pressure,song name please? :),generic,neutral,11,2025-06-06,song name please,Neutral,0.019,-0.34
C00056_P005,P005,Family Pressure,painfully accurate pls,validation,relatable,10,2025-06-06,painfully accurate pls,Relatable,0.9379,0.68
C00057_P005,P005,Family Pressure,every frame is my biography lmao,validation,relatable,8,2025-06-06,every frame is my biography lmao,Relatable,0.9763,0.0
C00058_P005,P005,Family Pressure,seen.,ambiguous,relatable,10,2025-06-06,seen,Neutral,0.4816,0.34
C00059_P005,P005,Family Pressure,posted at the right time btw,generic,neutral,10,2025-06-06,posted at the right time btw,Neutral,0.0322,0.0
C00060_P005,P005,Family Pressure,the timing of this post is suspicious bhai,validation,relatable,12,2025-06-06,the timing of this post is suspicious bhai,Relatable,0.9737,0.0
C00061_P005,P005,Family Pressure,sadly accurate,ambiguous,neutral,12,2025-06-06,sadly accurate,Relatable,0.5629,0.34
C00062_P005,P005,Family Pressure,excuse me exactly what i go through ong,validation,relatable,6,2025-06-06,excuse me exactly what i go through ong,Relatable,0.9791,0.68
C00063_P005,P005,Family Pressure,this is my whole life fr,validation,relatable,10,2025-06-06,this is my whole life fr,Relatable,0.9913,0.0
C00064_P005,P005,Family Pressure,part 2 please?,question,neutral,12,2025-06-06,part please,Neutral,0.0278,-0.34
C00065_P005,P005,Family Pressure,literally my last three yeeears in one video lol,validation,relatable,11,2025-06-06,literally my last three yeears in one video lol,Relatable,0.9637,0.34
C00066_P005,P005,Family Pressure,you read my diary fr,validation,relatable,14,2025-06-06,you read my diary fr,Relatable,0.9711,0.0
C00067_P005,P005,Family Pressure,"HOLD ON, SCREENSHOT OF MY HEAD LMAOO",validation,relatable,12,2025-06-06,hold on screenshot of my head lmaoo,Relatable,0.9768,0.0
C00068_P005,P005,Family Pressure,hello?? literally me,validation,relatable,8,2025-06-06,hello literally me,Relatable,0.9694,0.68
C00069_P005,P005,Family Pressure,I agree 🔥,generic,neutral,7,2025-06-06,i agree,Neutral,0.0316,0.0
C00070_P005,P005,Family Pressure,"came here to laugh, stayed to confront myself fr fr",validation,relatable,12,2025-06-06,came here to laugh stayed to confront myself fr fr,Relatable,0.9793,0.34
C00071_P005,P005,Family Pressure,it's too accurate fr fr,validation,relatable,5,2025-06-06,it's too accurate fr fr,Relatable,0.9832,0.34
C00072_P005,P005,Family Pressure,saved this for the next time it happens da,validation,relatable,11,2025-06-06,saved this for the next time it happens da,Relatable,0.9566,0.0
C00073_P005,P005,Family Pressure,stop describing me yaar,validation,relatable,16,2025-06-06,stop describing me yaar,Relatable,0.9639,0.34
C00074_P005,P005,Family Pressure,I DIDN'T CONSENT TO BEING EXPOSED,validation,relatable,11,2025-06-06,i didn't consent to being exposed,Relatable,0.9666,0.0
C00075_P005,P005,Family Pressure,I'm in this post and I don't like it fr,validation,relatable,10,2025-06-06,i'm in this post and i don't like it fr,Relatable,0.9723,0.0
C00076_P005,P005,Family Pressure,saved this for the next time it happens lmaoo,validation,relatable,12,2025-06-06,saved this for the next time it happens lmaoo,Relatable,0.9567,0.0
C00077_P005,P005,Family Pressure,dm for promotions !!,generic,neutral,10,2025-06-06,dm for promotions !!,Neutral,0.0208,0.06
C00078_P005,P005,Family Pressure,haha true btw,generic,neutral,11,2025-06-06,haha true btw,Neutral,0.0079,0.34
C00079_P005,P005,Family Pressure,great content btw,generic,neutral,16,2025-06-06,great content btw,Neutral,0.0213,-0.34
C00080_P005,P005,Family Pressure,haha ++,generic,neutral,10,2025-06-06,haha,Neutral,0.0245,0.0
C00081_P005,P005,Family Pressure,THIS IS LITERALLY ME BHAI,validation,relatable,16,2025-06-06,this is literally me bhai,Relatable,0.9743,0.68
C00082_P005,P005,Family Pressure,bro me in one post pls,validation,relatable,15,2025-06-06,bro me in one post pls,Relatable,0.9203,0.34
C00083_P005,P005,Family Pressure,awesome work ++,generic,neutral,8,2025-06-06,awesome work,Neutral,0.0299,-0.34
C00084_P005,P005,Family Pressure,i didn't consent to being exposed ngl,validation,relatable,7,2025-06-06,i didn't consent to being exposed ngl,Relatable,0.9774,0.0
C00085_P005,P005,Family Pressure,who hurt you bro,sarcasm,neutral,7,2025-06-06,who hurt you bro,Neutral,0.0399,0.34
C00086_P005,P005,Family Pressure,smooth transitions btw,generic,neutral,5,2025-06-06,smooth transitions btw,Neutral,0.0248,0.0
C00087_P005,P005,Family Pressure,fr exactly what i go through ?!,validation,relatable,7,2025-06-06,fr exactly what i go through !,Relatable,0.9613,0.54
C00088_P005,P005,Family Pressure,literally exactly what I go through 💀,validation,relatable,12,2025-06-06,literally exactly what i go through,Relatable,0.9614,0.68
C00089_P005,P005,Family Pressure,true bro,generic,neutral,7,2025-06-06,true bro,Neutral,0.0222,0.34
C00000_P006,P006,Self-Image & Comparison,every frame is my biography ?!,validation,relatable,12,2025-06-08,every frame is my biography !,Relatable,0.9774,0.2
C00001_P006,P006,Self-Image & Comparison,my therapist and my group chat will hear about this post lol,validation,relatable,14,2025-06-08,my therapist and my group chat will hear about this post lol,Relatable,0.9357,0.0
C00002_P006,P006,Self-Image & Comparison,not me so me yaar,validation,relatable,13,2025-06-08,not me so me yaar,Relatable,0.9796,0.34
C00003_P006,P006,Self-Image & Comparison,I agree !!,generic,neutral,13,2025-06-08,i agree !!,Neutral,0.0316,0.4
C00004_P006,P006,Self-Image & Comparison,no because too accurate anna,validation,relatable,9,2025-06-08,no because too accurate anna,Relatable,0.9543,0.34
C00005_P006,P006,Self-Image & Comparison,cool edit 👍,generic,neutral,8,2025-06-08,cool edit,Neutral,0.0241,-0.68
C00006_P006,P006,Self-Image & Comparison,any tips for the 2am version of this?,question,neutral,13,2025-06-08,any tips for the am version of this,Neutral,0.104,-0.34
C00007_P006,P006,Self-Image & Comparison,fr literally me,validation,relatable,13,2025-06-08,fr literally me,Relatable,0.9951,0.68
C00008_P006,P006,Self-Image & Comparison,who hurt you bro,sarcasm,neutral,18,2025-06-08,who hurt you bro,Neutral,0.0399,0.34
C00009_P006,P006,Self-Image & Comparison,what camera do you use?,question,neutral,10,2025-06-08,what camera do you use,Neutral,0.0565,0.0
C00010_P006,P006,Self-Image & Comparison,"another relatable page, how original",sarcasm,neutral,10,2025-06-08,another relatable page how original,Neutral,0.0229,0.0
C00011_P006,P006,Self-Image & Comparison,"uninstalled Instagram twice, reinstalled in a day",personal_story,relatable,13,2025-06-08,uninstalled instagram twice reinstalled in a day,Relatable,0.8956,0.0
C00012_P006,P006,Self-Image & Comparison,genuinely how do you konw my life lmao,validation,relatable,9,2025-06-08,genuinely how do you konw my life lmao,Relatable,0.8919,0.0
C00013_P006,P006,Self-Image & Comparison,😍 👍,generic,neutral,15,2025-06-08,,Neutral,0.2792,0.0
C00014_P006,P006,Self-Image & Comparison,this is too accurate ngl,validation,relatable,14,2025-06-08,this is too accurate ngl,Relatable,0.9636,0.34
C00015_P006,P006,Self-Image & Comparison,nah so me lmao,validation,relatable,10,2025-06-08,nah so me lmao,Relatable,0.9614,0.34
C00016_P006,P006,Self-Image & Comparison,persooonal at this point fr fr,validation,relatable,13,2025-06-08,persoonal at this point fr fr,Relatable,0.9367,0.0
C00017_P006,P006,Self-Image & Comparison,fr too real anna,validation,relatable,13,2025-06-08,fr too real anna,Relatable,0.8988,0.34
C00018_P006,P006,Self-Image & Comparison,haha 👍,generic,neutral,7,2025-06-08,haha,Neutral,0.0245,0.0
C00019_P006,P006,Self-Image & Comparison,can you do one on exam results?,question,neutral,15,2025-06-08,can you do one on exam results,Neutral,0.1137,0.0
C00020_P006,P006,Self-Image & Comparison,no yeah,ambiguous,neutral,11,2025-06-08,no yeah,Neutral,0.2512,0.0
C00021_P006,P006,Self-Image & Comparison,superb macha,generic,neutral,14,2025-06-08,superb macha,Neutral,0.0289,0.0
C00022_P006,P006,Self-Image & Comparison,hello?? too accurate bhai,validation,relatable,9,2025-06-08,hello too accurate bhai,Relatable,0.9523,0.34
C00023_P006,P006,Self-Image & Comparison,this is just basic psychology,sarcasm,neutral,15,2025-06-08,this is just basic psychology,Neutral,0.0677,0.0
C00024_P006,P006,Self-Image & Comparison,"hold on, too real...",validation,relatable,10,2025-06-08,hold on too real,Relatable,0.8944,0.34
C00025_P006,P006,Self-Image & Comparison,I'm going to pretend I didn't read this,validation,relatable,5,2025-06-08,i'm going to pretend i didn't read this,Relatable,0.9746,0.0
C00026_P006,P006,Self-Image & Comparison,the last line though,ambiguous,neutral,15,2025-06-08,the last line though,Neutral,0.2926,0.0
C00027_P006,P006,Self-Image & Comparison,"came here to laugh, stayed to confront myself 🥲",validation,relatable,7,2025-06-08,came here to laugh stayed to confront myself,Relatable,0.9669,0.34
C00028_P006,P006,Self-Image & Comparison,underrated page fr,generic,neutral,9,2025-06-08,underrated page fr,Neutral,0.0312,-0.34
C00029_P006,P006,Self-Image & Comparison,not me me in one post fr fr,validation,relatable,16,2025-06-08,not me me in one post fr fr,Relatable,0.9884,0.34
C00030_P006,P006,Self-Image & Comparison,your page will blow up sis,generic,neutral,16,2025-06-08,your page will blow up sis,Neutral,0.0138,-0.34
C00031_P006,P006,Self-Image & Comparison,background music name?,generic,neutral,11,2025-06-08,background music name,Neutral,0.0226,-0.34
C00032_P006,P006,Self-Image & Comparison,wow,ambiguous,neutral,12,2025-06-08,wow,Neutral,0.214,0.0
C00033_P006,P006,Self-Image & Comparison,is that your real voice?,question,neutral,10,2025-06-08,is that your real voice,Neutral,0.1107,0.34
C00034_P006,P006,Self-Image & Comparison,personally attacked,ambiguous,relatable,9,2025-06-08,personally attacked,Neutral,0.238,0.34
C00035_P006,P006,Self-Image & Comparison,"came here to laugh, stayed to confront myself 🥲🥲",validation,relatable,9,2025-06-08,came here to laugh stayed to confront myself,Relatable,0.9669,0.34
C00036_P006,P006,Self-Image & Comparison,sending this to the group chat with no context,validation,relatable,12,2025-06-08,sending this to the group chat with no context,Relatable,0.9566,0.0
C00037_P006,P006,Self-Image & Comparison,sir this is my idary page,validation,relatable,13,2025-06-08,sir this is my idary page,Relatable,0.907,-0.34
C00038_P006,P006,Self-Image & Comparison,no because my whole life pls,validation,relatable,13,2025-06-08,no because my whole life pls,Relatable,0.9719,0.0
C00039_P006,P006,Self-Image & Comparison,reporting this for personal damage pls,validation,relatable,13,2025-06-08,reporting this for personal damage pls,Relatable,0.9663,0.0
C00040_P006,P006,Self-Image & Comparison,sending this to the group chat with no context!!,validation,relatable,7,2025-06-08,sending this to the group chat with no context!!,Relatable,0.9566,0.4
C00041_P006,P006,Self-Image & Comparison,hello?? the story of my life pls,validation,relatable,11,2025-06-08,hello the story of my life pls,Relatable,0.9831,0.0
C00042_P006,P006,Self-Image & Comparison,ok so a documentary about me lol,validation,relatable,6,2025-06-08,ok so a documentary about me lol,Relatable,0.9635,0.34
C00043_P006,P006,Self-Image & Comparison,awesome work :),generic,neutral,11,2025-06-08,awesome work,Neutral,0.0299,-0.34
C00044_P006,P006,Self-Image & Comparison,okay but same,ambiguous,relatable,10,2025-06-08,okay but same,Neutral,0.4851,0.34
C00045_P006,P006,Self-Image & Comparison,facts bro,generic,neutral,14,2025-06-08,facts bro,Neutral,0.0378,0.0
C00046_P006,P006,Self-Image & Comparison,no because too accurate 🥲,validation,relatable,10,2025-06-08,no because too accurate,Relatable,0.9477,0.34
C00047_P006,P006,Self-Image & Comparison,lol ok !!,generic,neutral,7,2025-06-08,lol ok !!,Neutral,0.0618,0.4
C00048_P006,P006,Self-Image & Comparison,its too accurate 🥲,validation,relatable,8,2025-06-08,its too accurate,Relatable,0.8839,0.34
C00049_P006,P006,Self-Image & Comparison,"why does this have no likes, underrated",question,neutral,13,2025-06-08,why does this have no likes underrated,Neutral,0.0679,0.0
C00050_P006,P006,Self-Image & Comparison,lol ok sis,generic,neutral,12,2025-06-08,lol ok sis,Neutral,0.0364,0.0
C00051_P006,P006,Self-Image & Comparison,your page will blow up !!,generic,neutral,7,2025-06-08,your page will blow up !!,Neutral,0.0171,0.06
C00052_P006,P006,Self-Image & Comparison,this speaks for my whole generation ong,validation,relatable,7,2025-06-08,this speaks for my whole generation ong,Relatable,0.9754,0.0
C00053_P006,P006,Self-Image & Comparison,everyone my age is achieving things and I'm here,personal_story,relatable,12,2025-06-08,everyone my age is achieving things and i'm here,Relatable,0.8981,0.0
C00054_P006,P006,Self-Image & Comparison,nah my whole life,validation,relatable,7,2025-06-08,nah my whole life,Relatable,0.9817,0.0
C00055_P006,P006,Self-Image & Comparison,kinda yes,ambiguous,relatable,14,2025-06-08,kinda yes,Relatable,0.7286,0.0
C00056_P006,P006,Self-Image & Comparison,who allowed you to expose me like this no cap,validation,relatable,12,2025-06-08,who allowed you to expose me like this no cap,Relatable,0.968,0.34
C00057_P006,P006,Self-Image & Comparison,this speaks for my whole generation!!,validation,relatable,7,2025-06-08,this speaks for my whole generation!!,Relatable,0.9631,0.4
C00058_P006,P006,Self-Image & Comparison,you read my diary 😭😭,validation,relatable,7,2025-06-08,you read my diary,Relatable,0.9682,0.0
C00059_P006,P006,Self-Image & Comparison,"sure, totally me",sarcasm,neutral,18,2025-06-08,sure totally me,Neutral,0.0829,0.34
C00060_P006,P006,Self-Image & Comparison,love htis page macha,generic,neutral,10,2025-06-08,love htis page macha,Neutral,0.0184,-0.34
C00061_P006,P006,Self-Image & Comparison,haha,generic,neutral,10,2025-06-08,haha,Neutral,0.0245,0.0
C00062_P006,P006,Self-Image & Comparison,reporting this for personal damage da,validation,relatable,13,2025-06-08,reporting this for personal damage da,Relatable,0.9519,0.0
C00063_P006,P006,Self-Image & Comparison,i live this every single day,validation,relatable,16,2025-06-08,i live this every single day,Relatable,0.9365,0.0
C00064_P006,P006,Self-Image & Comparison,I can't,ambiguous,relatable,18,2025-06-08,i can't,Neutral,0.4107,0.0
C00065_P006,P006,Self-Image & Comparison,🔥🔥,generic,neutral,13,2025-06-08,,Neutral,0.2792,0.0
C00000_P007,P007,Social Anxiety,nah exactly what i go through...,validation,relatable,5,2025-06-09,nah exactly what i go through,Relatable,0.9582,0.34
C00001_P007,P007,Social Anxiety,realest thing on my feed today,ambiguous,relatable,10,2025-06-09,realest thing on my feed today,Relatable,0.5428,0.0
C00002_P007,P007,Social Anxiety,my hands shake when the phone rings too,personal_story,relatable,6,2025-06-09,my hands shake when the phone rings too,Relatable,0.9051,0.0
C00003_P007,P007,Social Anxiety,keep it up !!,generic,neutral,7,2025-06-09,keep it up !!,Neutral,0.0382,0.4
C00004_P007,P007,Social Anxiety,that hit close to home pls,validation,relatable,7,2025-06-09,that hit close to home pls,Relatable,0.9501,0.34
C00005_P007,P007,Social Anxiety,i agree 🔥,generic,neutral,12,2025-06-09,i agree,Neutral,0.0316,0.0
C00006_P007,P007,Social Anxiety,cool edit 👍,generic,neutral,13,2025-06-09,cool edit,Neutral,0.0241,-0.68
C00007_P007,P007,Social Anxiety,"another relatable page, how original",sarcasm,neutral,11,2025-06-09,another relatable page how original,Neutral,0.0229,0.0
C00008_P007,P007,Social Anxiety,true,generic,neutral,16,2025-06-09,true,Neutral,0.0084,0.34
C00009_P007,P007,Social Anxiety,"I rehearse before ordering coffee, no exaggeration",personal_story,relatable,10,2025-06-09,i rehearse before ordering coffee no exaggeration,Relatable,0.8775,0.0
C00010_P007,P007,Social Anxiety,follow for follow? ++,generic,neutral,9,2025-06-09,follow for follow,Neutral,0.0253,-0.34
C00011_P007,P007,Social Anxiety,"SURE, TOTALLY ME",sarcasm,neutral,14,2025-06-09,sure totally me,Neutral,0.0829,0.34
C00012_P007,P007,Social Anxiety,I paused. sat down. processed. same. da,validation,relatable,8,2025-06-09,i paused sat down processed same da,Relatable,0.9561,0.34
C00013_P007,P007,Social Anxiety,"hold on, screenshot of my head lol",validation,relatable,16,2025-06-09,hold on screenshot of my head lol,Relatable,0.9697,0.0
C00014_P007,P007,Social Anxiety,reporting this for personal damage ngl,validation,relatable,5,2025-06-09,reporting this for personal damage ngl,Relatable,0.9544,0.0
C00000_P008,P008,Dating & Situationships,thats exactly what I go through fr fr,validation,relatable,10,2025-06-11,thats exactly what i go through fr fr,Relatable,0.9743,0.34
C00001_P008,P008,Dating & Situationships,wait too real,validation,relatable,12,2025-06-11,wait too real,Relatable,0.8324,0.34
C00002_P008,P008,Dating & Situationships,free followers in bio sis,generic,neutral,11,2025-06-11,free followers in bio sis,Neutral,0.0239,-0.68
C00003_P008,P008,Dating & Situationships,superb btw,generic,neutral,15,2025-06-11,superb btw,Neutral,0.0119,0.0
C00004_P008,P008,Dating & Situationships,literally screenshot of my head 😭😭,validation,relatable,6,2025-06-11,literally screenshot of my head,Relatable,0.9748,0.34
C00005_P008,P008,Dating & Situationships,he said 'we'll see' and I said ok like a fool,personal_story,relatable,9,2025-06-11,he said 'we'll see' and i said ok like a fool,Relatable,0.8539,0.0
C00006_P008,P008,Dating & Situationships,"came here to laugh, stayed to confront myself anna",validation,relatable,16,2025-06-11,came here to laugh stayed to confront myself anna,Relatable,0.9759,0.34
C00007_P008,P008,Dating & Situationships,mine left me on delivered for 3 days 😭,personal_story,relatable,14,2025-06-11,mine left me on delivered for days,Relatable,0.9144,0.34
C00008_P008,P008,Dating & Situationships,part 3 when?,question,neutral,10,2025-06-11,part when,Neutral,0.0328,-0.34
C00009_P008,P008,Dating & Situationships,why does this feel personal fr,validation,relatable,12,2025-06-11,why does this feel personal fr,Relatable,0.9527,0.0
C00010_P008,P008,Dating & Situationships,follow for follow? 🔥,generic,neutral,9,2025-06-11,follow for follow,Neutral,0.0253,-0.34
C00011_P008,P008,Dating & Situationships,excuse me it me lmaoo,validation,relatable,8,2025-06-11,excuse me it me lmaoo,Relatable,0.976,0.34
C00012_P008,P008,Dating & Situationships,what's the song used here?,question,neutral,10,2025-06-11,what's the song used here,Neutral,0.0843,-0.34
C00013_P008,P008,Dating & Situationships,painfully accurate 💀,validation,relatable,10,2025-06-11,painfully accurate,Relatable,0.9494,0.68
C00014_P008,P008,Dating & Situationships,can you make one about exams?,question,neutral,11,2025-06-11,can you make one about exams,Neutral,0.0733,0.0
C00015_P008,P008,Dating & Situationships,yeah no,ambiguous,neutral,7,2025-06-11,yeah no,Neutral,0.1506,0.0
C00016_P008,P008,Dating & Situationships,LOVE THIS PAGE SIS,generic,neutral,17,2025-06-11,love this page sis,Neutral,0.0164,-0.34
C00017_P008,P008,Dating & Situationships,wait the story of my life 😭,validation,relatable,18,2025-06-11,wait the story of my life,Relatable,0.986,0.0
C00018_P008,P008,Dating & Situationships,underrated page fr :),generic,neutral,12,2025-06-11,underrated page fr,Neutral,0.0312,-0.34
C00019_P008,P008,Dating & Situationships,the edit quality is insane ++,generic,neutral,11,2025-06-11,the edit quality is insane,Neutral,0.0239,-0.34
C00020_P008,P008,Dating & Situationships,keep it up,generic,neutral,9,2025-06-11,keep it up,Neutral,0.0382,0.0
C00021_P008,P008,Dating & Situationships,this is literally me bhai,validation,relatable,13,2025-06-11,this is literally me bhai,Relatable,0.9743,0.68
C00022_P008,P008,Dating & Situationships,im going to pretend i didn't read this istg,validation,relatable,12,2025-06-11,im going to pretend i didn't read this istg,Relatable,0.9566,0.0
C00023_P008,P008,Dating & Situationships,every frame is my biography bhai,validation,relatable,8,2025-06-11,every frame is my biography bhai,Relatable,0.9752,0.0
C00024_P008,P008,Dating & Situationships,not me my brain on a normal tuesday,validation,relatable,15,2025-06-11,not me my brain on a normal tuesday,Relatable,0.9862,0.34
C00025_P008,P008,Dating & Situationships,what app is this?,question,neutral,14,2025-06-11,what app is this,Neutral,0.0518,-0.34
C00026_P008,P008,Dating & Situationships,"hold on, my everyday routine pls",validation,relatable,16,2025-06-11,hold on my everyday routine pls,Relatable,0.9764,0.0
C00027_P008,P008,Dating & Situationships,the way so me fr,validation,relatable,13,2025-06-11,the way so me fr,Relatable,0.9822,0.34
C00028_P008,P008,Dating & Situationships,who allowed you to expose me like this pls,validation,relatable,12,2025-06-11,who allowed you to expose me like this pls,Relatable,0.9646,0.34
C00029_P008,P008,Dating & Situationships,took the words right out of my mouth,validation,relatable,10,2025-06-11,took the words right out of my mouth,Relatable,0.9668,0.0
C00030_P008,P008,Dating & Situationships,it's too accurate lmao,validation,relatable,15,2025-06-11,it's too accurate lmao,Relatable,0.9752,0.34
C00031_P008,P008,Dating & Situationships,why is this my brain on a normal tuesday fr,validation,relatable,14,2025-06-11,why is this my brain on a normal tuesday fr,Relatable,0.9696,0.0
C00032_P008,P008,Dating & Situationships,hurts but fair,ambiguous,relatable,6,2025-06-11,hurts but fair,Relatable,0.5599,0.34
C00033_P008,P008,Dating & Situationships,hello?? my last three years in one video da,validation,relatable,5,2025-06-11,hello my last three years in one video da,Relatable,0.9742,0.0
C00034_P008,P008,Dating & Situationships,KEEP IT UP MACHA,generic,neutral,10,2025-06-11,keep it up macha,Neutral,0.0248,0.0
C00035_P008,P008,Dating & Situationships,I DIDN'T CONSENT TO BEING EXPOSED NGL,validation,relatable,13,2025-06-11,i didn't consent to being exposed ngl,Relatable,0.9774,0.0
C00036_P008,P008,Dating & Situationships,sir this is my diary page anna,validation,relatable,18,2025-06-11,sir this is my diary page anna,Relatable,0.9756,-0.34
C00037_P008,P008,Dating & Situationships,why is this it me ong,validation,relatable,8,2025-06-11,why is this it me ong,Relatable,0.9705,0.34
C00038_P008,P008,Dating & Situationships,"why does this have no likes, underrated",question,neutral,11,2025-06-11,why does this have no likes underrated,Neutral,0.0679,0.0
C00039_P008,P008,Dating & Situationships,can we get a version with english subtitles?,question,neutral,10,2025-06-11,can we get a version with english subtitles,Neutral,0.0604,0.0
C00040_P008,P008,Dating & Situationships,ok this is a mood,ambiguous,neutral,17,2025-06-11,ok this is a mood,Neutral,0.3186,0.0
C00041_P008,P008,Dating & Situationships,not to be dramatic but this post understood me better than my last three conversations yaar,validation,relatable,14,2025-06-11,not to be dramatic but this post understood me better than my last three conversations yaar,Relatable,0.9573,0.68
C00042_P008,P008,Dating & Situationships,UNCOMFORTABLY ACCURATE,ambiguous,neutral,14,2025-06-11,uncomfortably accurate,Neutral,0.1746,0.34
C00043_P008,P008,Dating & Situationships,the edit quality is insaen :),generic,neutral,10,2025-06-11,the edit quality is insaen,Neutral,0.0378,-0.34
C00044_P008,P008,Dating & Situationships,is this based on real events?,question,neutral,10,2025-06-11,is this based on real events,Neutral,0.0778,0.34
C00045_P008,P008,Dating & Situationships,supeeerb 🔥,generic,neutral,9,2025-06-11,supeerb,Neutral,0.2792,0.0
C00046_P008,P008,Dating & Situationships,yes because everyone does this obviously,sarcasm,neutral,6,2025-06-11,yes because everyone does this obviously,Neutral,0.0767,0.0
C00047_P008,P008,Dating & Situationships,sir this is my diary page fr fr,validation,relatable,14,2025-06-11,sir this is my diary page fr fr,Relatable,0.9711,-0.34
C00048_P008,P008,Dating & Situationships,lol ok,generic,neutral,13,2025-06-11,lol ok,Neutral,0.0618,0.0
C00049_P008,P008,Dating & Situationships,first comment bro,generic,neutral,22,2025-06-11,first comment bro,Neutral,0.0249,0.0
C00050_P008,P008,Dating & Situationships,why is nobody talking about how accurate this is,ambiguous,neutral,19,2025-06-11,why is nobody talking about how accurate this is,Relatable,0.56,0.34
C00051_P008,P008,Dating & Situationships,I'm going to pretend I didn't read this istg,validation,relatable,11,2025-06-11,i'm going to pretend i didn't read this istg,Relatable,0.9716,0.0
C00052_P008,P008,Dating & Situationships,"another relatable page, how original",sarcasm,neutral,13,2025-06-11,another relatable page how original,Neutral,0.0229,0.0
C00053_P008,P008,Dating & Situationships,this is a documentary about me 🥲🥲,validation,relatable,16,2025-06-11,this is a documentary about me,Relatable,0.9667,0.34
C00000_P009,P009,Money Struggles,true :),generic,neutral,12,2025-06-12,true,Neutral,0.0084,0.34
C00001_P009,P009,Money Struggles,TREU THAT !!,generic,neutral,12,2025-06-12,treu that !!,Neutral,0.3866,0.4
C00002_P009,P009,Money Struggles,true that macha,generic,neutral,10,2025-06-12,true that macha,Neutral,0.0104,0.34
C00003_P009,P009,Money Struggles,it's too accurate istg,validation,relatable,7,2025-06-12,it's too accurate istg,Relatable,0.9672,0.34
C00004_P009,P009,Money Struggles,not me screenshot of my head fr,validation,relatable,12,2025-06-12,not me screenshot of my head fr,Relatable,0.9902,0.34
C00005_P009,P009,Money Struggles,saved this for the next time it happens ong,validation,relatable,11,2025-06-12,saved this for the next time it happens ong,Relatable,0.9654,0.0
C00006_P009,P009,Money Struggles,wait my everyday routine ?!,validation,relatable,13,2025-06-12,wait my everyday routine !,Relatable,0.9574,0.2
C00007_P009,P009,Money Struggles,sending this to the group chat with no context lmao,validation,relatable,11,2025-06-12,sending this to the group chat with no context lmao,Relatable,0.9695,0.0
C00008_P009,P009,Money Struggles,genuinely how do you know my life 😅,validation,relatable,14,2025-06-12,genuinely how do you know my life,Relatable,0.9197,0.0
C00009_P009,P009,Money Struggles,haha sis,generic,neutral,11,2025-06-12,haha sis,Neutral,0.0296,0.0
C00010_P009,P009,Money Struggles,not me a documentary abuot me pls,validation,relatable,11,2025-06-12,not me a documentary abuot me pls,Relatable,0.9735,0.34
C00011_P009,P009,Money Struggles,wait my whole life no cap,validation,relatable,14,2025-06-12,wait my whole life no cap,Relatable,0.9843,0.0
C00012_P009,P009,Money Struggles,which app is this?,generic,neutral,10,2025-06-12,which app is this,Neutral,0.025,-0.34
C00013_P009,P009,Money Struggles,the timing of this post is suspicious 😭😭,validation,relatable,8,2025-06-12,the timing of this post is suspicious,Relatable,0.9637,0.0
C00014_P009,P009,Money Struggles,i paused. sat down. processed. same. anna,validation,relatable,5,2025-06-12,i paused sat down processed same anna,Relatable,0.9674,0.34
C00015_P009,P009,Money Struggles,I live this every single day da,validation,relatable,13,2025-06-12,i live this every single day da,Relatable,0.9432,0.0
C00016_P009,P009,Money Struggles,the way the story of my life fr fr,validation,relatable,12,2025-06-12,the way the story of my life fr fr,Relatable,0.9892,0.0
C00017_P009,P009,Money Struggles,ok but a documentary about me yaar,validation,relatable,12,2025-06-12,ok but a documentary about me yaar,Relatable,0.9642,0.34
C00018_P009,P009,Money Struggles,this is so me...,validation,relatable,8,2025-06-12,this is so me,Relatable,0.9807,0.34
C00019_P009,P009,Money Struggles,exactly this,ambiguous,neutral,8,2025-06-12,exactly this,Relatable,0.5504,0.34
C00020_P009,P009,Money Struggles,who allowed you to expose me like this no cap,validation,relatable,5,2025-06-12,who allowed you to expose me like this no cap,Relatable,0.968,0.34
C00021_P009,P009,Money Struggles,crying,ambiguous,neutral,10,2025-06-12,crying,Relatable,0.5878,0.34
C00022_P009,P009,Money Struggles,who hurt you bro,sarcasm,neutral,11,2025-06-12,who hurt you bro,Neutral,0.0399,0.34
C00023_P009,P009,Money Struggles,Rs.200 is not small when you have Rs.400,personal_story,relatable,10,2025-06-12,rs is not small when you have rs,Relatable,0.8715,0.0
C00024_P009,P009,Money Struggles,ok but so me bhai,validation,relatable,10,2025-06-12,ok but so me bhai,Relatable,0.9534,0.34
C00025_P009,P009,Money Struggles,excuse me exactly what I go through anna,validation,relatable,15,2025-06-12,excuse me exactly what i go through anna,Relatable,0.9774,0.68
C00026_P009,P009,Money Struggles,not me personal at this point 😭,validation,relatable,10,2025-06-12,not me personal at this point,Relatable,0.9826,0.34
C00027_P009,P009,Money Struggles,every frame is my biography fr,validation,relatable,11,2025-06-12,every frame is my biography fr,Relatable,0.9777,0.0
C00028_P009,P009,Money Struggles,love this page 🔥,generic,neutral,13,2025-06-12,love this page,Neutral,0.0197,-0.34
C00029_P009,P009,Money Struggles,awesome work!,generic,neutral,10,2025-06-12,awesome work!,Neutral,0.0299,-0.14
C00030_P009,P009,Money Struggles,I relate to this too much...,validation,relatable,12,2025-06-12,i relate to this too much,Relatable,0.9599,0.0
C00031_P009,P009,Money Struggles,sir this is my diary page,validation,relatable,14,2025-06-12,sir this is my diary page,Relatable,0.9648,-0.34
C00032_P009,P009,Money Struggles,literally too real 🥲🥲,validation,relatable,16,2025-06-12,literally too real,Relatable,0.8864,0.68
C00033_P009,P009,Money Struggles,I've never been so seen ?!,validation,relatable,8,2025-06-12,i've never been so seen !,Relatable,0.9208,0.54
C00034_P009,P009,Money Struggles,this is literally me no cap,validation,relatable,15,2025-06-12,this is literally me no cap,Relatable,0.979,0.68
C00035_P009,P009,Money Struggles,sending this to the group chat with no context bhai,validation,relatable,11,2025-06-12,sending this to the group chat with no context bhai,Relatable,0.9598,0.0
C00036_P009,P009,Money Struggles,this is so me lol,validation,relatable,9,2025-06-12,this is so me lol,Relatable,0.9748,0.34
C00037_P009,P009,Money Struggles,🔥🔥,generic,neutral,10,2025-06-12,,Neutral,0.2792,0.0
C00038_P009,P009,Money Struggles,HAHA TRUE!,generic,neutral,17,2025-06-12,haha true!,Neutral,0.0086,0.2
C00039_P009,P009,Money Struggles,when is part 2?,generic,neutral,11,2025-06-12,when is part,Neutral,0.0285,-0.34
C00040_P009,P009,Money Struggles,no because the story of my life 😭,validation,relatable,9,2025-06-12,no because the story of my life,Relatable,0.975,0.0
C00041_P009,P009,Money Struggles,dm for promotions bro,generic,neutral,12,2025-06-12,dm for promotions bro,Neutral,0.02,-0.34
C00042_P009,P009,Money Struggles,fr a documentary about me ong,validation,relatable,9,2025-06-12,fr a documentary about me ong,Relatable,0.9772,0.34
C00043_P009,P009,Money Struggles,this is just basic psychology,sarcasm,neutral,7,2025-06-12,this is just basic psychology,Neutral,0.0677,0.0
C00044_P009,P009,Money Struggles,my account balance is a horror movie,personal_story,relatable,7,2025-06-12,my account balance is a horror movie,Relatable,0.8885,0.0
C00045_P009,P009,Money Struggles,genuinely how do you know my life ?!,validation,relatable,7,2025-06-12,genuinely how do you know my life !,Relatable,0.9197,0.2
C00046_P009,P009,Money Struggles,watched this five times already!!,validation,relatable,8,2025-06-12,watched this five times already!!,Relatable,0.9518,0.4
C00047_P009,P009,Money Struggles,no becaues my whole life ?!,validation,relatable,8,2025-06-12,no becaues my whole life !,Relatable,0.9864,0.2
C00048_P009,P009,Money Struggles,deserves way more likes sis,generic,neutral,12,2025-06-12,deserves way more likes sis,Neutral,0.0249,0.0
C00049_P009,P009,Money Struggles,yes because everyone does this obviously,sarcasm,neutral,8,2025-06-12,yes because everyone does this obviously,Neutral,0.0767,0.0
C00050_P009,P009,Money Struggles,I live this every single day...,validation,relatable,10,2025-06-12,i live this every single day,Relatable,0.9365,0.0
C00000_P010,P010,College & Hostel Life,BRO MY WHOLE LIFE 🥲🥲,validation,relatable,7,2025-06-13,bro my whole life,Relatable,0.9488,0.0
C00001_P010,P010,College & Hostel Life,the honesty is refreshing,ambiguous,relatable,7,2025-06-13,the honesty is refreshing,Neutral,0.4722,0.0
C00002_P010,P010,College & Hostel Life,collab? dm us,spam,neutral,10,2025-06-13,collab dm us,Neutral,0.0504,-0.68
C00003_P010,P010,College & Hostel Life,mood.,ambiguous,relatable,8,2025-06-13,mood,Neutral,0.3889,0.0
C00004_P010,P010,College & Hostel Life,i paused. sat down. processed. same.,validation,relatable,10,2025-06-13,i paused sat down processed same,Relatable,0.9534,0.34
C00005_P010,P010,College & Hostel Life,painfully accurate ngl,validation,relatable,11,2025-06-13,painfully accurate ngl,Relatable,0.9406,0.68
C00006_P010,P010,College & Hostel Life,this is so me ngl,validation,relatable,12,2025-06-13,this is so me ngl,Relatable,0.9751,0.34
C00007_P010,P010,College & Hostel Life,which app is this? !!,generic,neutral,6,2025-06-13,which app is this !!,Neutral,0.025,0.06
C00008_P010,P010,College & Hostel Life,nah my whole life 🥲,validation,relatable,13,2025-06-13,nah my whole life,Relatable,0.9817,0.0
C00009_P010,P010,College & Hostel Life,keep it up btw,generic,neutral,12,2025-06-13,keep it up btw,Neutral,0.0227,0.0
C00010_P010,P010,College & Hostel Life,its too accurate anna,validation,relatable,7,2025-06-13,its too accurate anna,Relatable,0.9027,0.34
C00011_P010,P010,College & Hostel Life,part 3 when?,question,neutral,14,2025-06-13,part when,Neutral,0.0328,-0.34
C00012_P010,P010,College & Hostel Life,I live this every singel day!!,validation,relatable,15,2025-06-13,i live this every singel day!!,Relatable,0.9075,0.4
C00013_P010,P010,College & Hostel Life,8am classes should be illegal,personal_story,relatable,6,2025-06-13,am classes should be illegal,Relatable,0.884,0.0
C00014_P010,P010,College & Hostel Life,not me literally me da,validation,relatable,9,2025-06-13,not me literally me da,Relatable,0.9812,0.68
C00015_P010,P010,College & Hostel Life,OK SO LITERALLY ME 😭,validation,relatable,13,2025-06-13,ok so literally me,Relatable,0.9614,0.68
C00016_P010,P010,College & Hostel Life,can we get a version with english subtitles?,question,neutral,13,2025-06-13,can we get a version with english subtitles,Neutral,0.0604,0.0
C00017_P010,P010,College & Hostel Life,crypto class in bio 🔥,spam,neutral,8,2025-06-13,crypto class in bio,Neutral,0.0935,-0.34
C00018_P010,P010,College & Hostel Life,🚀🚀 grow your account fast,spam,neutral,8,2025-06-13,grow your account fast,Neutral,0.1072,0.0
C00019_P010,P010,College & Hostel Life,background music name? btw,generic,neutral,10,2025-06-13,background music name btw,Neutral,0.0168,-0.34
C00020_P010,P010,College & Hostel Life,nah so me 🥲🥲,validation,relatable,11,2025-06-13,nah so me,Relatable,0.9533,0.34
C00021_P010,P010,College & Hostel Life,it hit,ambiguous,neutral,12,2025-06-13,it hit,Relatable,0.5524,0.0
C00022_P010,P010,College & Hostel Life,"earn 5000 daily, link in bio",spam,neutral,10,2025-06-13,earn daily link in bio,Neutral,0.0946,-0.68
C00023_P010,P010,College & Hostel Life,i'm going to pretend i didn't read this!!,validation,relatable,10,2025-06-13,i'm going to pretend i didn't read this!!,Relatable,0.9746,0.4
C00024_P010,P010,College & Hostel Life,I'm going to pretend I didn't read this ngl,validation,relatable,13,2025-06-13,i'm going to pretend i didn't read this ngl,Relatable,0.9734,0.0
C00025_P010,P010,College & Hostel Life,ok boomer,sarcasm,neutral,6,2025-06-13,ok boomer,Neutral,0.0538,0.0
C00026_P010,P010,College & Hostel Life,painfully accurate bhai,validation,relatable,9,2025-06-13,painfully accurate bhai,Relatable,0.9448,0.68
C00027_P010,P010,College & Hostel Life,make one about first job interviews please,question,neutral,12,2025-06-13,make one about first job interviews please,Neutral,0.0366,0.0
C00028_P010,P010,College & Hostel Life,stating the obvious since 2020,sarcasm,neutral,15,2025-06-13,stating the obvious since,Neutral,0.0468,0.0
C00029_P010,P010,College & Hostel Life,"why did this describe my entire existence in 30 seconds, I'm fliing a complaint lol",validation,relatable,11,2025-06-13,why did this describe my entire existence in seconds i'm fliing a complaint lol,Relatable,0.9233,0.0
C00030_P010,P010,College & Hostel Life,it's too accurate 😭😭,validation,relatable,11,2025-06-13,it's too accurate,Relatable,0.9825,0.34
C00031_P010,P010,College & Hostel Life,who hurt you bro,sarcasm,neutral,7,2025-06-13,who hurt you bro,Neutral,0.0399,0.34
C00032_P010,P010,College & Hostel Life,check my page,generic,neutral,10,2025-06-13,check my page,Neutral,0.0322,-0.68
C00033_P010,P010,College & Hostel Life,true btw,generic,neutral,11,2025-06-13,true btw,Neutral,0.0153,0.34
C00034_P010,P010,College & Hostel Life,wait screenshot of my head anna,validation,relatable,9,2025-06-13,wait screenshot of my head anna,Relatable,0.9772,0.0
C00035_P010,P010,College & Hostel Life,background music name?!,generic,neutral,9,2025-06-13,background music name !,Neutral,0.0226,-0.14
C00036_P010,P010,College & Hostel Life,sir this is my diary page bhai,validation,relatable,10,2025-06-13,sir this is my diary page bhai,Relatable,0.9634,-0.34
C00037_P010,P010,College & Hostel Life,DM for promotion 📩,spam,neutral,5,2025-06-13,dm for promotion,Neutral,0.043,-0.68
C00038_P010,P010,College & Hostel Life,I PAUSED. SAT DOWN. PROCESSED. SAME. LOL,validation,relatable,9,2025-06-13,i paused sat down processed same lol,Relatable,0.9424,0.34
C00039_P010,P010,College & Hostel Life,hello?? it me 😅,validation,relatable,8,2025-06-13,hello it me,Relatable,0.971,0.34
C00040_P010,P010,College & Hostel Life,why is this a mood,ambiguous,relatable,9,2025-06-13,why is this a mood,Relatable,0.6564,0.0
C00041_P010,P010,College & Hostel Life,"came here to laugh, stayed to confront myself",validation,relatable,7,2025-06-13,came here to laugh stayed to confront myself,Relatable,0.9669,0.34
C00000_P011,P011,Family Pressure,haha 👍,generic,neutral,7,2025-06-15,haha,Neutral,0.0245,0.0
C00001_P011,P011,Family Pressure,i came to instagram to turn my brain off and instead you described it perfectly 💀,validation,relatable,11,2025-06-15,i came to instagram to turn my brain off and instead you described it perfectly,Relatable,0.9285,0.0
C00002_P011,P011,Family Pressure,every frame is my biography 😭,validation,relatable,11,2025-06-15,every frame is my biography,Relatable,0.9774,0.0
C00003_P011,P011,Family Pressure,great content sis,generic,neutral,13,2025-06-15,great content sis,Neutral,0.0222,-0.34
C00004_P011,P011,Family Pressure,first comment,generic,neutral,10,2025-06-15,first comment,Neutral,0.0263,0.0
C00005_P011,P011,Family Pressure,"came here to laugh, stayed to confront myself!!",validation,relatable,7,2025-06-15,came here to laugh stayed to confront myself!!,Relatable,0.9669,0.4
C00006_P011,P011,Family Pressure,excsue me screenshot of my head 😭😭,validation,relatable,9,2025-06-15,excsue me screenshot of my head,Relatable,0.9894,0.34
C00007_P011,P011,Family Pressure,i paused. sta down. processed. same. no cap,validation,relatable,10,2025-06-15,i paused sta down processed same no cap,Relatable,0.9497,0.34
C00008_P011,P011,Family Pressure,ok this is a mood,ambiguous,relatable,12,2025-06-15,ok this is a mood,Neutral,0.3186,0.0
C00009_P011,P011,Family Pressure,"Im the family NGO, free labour included",personal_story,relatable,11,2025-06-15,im the family ngo free labour included,Relatable,0.8525,-0.34
C00010_P011,P011,Family Pressure,exactly.,ambiguous,relatable,10,2025-06-15,exactly,Neutral,0.3346,0.34
C00011_P011,P011,Family Pressure,this is the kind of post you save at 2am and rewatch when it happens again ong,validation,relatable,18,2025-06-15,this is the kind of post you save at am and rewatch when it happens again ong,Relatable,0.9402,0.0
C00000_P012,P012,Self-Image & Comparison,haha :),generic,neutral,8,2025-06-16,haha,Neutral,0.0245,0.0
C00001_P012,P012,Self-Image & Comparison,personally attacked,ambiguous,neutral,15,2025-06-16,personally attacked,Neutral,0.238,0.34
C00002_P012,P012,Self-Image & Comparison,wow okay,ambiguous,relatable,7,2025-06-16,wow okay,Neutral,0.408,0.0
C00003_P012,P012,Self-Image & Comparison,the algorithm finally did something right btw,generic,neutral,11,2025-06-16,the algorithm finally did something right btw,Neutral,0.0353,0.0
C00004_P012,P012,Self-Image & Comparison,check my page,generic,neutral,10,2025-06-16,check my page,Neutral,0.0322,-0.68
C00005_P012,P012,Self-Image & Comparison,can you make one about exams?,question,neutral,17,2025-06-16,can you make one about exams,Neutral,0.0733,0.0
C00006_P012,P012,Self-Image & Comparison,follow for follow?,generic,neutral,7,2025-06-16,follow for follow,Neutral,0.0253,-0.34
C00007_P012,P012,Self-Image & Comparison,"uninstalled Instagram twice, reinstalled in a day",personal_story,relatable,10,2025-06-16,uninstalled instagram twice reinstalled in a day,Relatable,0.8956,0.0
C00008_P012,P012,Self-Image & Comparison,i'm going to pretend i didn't read this 😭,validation,relatable,17,2025-06-16,i'm going to pretend i didn't read this,Relatable,0.9746,0.0
C00009_P012,P012,Self-Image & Comparison,not this again,ambiguous,neutral,14,2025-06-16,not this again,Neutral,0.285,0.0
C00010_P012,P012,Self-Image & Comparison,READING THIS AT 3AM WAS A MISTAKE PLS,validation,relatable,13,2025-06-16,reading this at am was a mistake pls,Relatable,0.9566,0.0
C00011_P012,P012,Self-Image & Comparison,seen.,ambiguous,neutral,9,2025-06-16,seen,Neutral,0.4816,0.34
C00012_P012,P012,Self-Image & Comparison,deep. very deep.,sarcasm,neutral,8,2025-06-16,deep very deep,Neutral,0.0437,0.0
C00013_P012,P012,Self-Image & Comparison,background music name? sis,generic,neutral,12,2025-06-16,background music name sis,Neutral,0.0119,-0.34
C00014_P012,P012,Self-Image & Comparison,no yeah,ambiguous,relatable,15,2025-06-16,no yeah,Neutral,0.2512,0.0
C00015_P012,P012,Self-Image & Comparison,sir this is my diary page ngl,validation,relatable,11,2025-06-16,sir this is my diary page ngl,Relatable,0.9635,-0.34
C00016_P012,P012,Self-Image & Comparison,ok so personal at this point fr fr,validation,relatable,11,2025-06-16,ok so personal at this point fr fr,Relatable,0.9726,0.0
C00017_P012,P012,Self-Image & Comparison,ok so too real lol,validation,relatable,9,2025-06-16,ok so too real lol,Relatable,0.8627,0.34
C00018_P012,P012,Self-Image & Comparison,everyone my age is achieving things and I'm here,personal_story,relatable,13,2025-06-16,everyone my age is achieving things and i'm here,Relatable,0.8981,0.0
C00019_P012,P012,Self-Image & Comparison,it's too accurate ong,validation,relatable,8,2025-06-16,it's too accurate ong,Relatable,0.9751,0.34
C00020_P012,P012,Self-Image & Comparison,deserves way more likes bro,generic,neutral,9,2025-06-16,deserves way more likes bro,Neutral,0.0304,0.0
C00021_P012,P012,Self-Image & Comparison,excuse me my whole life 🥲🥲,validation,relatable,10,2025-06-16,excuse me my whole life,Relatable,0.9919,0.34
C00022_P012,P012,Self-Image & Comparison,bro literally me lol,validation,relatable,11,2025-06-16,bro literally me lol,Relatable,0.9218,0.68
C00023_P012,P012,Self-Image & Comparison,when is part 2? bro,generic,neutral,9,2025-06-16,when is part bro,Neutral,0.018,-0.34
C00024_P012,P012,Self-Image & Comparison,song name please? macha,generic,neutral,7,2025-06-16,song name please macha,Neutral,0.0094,-0.34
C00025_P012,P012,Self-Image & Comparison,exactly.,ambiguous,neutral,12,2025-06-16,exactly,Neutral,0.3346,0.34
C00026_P012,P012,Self-Image & Comparison,it hit,ambiguous,relatable,9,2025-06-16,it hit,Relatable,0.5524,0.0
C00027_P012,P012,Self-Image & Comparison,keep it up 🔥,generic,neutral,11,2025-06-16,keep it up,Neutral,0.0382,0.0
C00028_P012,P012,Self-Image & Comparison,lol ok!,generic,neutral,8,2025-06-16,lol ok!,Neutral,0.0618,0.2
C00029_P012,P012,Self-Image & Comparison,that's so me 😭😭,validation,relatable,11,2025-06-16,that's so me,Relatable,0.9771,0.34
C00030_P012,P012,Self-Image & Comparison,fr personal at this point istg,validation,relatable,11,2025-06-16,fr personal at this point istg,Relatable,0.9726,0.0
C00031_P012,P012,Self-Image & Comparison,real,ambiguous,neutral,6,2025-06-16,real,Relatable,0.5979,0.34
C00032_P012,P012,Self-Image & Comparison,the edit quality is insane :),generic,neutral,9,2025-06-16,the edit quality is insane,Neutral,0.0239,-0.34
C00033_P012,P012,Self-Image & Comparison,ok but it me lmao,validation,relatable,8,2025-06-16,ok but it me lmao,Relatable,0.9634,0.34
C00034_P012,P012,Self-Image & Comparison,sending this to the group chat with no context anna,validation,relatable,6,2025-06-16,sending this to the group chat with no context anna,Relatable,0.9605,0.0
C00035_P012,P012,Self-Image & Comparison,fake deep,sarcasm,neutral,18,2025-06-16,fake deep,Neutral,0.0409,0.0
C00036_P012,P012,Self-Image & Comparison,great content macha,generic,neutral,9,2025-06-16,great content macha,Neutral,0.02,-0.34
C00037_P012,P012,Self-Image & Comparison,it's one thing to make a meme and another to describe my whole personality 🥲,validation,relatable,13,2025-06-16,it's one thing to make a meme and another to describe my whole personality,Relatable,0.9471,0.0
C00038_P012,P012,Self-Image & Comparison,I AGREE MACHA,generic,neutral,9,2025-06-16,i agree macha,Neutral,0.0258,0.0
C00039_P012,P012,Self-Image & Comparison,every frame is my biography 😅,validation,relatable,12,2025-06-16,every frame is my biography,Relatable,0.9774,0.0
C00040_P012,P012,Self-Image & Comparison,🔥🔥 macha,generic,neutral,13,2025-06-16,macha,Neutral,0.0302,0.0
C00041_P012,P012,Self-Image & Comparison,fr me in one post fr,validation,relatable,11,2025-06-16,fr me in one post fr,Relatable,0.9805,0.34
C00042_P012,P012,Self-Image & Comparison,kinda yes,ambiguous,relatable,10,2025-06-16,kinda yes,Relatable,0.7286,0.0
C00043_P012,P012,Self-Image & Comparison,wait my last three years in one video 😭😭,validation,relatable,10,2025-06-16,wait my last three years in one video,Relatable,0.9721,0.0
C00044_P012,P012,Self-Image & Comparison,"found this page today, already binged everything bro",generic,neutral,10,2025-06-16,found this page today already binged everything bro,Neutral,0.0201,-0.34
C00045_P012,P012,Self-Image & Comparison,nice post !!,generic,neutral,15,2025-06-16,nice post !!,Neutral,0.0661,0.06
C00046_P012,P012,Self-Image & Comparison,THIS SPEAKS FOR MY WHOLE GENERATION 🥲🥲,validation,relatable,14,2025-06-16,this speaks for my whole generation,Relatable,0.9631,0.0
C00047_P012,P012,Self-Image & Comparison,ok so the story of my life,validation,relatable,16,2025-06-16,ok so the story of my life,Relatable,0.9745,0.0
C00048_P012,P012,Self-Image & Comparison,the way I did this exact thing this morning and now I'm being called out publicly 🥲🥲,validation,relatable,7,2025-06-16,the way i did this exact thing this morning and now i'm being called out publicly,Relatable,0.905,0.34
C00049_P012,P012,Self-Image & Comparison,superb!,generic,neutral,13,2025-06-16,superb!,Neutral,0.0327,0.2
C00050_P012,P012,Self-Image & Comparison,fr my biography 😭,validation,relatable,16,2025-06-16,fr my biography,Relatable,0.986,0.0
C00051_P012,P012,Self-Image & Comparison,I paused. sat down. processed. same. pls,validation,relatable,8,2025-06-16,i paused sat down processed same pls,Relatable,0.9678,0.34
C00052_P012,P012,Self-Image & Comparison,part 3 when?,question,neutral,6,2025-06-16,part when,Neutral,0.0328,-0.34
C00053_P012,P012,Self-Image & Comparison,i'm going to pretend i didn't read this ngl,validation,relatable,13,2025-06-16,i'm going to pretend i didn't read this ngl,Relatable,0.9734,0.0
C00054_P012,P012,Self-Image & Comparison,do you take content requests?,question,neutral,11,2025-06-16,do you take content requests,Neutral,0.0476,0.0
C00055_P012,P012,Self-Image & Comparison,oh.,ambiguous,relatable,14,2025-06-16,oh,Neutral,0.119,0.0
C00056_P012,P012,Self-Image & Comparison,your page will blow up macha,generic,neutral,8,2025-06-16,your page will blow up macha,Neutral,0.0123,-0.34
C00057_P012,P012,Self-Image & Comparison,reporting this for personal damage 💀,validation,relatable,13,2025-06-16,reporting this for personal damage,Relatable,0.9503,0.0
C00058_P012,P012,Self-Image & Comparison,literally screenshot of my head ?!,validation,relatable,8,2025-06-16,literally screenshot of my head !,Relatable,0.9748,0.54
C00059_P012,P012,Self-Image & Comparison,dm for promotions sis,generic,neutral,8,2025-06-16,dm for promotions sis,Neutral,0.0108,-0.34
C00060_P012,P012,Self-Image & Comparison,Im in this post and I don't like it istg,validation,relatable,8,2025-06-16,im in this post and i don't like it istg,Relatable,0.9592,0.0
C00061_P012,P012,Self-Image & Comparison,SONG NAME PLEASE? 🔥,generic,neutral,13,2025-06-16,song name please,Neutral,0.019,-0.34
C00062_P012,P012,Self-Image & Comparison,bro my brain on a normal tuesday ?!,validation,relatable,12,2025-06-16,bro my brain on a normal tuesday !,Relatable,0.9187,0.2
C00063_P012,P012,Self-Image & Comparison,it's the accuracy for me,ambiguous,neutral,11,2025-06-16,it's the accuracy for me,Relatable,0.5221,0.68
C00064_P012,P012,Self-Image & Comparison,"sent this to my best friend at 2am and she replied why is this us, I still have no answer 💀",validation,relatable,10,2025-06-16,sent this to my best friend at am and she replied why is this us i still have no answer,Relatable,0.9388,0.0
C00065_P012,P012,Self-Image & Comparison,ok but too real lmao,validation,relatable,14,2025-06-16,ok but too real lmao,Relatable,0.9108,0.34
C00066_P012,P012,Self-Image & Comparison,where are you from?,question,neutral,10,2025-06-16,where are you from,Neutral,0.0668,0.0
C00067_P012,P012,Self-Image & Comparison,no because exactly what I go through fr fr,validation,relatable,13,2025-06-16,no because exactly what i go through fr fr,Relatable,0.9735,0.34
C00068_P012,P012,Self-Image & Comparison,which app is this?,generic,neutral,10,2025-06-16,which app is this,Neutral,0.025,-0.34
C00069_P012,P012,Self-Image & Comparison,i paused. sat down. processed. same. lmao,validation,relatable,10,2025-06-16,i paused sat down processed same lmao,Relatable,0.9692,0.34
C00070_P012,P012,Self-Image & Comparison,"hold on, personal at this point ngl",validation,relatable,10,2025-06-16,hold on personal at this point ngl,Relatable,0.9666,0.0
C00071_P012,P012,Self-Image & Comparison,you read my diary 💀,validation,relatable,9,2025-06-16,you read my diary,Relatable,0.9682,0.0
C00072_P012,P012,Self-Image & Comparison,this speaks for my whole generation bhai,validation,relatable,13,2025-06-16,this speaks for my whole generation bhai,Relatable,0.9616,0.0
C00073_P012,P012,Self-Image & Comparison,that's my whole life no cap,validation,relatable,11,2025-06-16,that's my whole life no cap,Relatable,0.9758,0.0
C00074_P012,P012,Self-Image & Comparison,this is so me ?!,validation,relatable,9,2025-06-16,this is so me !,Relatable,0.9807,0.54
C00075_P012,P012,Self-Image & Comparison,haha macha,generic,neutral,15,2025-06-16,haha macha,Neutral,0.0275,0.0
C00076_P012,P012,Self-Image & Comparison,which app is this? sis,generic,neutral,10,2025-06-16,which app is this sis,Neutral,0.0173,-0.34
C00077_P012,P012,Self-Image & Comparison,took the words right out of my mouth 😭😭,validation,relatable,11,2025-06-16,took the words right out of my mouth,Relatable,0.9668,0.0
C00078_P012,P012,Self-Image & Comparison,any tips for the 2am version of this?,question,neutral,15,2025-06-16,any tips for the am version of this,Neutral,0.104,-0.34
C00079_P012,P012,Self-Image & Comparison,first comment,generic,neutral,12,2025-06-16,first comment,Neutral,0.0263,0.0
C00080_P012,P012,Self-Image & Comparison,NAH THE STORY OF MY LIFE NGL,validation,relatable,7,2025-06-16,nah the story of my life ngl,Relatable,0.9782,0.0
C00081_P012,P012,Self-Image & Comparison,ok this is a mood,ambiguous,neutral,16,2025-06-16,ok this is a mood,Neutral,0.3186,0.0
C00082_P012,P012,Self-Image & Comparison,that's too real istg,validation,relatable,12,2025-06-16,that's too real istg,Relatable,0.8684,0.34
C00083_P012,P012,Self-Image & Comparison,dm for promotions :),generic,neutral,9,2025-06-16,dm for promotions,Neutral,0.0208,-0.34
C00084_P012,P012,Self-Image & Comparison,not to be dramatic but this post understood me better than my last three conversations ong,validation,relatable,8,2025-06-16,not to be dramatic but this post understood me better than my last three conversations ong,Relatable,0.9586,0.68
C00085_P012,P012,Self-Image & Comparison,the ending 😭,ambiguous,neutral,13,2025-06-16,the ending,Relatable,0.6694,0.0
C00086_P012,P012,Self-Image & Comparison,who allowed you to expose me like this,validation,relatable,12,2025-06-16,who allowed you to expose me like this,Relatable,0.951,0.34
C00087_P012,P012,Self-Image & Comparison,how long did this take to edit?,question,neutral,11,2025-06-16,how long did this take to edit,Neutral,0.0753,-0.34
C00088_P012,P012,Self-Image & Comparison,why is this screenshot of my head 😭😭,validation,relatable,15,2025-06-16,why is this screenshot of my head,Relatable,0.9716,0.0
C00089_P012,P012,Self-Image & Comparison,bro my everyday routine 💀,validation,relatable,13,2025-06-16,bro my everyday routine,Relatable,0.8951,0.0
C00090_P012,P012,Self-Image & Comparison,song name please? !!,generic,neutral,8,2025-06-16,song name please !!,Neutral,0.019,0.06
C00091_P012,P012,Self-Image & Comparison,every frame is my biography istg,validation,relatable,9,2025-06-16,every frame is my biography istg,Relatable,0.9716,0.0
C00092_P012,P012,Self-Image & Comparison,🔥🔥 ++,generic,neutral,9,2025-06-16,,Neutral,0.2792,0.0
C00093_P012,P012,Self-Image & Comparison,the honesty is refreshing,ambiguous,neutral,13,2025-06-16,the honesty is refreshing,Neutral,0.4722,0.0
C00094_P012,P012,Self-Image & Comparison,what's the song used here?,question,neutral,6,2025-06-16,what's the song used here,Neutral,0.0843,-0.34
C00095_P012,P012,Self-Image & Comparison,sending this to the group chat with no context!!,validation,relatable,11,2025-06-16,sending this to the group chat with no context!!,Relatable,0.9566,0.4
C00096_P012,P012,Self-Image & Comparison,I relate to this too much...,validation,relatable,13,2025-06-16,i relate to this too much,Relatable,0.9599,0.0
C00097_P012,P012,Self-Image & Comparison,background music name? :),generic,neutral,14,2025-06-16,background music name,Neutral,0.0226,-0.34
C00098_P012,P012,Self-Image & Comparison,haha true macha,generic,neutral,9,2025-06-16,haha true macha,Neutral,0.0077,0.34
C00099_P012,P012,Self-Image & Comparison,I'm going ot pretend I didn't read this,validation,relatable,14,2025-06-16,i'm going ot pretend i didn't read this,Relatable,0.925,0.0
C00100_P012,P012,Self-Image & Comparison,I came to instagram to turn my brain off and instead you described it perfectly 🥲🥲,validation,relatable,7,2025-06-16,i came to instagram to turn my brain off and instead you described it perfectly,Relatable,0.9285,0.0
C00101_P012,P012,Self-Image & Comparison,this is literally me fr fr,validation,relatable,14,2025-06-16,this is literally me fr fr,Relatable,0.985,0.68
C00102_P012,P012,Self-Image & Comparison,haha ++,generic,neutral,7,2025-06-16,haha,Neutral,0.0245,0.0
C00103_P012,P012,Self-Image & Comparison,not the last line,ambiguous,relatable,10,2025-06-16,not the last line,Neutral,0.3305,0.0
C00104_P012,P012,Self-Image & Comparison,reporting this for personal damage fr,validation,relatable,13,2025-06-16,reporting this for personal damage fr,Relatable,0.9614,0.0
C00105_P012,P012,Self-Image & Comparison,watched this five times already ong,validation,relatable,8,2025-06-16,watched this five times already ong,Relatable,0.9683,0.0
C00106_P012,P012,Self-Image & Comparison,the edit quality is insane btw,generic,neutral,9,2025-06-16,the edit quality is insane btw,Neutral,0.0172,-0.34
C00107_P012,P012,Self-Image & Comparison,😍 🔥,generic,neutral,12,2025-06-16,,Neutral,0.2792,0.0
C00108_P012,P012,Self-Image & Comparison,"came here to laugh, stayed to confront myself pls",validation,relatable,12,2025-06-16,came here to laugh stayed to confront myself pls,Relatable,0.9705,0.34
C00109_P012,P012,Self-Image & Comparison,the caption though,ambiguous,relatable,12,2025-06-16,the caption though,Relatable,0.5925,0.0
C00110_P012,P012,Self-Image & Comparison,not me literally me 😭😭,validation,relatable,12,2025-06-16,not me literally me,Relatable,0.981,0.68
C00111_P012,P012,Self-Image & Comparison,dm for promotions !!,generic,neutral,11,2025-06-16,dm for promotions !!,Neutral,0.0208,0.06
C00112_P012,P012,Self-Image & Comparison,I didn't consent to being exposed lol,validation,relatable,9,2025-06-16,i didn't consent to being exposed lol,Relatable,0.9682,0.0
C00113_P012,P012,Self-Image & Comparison,first comment sis,generic,neutral,10,2025-06-16,first comment sis,Neutral,0.0217,0.0
C00114_P012,P012,Self-Image & Comparison,this is my 13th reason (affectionate),ambiguous,relatable,8,2025-06-16,this is my th reason affectionate,Neutral,0.4951,0.0
C00115_P012,P012,Self-Image & Comparison,that hit close to home ngl,validation,relatable,15,2025-06-16,that hit close to home ngl,Relatable,0.9508,0.34
C00116_P012,P012,Self-Image & Comparison,the timing of this post is suspicious fr fr,validation,relatable,11,2025-06-16,the timing of this post is suspicious fr fr,Relatable,0.9838,0.0
C00117_P012,P012,Self-Image & Comparison,this is just basic psychology,sarcasm,neutral,10,2025-06-16,this is just basic psychology,Neutral,0.0677,0.0
C00118_P012,P012,Self-Image & Comparison,this is too accurate...,validation,relatable,10,2025-06-16,this is too accurate,Relatable,0.9671,0.34
C00119_P012,P012,Self-Image & Comparison,which app is this?!,generic,neutral,16,2025-06-16,which app is this !,Neutral,0.025,-0.14
C00000_P013,P013,Social Anxiety,love this page btw,generic,neutral,12,2025-06-17,love this page btw,Neutral,0.0138,-0.34
C00001_P013,P013,Social Anxiety,excuse me me in one post fr,validation,relatable,15,2025-06-17,excuse me me in one post fr,Relatable,0.98,0.34
C00002_P013,P013,Social Anxiety,my hands shake when the phone rings too,personal_story,relatable,12,2025-06-17,my hands shake when the phone rings too,Relatable,0.9051,0.0
C00003_P013,P013,Social Anxiety,i relate to this too much...,validation,relatable,8,2025-06-17,i relate to this too much,Relatable,0.9599,0.0
C00004_P013,P013,Social Anxiety,this is screenshot of my head yaar,validation,relatable,11,2025-06-17,this is screenshot of my head yaar,Relatable,0.9787,0.0
C00005_P013,P013,Social Anxiety,underrated page fr 🔥,generic,neutral,12,2025-06-17,underrated page fr,Neutral,0.0312,-0.34
C00006_P013,P013,Social Anxiety,the edit quality is insane,generic,neutral,10,2025-06-17,the edit quality is insane,Neutral,0.0239,-0.34
C00007_P013,P013,Social Anxiety,it's one thing to make a meme and another to describe my whole personality ngl,validation,relatable,13,2025-06-17,it's one thing to make a meme and another to describe my whole personality ngl,Relatable,0.9594,0.0
C00008_P013,P013,Social Anxiety,sending this to the group chat with no context!!,validation,relatable,15,2025-06-17,sending this to the group chat with no context!!,Relatable,0.9566,0.4
C00009_P013,P013,Social Anxiety,why is nobody talking about how accurate this is,ambiguous,relatable,15,2025-06-17,why is nobody talking about how accurate this is,Relatable,0.56,0.34
C00010_P013,P013,Social Anxiety,why is this a mood,ambiguous,relatable,10,2025-06-17,why is this a mood,Relatable,0.6564,0.0
C00011_P013,P013,Social Anxiety,awesome work :),generic,neutral,7,2025-06-17,awesome work,Neutral,0.0299,-0.34
C00012_P013,P013,Social Anxiety,the way my everyday routine!!,validation,relatable,18,2025-06-17,the way my everyday routine!!,Relatable,0.9714,0.4
C00013_P013,P013,Social Anxiety,who allowed yooou to expose me like this 💀,validation,relatable,14,2025-06-17,who allowed yoou to expose me like this,Relatable,0.9454,0.34
C00014_P013,P013,Social Anxiety,fr my whole life bhai,validation,relatable,7,2025-06-17,fr my whole life bhai,Relatable,0.985,0.0
C00015_P013,P013,Social Anxiety,first comment,generic,neutral,15,2025-06-17,first comment,Neutral,0.0263,0.0
C00016_P013,P013,Social Anxiety,so true 🔥,generic,neutral,14,2025-06-17,so true,Neutral,0.0315,0.34
C00017_P013,P013,Social Anxiety,TRUE THAT !!,generic,neutral,11,2025-06-17,true that !!,Neutral,0.0249,0.74
C00000_P014,P014,Dating & Situationships,why is this a mood,ambiguous,neutral,10,2025-06-19,why is this a mood,Relatable,0.6564,0.0
C00001_P014,P014,Dating & Situationships,great content :),generic,neutral,11,2025-06-19,great content,Neutral,0.0295,-0.34
C00002_P014,P014,Dating & Situationships,SEEN.,ambiguous,relatable,15,2025-06-19,seen,Neutral,0.4816,0.34
C00003_P014,P014,Dating & Situationships,stating the obvious since 2020,sarcasm,neutral,10,2025-06-19,stating the obvious since,Neutral,0.0468,0.0
C00004_P014,P014,Dating & Situationships,FR MY WHOLE LIFE ONG,validation,relatable,10,2025-06-19,fr my whole life ong,Relatable,0.9858,0.0
C00005_P014,P014,Dating & Situationships,why is this my whole life ong,validation,relatable,13,2025-06-19,why is this my whole life ong,Relatable,0.9793,0.0
C00006_P014,P014,Dating & Situationships,this one,ambiguous,neutral,10,2025-06-19,this one,Neutral,0.405,0.0
C00007_P014,P014,Dating & Situationships,ok so a documentary about me 😭,validation,relatable,9,2025-06-19,ok so a documentary about me,Relatable,0.961,0.34
C00008_P014,P014,Dating & Situationships,deserves way more likes bro,generic,neutral,10,2025-06-19,deserves way more likes bro,Neutral,0.0304,0.0
C00009_P014,P014,Dating & Situationships,"sure, totally me",sarcasm,neutral,8,2025-06-19,sure totally me,Neutral,0.0829,0.34
C00010_P014,P014,Dating & Situationships,I didn't consent to being exposed anna,validation,relatable,8,2025-06-19,i didn't consent to being exposed anna,Relatable,0.9665,0.0
C00011_P014,P014,Dating & Situationships,you read my diary ngl,validation,relatable,11,2025-06-19,you read my diary ngl,Relatable,0.979,0.0
C00012_P014,P014,Dating & Situationships,love this page :),generic,neutral,10,2025-06-19,love this page,Neutral,0.0197,-0.34
C00013_P014,P014,Dating & Situationships,hello?? srceenshot of my head no cap,validation,relatable,15,2025-06-19,hello srceenshot of my head no cap,Relatable,0.9884,0.0
C00014_P014,P014,Dating & Situationships,mine left me on delivered for 3 days 😭,personal_story,relatable,10,2025-06-19,mine left me on delivered for days,Relatable,0.9144,0.34
C00000_P015,P015,Money Struggles,I agree macha,generic,neutral,7,2025-06-20,i agree macha,Neutral,0.0258,0.0
C00001_P015,P015,Money Struggles,this is so me lol,validation,relatable,20,2025-06-20,this is so me lol,Relatable,0.9748,0.34
C00002_P015,P015,Money Struggles,this is literally me bhai,validation,relatable,11,2025-06-20,this is literally me bhai,Relatable,0.9743,0.68
C00003_P015,P015,Money Struggles,deserves way more likes sis,generic,neutral,11,2025-06-20,deserves way more likes sis,Neutral,0.0249,0.0
C00004_P015,P015,Money Struggles,reporting this for personal damage lmaoo,validation,relatable,6,2025-06-20,reporting this for personal damage lmaoo,Relatable,0.9668,0.0
C00005_P015,P015,Money Struggles,no yeah,ambiguous,neutral,13,2025-06-20,no yeah,Neutral,0.2512,0.0
C00006_P015,P015,Money Struggles,check my page btw,generic,neutral,8,2025-06-20,check my page btw,Neutral,0.0202,-0.68
C00007_P015,P015,Money Struggles,why is this a mood,ambiguous,relatable,15,2025-06-20,why is this a mood,Relatable,0.6564,0.0
C00008_P015,P015,Money Struggles,LOVE THIS PAGE!,generic,neutral,8,2025-06-20,love this page!,Neutral,0.0197,0.2
C00009_P015,P015,Money Struggles,Rs.200 is not small when you have Rs.400,personal_story,relatable,8,2025-06-20,rs is not small when you have rs,Relatable,0.8715,0.0
C00010_P015,P015,Money Struggles,exactly.,ambiguous,relatable,6,2025-06-20,exactly,Neutral,0.3346,0.34
C00011_P015,P015,Money Struggles,i didn't consent to being exposed 🥲🥲,validation,relatable,10,2025-06-20,i didn't consent to being exposed,Relatable,0.9666,0.0
C00012_P015,P015,Money Struggles,saved this for the next time it happens,validation,relatable,11,2025-06-20,saved this for the next time it happens,Relatable,0.95,0.0
C00013_P015,P015,Money Struggles,this felt personal,ambiguous,relatable,6,2025-06-20,this felt personal,Relatable,0.7053,0.34
C00014_P015,P015,Money Struggles,so true!,generic,neutral,13,2025-06-20,so true!,Neutral,0.0315,0.2
C00015_P015,P015,Money Struggles,background music name? btw,generic,neutral,10,2025-06-20,background music name btw,Neutral,0.0168,-0.34
C00016_P015,P015,Money Struggles,which app is this? sis,generic,neutral,11,2025-06-20,which app is this sis,Neutral,0.0173,-0.34
C00017_P015,P015,Money Struggles,I relate to this too much da,validation,relatable,10,2025-06-20,i relate to this too much da,Relatable,0.9728,0.0
C00000_P016,P016,College & Hostel Life,free followers in bio sis,generic,neutral,16,2025-06-22,free followers in bio sis,Neutral,0.0239,-0.68
C00001_P016,P016,College & Hostel Life,I live this every single day bhai,validation,relatable,10,2025-06-22,i live this every single day bhai,Relatable,0.9548,0.0
C00002_P016,P016,College & Hostel Life,lol ok sis,generic,neutral,9,2025-06-22,lol ok sis,Neutral,0.0364,0.0
C00003_P016,P016,College & Hostel Life,this speaks for my whole generation lmao,validation,relatable,12,2025-06-22,this speaks for my whole generation lmao,Relatable,0.9669,0.0
C00004_P016,P016,College & Hostel Life,true ++,generic,neutral,10,2025-06-22,true,Neutral,0.0084,0.34
C00005_P016,P016,College & Hostel Life,why is this too real 🥲,validation,relatable,5,2025-06-22,why is this too real,Relatable,0.9089,0.34
C00006_P016,P016,College & Hostel Life,"sure, totally me",sarcasm,neutral,8,2025-06-22,sure totally me,Neutral,0.0829,0.34
C00007_P016,P016,College & Hostel Life,DM for promotion 📩,spam,neutral,12,2025-06-22,dm for promotion,Neutral,0.043,-0.68
C00008_P016,P016,College & Hostel Life,stating the obvious since 2020,sarcasm,neutral,12,2025-06-22,stating the obvious since,Neutral,0.0468,0.0
C00009_P016,P016,College & Hostel Life,our mess soup is just hot water with regret,personal_story,relatable,5,2025-06-22,our mess soup is just hot water with regret,Relatable,0.8672,0.0
C00010_P016,P016,College & Hostel Life,true btw,generic,neutral,8,2025-06-22,true btw,Neutral,0.0153,0.34
C00011_P016,P016,College & Hostel Life,can you make one about exams?,question,neutral,9,2025-06-22,can you make one about exams,Neutral,0.0733,0.0
C00012_P016,P016,College & Hostel Life,award for most generic post goes to,sarcasm,neutral,12,2025-06-22,award for most generic post goes to,Neutral,0.0696,0.0
C00013_P016,P016,College & Hostel Life,i didn't consent to being exposed ?!,validation,relatable,5,2025-06-22,i didn't consent to being exposed !,Relatable,0.9666,0.2
C00014_P016,P016,College & Hostel Life,this is my biography lmao,validation,relatable,7,2025-06-22,this is my biography lmao,Relatable,0.9828,0.0
C00000_P017,P017,Family Pressure,background music name? bro,generic,neutral,12,2025-06-23,background music name bro,Neutral,0.0219,-0.34
C00001_P017,P017,Family Pressure,exactly this,ambiguous,relatable,8,2025-06-23,exactly this,Relatable,0.5504,0.34
C00002_P017,P017,Family Pressure,the way too accurate pls,validation,relatable,9,2025-06-23,the way too accurate pls,Relatable,0.9702,0.34
C00003_P017,P017,Family Pressure,smooth transitions :),generic,neutral,15,2025-06-23,smooth transitions,Neutral,0.0534,0.0
C00004_P017,P017,Family Pressure,your page will blow up btw,generic,neutral,5,2025-06-23,your page will blow up btw,Neutral,0.0114,-0.34
C00005_P017,P017,Family Pressure,reporting this for personal damage ong,validation,relatable,7,2025-06-23,reporting this for personal damage ong,Relatable,0.9528,0.0
C00006_P017,P017,Family Pressure,"I'm the family NGO, free labour included",personal_story,relatable,8,2025-06-23,i'm the family ngo free labour included,Relatable,0.8586,-0.34
C00007_P017,P017,Family Pressure,haha bro,generic,neutral,5,2025-06-23,haha bro,Neutral,0.0307,0.0
C00008_P017,P017,Family Pressure,this is too accurate yaar,validation,relatable,8,2025-06-23,this is too accurate yaar,Relatable,0.963,0.34
C00009_P017,P017,Family Pressure,I've never been so seen 😅,validation,relatable,11,2025-06-23,i've never been so seen,Relatable,0.9208,0.34
C00010_P017,P017,Family Pressure,stating the obvious since 2020,sarcasm,neutral,10,2025-06-23,stating the obvious since,Neutral,0.0468,0.0
C00011_P017,P017,Family Pressure,literally my everyday routine lol,validation,relatable,15,2025-06-23,literally my everyday routine lol,Relatable,0.9508,0.34
C00012_P017,P017,Family Pressure,THIS ONE,ambiguous,neutral,13,2025-06-23,this one,Neutral,0.405,0.0
C00013_P017,P017,Family Pressure,personally attacked,ambiguous,neutral,9,2025-06-23,personally attacked,Neutral,0.238,0.34
C00014_P017,P017,Family Pressure,literally screenshot of my head 😅,validation,relatable,9,2025-06-23,literally screenshot of my head,Relatable,0.9748,0.34
C00015_P017,P017,Family Pressure,not me literally me pls,validation,relatable,10,2025-06-23,not me literally me pls,Relatable,0.9814,0.68
C00016_P017,P017,Family Pressure,why is nobody talking about how accurate this is,ambiguous,relatable,11,2025-06-23,why is nobody talking about how accurate this is,Relatable,0.56,0.34
C00017_P017,P017,Family Pressure,true that,generic,neutral,9,2025-06-23,true that,Neutral,0.0249,0.34
C00018_P017,P017,Family Pressure,nice post macha,generic,neutral,12,2025-06-23,nice post macha,Neutral,0.0279,-0.34
C00019_P017,P017,Family Pressure,this is my brain on a normal tuesday 😅,validation,relatable,10,2025-06-23,this is my brain on a normal tuesday,Relatable,0.9769,0.0
C00020_P017,P017,Family Pressure,the edit quality is insane bro,generic,neutral,11,2025-06-23,the edit quality is insane bro,Neutral,0.0209,-0.34
C00021_P017,P017,Family Pressure,nah too real!!,validation,relatable,10,2025-06-23,nah too real!!,Relatable,0.88,0.4
C00022_P017,P017,Family Pressure,not me my whole life no cap,validation,relatable,9,2025-06-23,not me my whole life no cap,Relatable,0.9945,0.34
C00023_P017,P017,Family Pressure,dm for promotions 🔥,generic,neutral,16,2025-06-23,dm for promotions,Neutral,0.0208,-0.34
C00024_P017,P017,Family Pressure,this is literally me 🥲,validation,relatable,13,2025-06-23,this is literally me,Relatable,0.9766,0.68
C00025_P017,P017,Family Pressure,yeah.,ambiguous,neutral,8,2025-06-23,yeah,Neutral,0.3148,0.0
C00026_P017,P017,Family Pressure,I'm going to pretend I didn't read this lmao,validation,relatable,14,2025-06-23,i'm going to pretend i didn't read this lmao,Relatable,0.9768,0.0
C00027_P017,P017,Family Pressure,I paused. sat down. processed. same. 🥲,validation,relatable,11,2025-06-23,i paused sat down processed same,Relatable,0.9534,0.34
C00028_P017,P017,Family Pressure,this speaks for my whole generation 🥲🥲,validation,relatable,15,2025-06-23,this speaks for my whole generation,Relatable,0.9631,0.0
C00029_P017,P017,Family Pressure,not me my biography anna,validation,relatable,13,2025-06-23,not me my biography anna,Relatable,0.9895,0.34
C00030_P017,P017,Family Pressure,I feel seen,ambiguous,relatable,10,2025-06-23,i feel seen,Neutral,0.3236,0.34
C00031_P017,P017,Family Pressure,this is it me anna,validation,relatable,5,2025-06-23,this is it me anna,Relatable,0.9697,0.34
C00032_P017,P017,Family Pressure,when is part 2? !!,generic,neutral,9,2025-06-23,when is part !!,Neutral,0.0285,0.06
C00033_P017,P017,Family Pressure,deserves way more likes !!,generic,neutral,11,2025-06-23,deserves way more likes !!,Neutral,0.0361,0.4
C00034_P017,P017,Family Pressure,reporting this for personal damage lmao,validation,relatable,12,2025-06-23,reporting this for personal damage lmao,Relatable,0.9532,0.0
C00035_P017,P017,Family Pressure,the way too real 😭,validation,relatable,9,2025-06-23,the way too real,Relatable,0.9078,0.34
C00036_P017,P017,Family Pressure,I didnt consent to being exposed 🥲🥲,validation,relatable,8,2025-06-23,i didnt consent to being exposed,Relatable,0.9056,0.0
C00037_P017,P017,Family Pressure,ok this is a mood,ambiguous,neutral,14,2025-06-23,ok this is a mood,Neutral,0.3186,0.0
C00038_P017,P017,Family Pressure,fr my last three years in one video anna,validation,relatable,18,2025-06-23,fr my last three years in one video anna,Relatable,0.978,0.0
C00039_P017,P017,Family Pressure,the way I did this exact thing this morning and now I'm being called out publicly fr,validation,relatable,11,2025-06-23,the way i did this exact thing this morning and now i'm being called out publicly fr,Relatable,0.9241,0.34
C00040_P017,P017,Family Pressure,when is part 2? :),generic,neutral,8,2025-06-23,when is part,Neutral,0.0285,-0.34
C00041_P017,P017,Family Pressure,🔥🔥 btw,generic,neutral,9,2025-06-23,btw,Neutral,0.0307,0.0
C00042_P017,P017,Family Pressure,I'm going to pretend I didn't read this 😭,validation,relatable,5,2025-06-23,i'm going to pretend i didn't read this,Relatable,0.9746,0.0
C00043_P017,P017,Family Pressure,that's my whole ilfe lmaoo,validation,relatable,15,2025-06-23,that's my whole ilfe lmaoo,Relatable,0.963,0.0
C00044_P017,P017,Family Pressure,I'm going to pretend I didn't read this lmaoo,validation,relatable,7,2025-06-23,i'm going to pretend i didn't read this lmaoo,Relatable,0.9825,0.0
C00045_P017,P017,Family Pressure,but same though,ambiguous,relatable,11,2025-06-23,but same though,Neutral,0.3605,0.34
C00046_P017,P017,Family Pressure,your page will blow up!,generic,neutral,9,2025-06-23,your page will blow up!,Neutral,0.0171,-0.14
C00047_P017,P017,Family Pressure,I paused. sat down. processed. same. ?!,validation,relatable,11,2025-06-23,i paused sat down processed same !,Relatable,0.9534,0.54
C00048_P017,P017,Family Pressure,when iiis part 2? sis,generic,neutral,12,2025-06-23,when iis part sis,Neutral,0.0316,-0.34
C00049_P017,P017,Family Pressure,"hold on, personal at this point ?!",validation,relatable,14,2025-06-23,hold on personal at this point !,Relatable,0.9619,0.2
C00050_P017,P017,Family Pressure,MY THERAPIST AND MY GROUP CHAT WILL HEAR ABOUT THIS POST,validation,relatable,8,2025-06-23,my therapist and my group chat will hear about this post,Relatable,0.9305,0.0
C00051_P017,P017,Family Pressure,niec post!,generic,neutral,5,2025-06-23,niec post!,Neutral,0.1353,0.2
C00052_P017,P017,Family Pressure,ok so ym brain on a normal tuesday ong,validation,relatable,8,2025-06-23,ok so ym brain on a normal tuesday ong,Relatable,0.922,0.0
C00053_P017,P017,Family Pressure,check my page,generic,neutral,15,2025-06-23,check my page,Neutral,0.0322,-0.68
C00054_P017,P017,Family Pressure,exactly.,ambiguous,relatable,14,2025-06-23,exactly,Neutral,0.3346,0.34
C00055_P017,P017,Family Pressure,nice post,generic,neutral,11,2025-06-23,nice post,Neutral,0.0661,-0.34
C00056_P017,P017,Family Pressure,who allowed you to expose me like this!!,validation,relatable,11,2025-06-23,who allowed you to expose me like this!!,Relatable,0.951,0.74
C00057_P017,P017,Family Pressure,which app is this? :),generic,neutral,12,2025-06-23,which app is this,Neutral,0.025,-0.34
C00058_P017,P017,Family Pressure,stop describing me 😅,validation,relatable,8,2025-06-23,stop describing me,Relatable,0.9611,0.34
C00059_P017,P017,Family Pressure,fr my everyday routine fr fr,validation,relatable,15,2025-06-23,fr my everyday routine fr fr,Relatable,0.9698,0.0
C00060_P017,P017,Family Pressure,wait it me,validation,relatable,10,2025-06-23,wait it me,Relatable,0.9652,0.34
C00061_P017,P017,Family Pressure,this is so me,validation,relatable,10,2025-06-23,this is so me,Relatable,0.9807,0.34
C00062_P017,P017,Family Pressure,check my page bro,generic,neutral,11,2025-06-23,check my page bro,Neutral,0.0282,-0.68
C00000_P018,P018,Self-Image & Comparison,the way my whole life no cap,validation,relatable,10,2025-06-24,the way my whole life no cap,Relatable,0.9888,0.0
C00001_P018,P018,Self-Image & Comparison,background muisc name? !!,generic,neutral,12,2025-06-24,background muisc name !!,Neutral,0.045,0.4
C00002_P018,P018,Self-Image & Comparison,no because screenshot of my head ?!,validation,relatable,9,2025-06-24,no because screenshot of my head !,Relatable,0.9772,0.2
C00003_P018,P018,Self-Image & Comparison,😍 btw,generic,neutral,11,2025-06-24,btw,Neutral,0.0307,0.0
C00004_P018,P018,Self-Image & Comparison,when is part 2? btw,generic,neutral,11,2025-06-24,when is part btw,Neutral,0.0213,-0.34
C00005_P018,P018,Self-Image & Comparison,fr personal at this piont yaar,validation,relatable,12,2025-06-24,fr personal at this piont yaar,Relatable,0.9581,0.0
C00006_P018,P018,Self-Image & Comparison,"uninstalled Instagram twice, reinstalled in a day",personal_story,relatable,15,2025-06-24,uninstalled instagram twice reinstalled in a day,Relatable,0.8956,0.0
C00007_P018,P018,Self-Image & Comparison,the edit quality is insane btw,generic,neutral,13,2025-06-24,the edit quality is insane btw,Neutral,0.0172,-0.34
C00008_P018,P018,Self-Image & Comparison,underrated page fr sis,generic,neutral,8,2025-06-24,underrated page fr sis,Neutral,0.0216,-0.34
C00009_P018,P018,Self-Image & Comparison,check my page btw,generic,neutral,6,2025-06-24,check my page btw,Neutral,0.0202,-0.68
C00010_P018,P018,Self-Image & Comparison,ok btu literally me 😭😭,validation,relatable,9,2025-06-24,ok btu literally me,Relatable,0.9744,0.68
C00011_P018,P018,Self-Image & Comparison,took the words right out of my mouth...,validation,relatable,11,2025-06-24,took the words right out of my mouth,Relatable,0.9668,0.0
C00012_P018,P018,Self-Image & Comparison,I'm crying,ambiguous,relatable,6,2025-06-24,i'm crying,Relatable,0.5878,0.34
C00013_P018,P018,Self-Image & Comparison,it's too accurate anna,validation,relatable,11,2025-06-24,it's too accurate anna,Relatable,0.9772,0.34
C00014_P018,P018,Self-Image & Comparison,this is literally me fr fr,validation,relatable,11,2025-06-24,this is literally me fr fr,Relatable,0.985,0.68
C00015_P018,P018,Self-Image & Comparison,no because personal aat this point pls,validation,relatable,9,2025-06-24,no because personal aat this point pls,Relatable,0.9341,0.0
C00016_P018,P018,Self-Image & Comparison,can we get a version with english subtitles?,question,neutral,13,2025-06-24,can we get a version with english subtitles,Neutral,0.0604,0.0
C00017_P018,P018,Self-Image & Comparison,exactly this,ambiguous,relatable,7,2025-06-24,exactly this,Relatable,0.5504,0.34
C00018_P018,P018,Self-Image & Comparison,exactly.,ambiguous,neutral,7,2025-06-24,exactly,Neutral,0.3346,0.34
C00019_P018,P018,Self-Image & Comparison,background music name? macha,generic,neutral,13,2025-06-24,background music name macha,Neutral,0.0153,-0.34
C00020_P018,P018,Self-Image & Comparison,ok boomer,sarcasm,neutral,11,2025-06-24,ok boomer,Neutral,0.0538,0.0
C00021_P018,P018,Self-Image & Comparison,why is nobody talking about how accurate this is,ambiguous,relatable,12,2025-06-24,why is nobody talking about how accurate this is,Relatable,0.56,0.34
C00022_P018,P018,Self-Image & Comparison,is that your real voice?,question,neutral,10,2025-06-24,is that your real voice,Neutral,0.1107,0.34
C00023_P018,P018,Self-Image & Comparison,who hurt you bro,sarcasm,neutral,9,2025-06-24,who hurt you bro,Neutral,0.0399,0.34
C00024_P018,P018,Self-Image & Comparison,saved this for the next time it happens!!,validation,relatable,13,2025-06-24,saved this for the next time it happens!!,Relatable,0.95,0.4
C00025_P018,P018,Self-Image & Comparison,okay but same,ambiguous,neutral,13,2025-06-24,okay but same,Neutral,0.4851,0.34
C00026_P018,P018,Self-Image & Comparison,why does tihs feel personal ngl,validation,relatable,12,2025-06-24,why does tihs feel personal ngl,Relatable,0.9068,0.0
C00027_P018,P018,Self-Image & Comparison,this felt personal,ambiguous,relatable,9,2025-06-24,this felt personal,Relatable,0.7053,0.34
C00028_P018,P018,Self-Image & Comparison,it's too accurate fr,validation,relatable,11,2025-06-24,it's too accurate fr,Relatable,0.9784,0.34
C00029_P018,P018,Self-Image & Comparison,when is part 2? :),generic,neutral,10,2025-06-24,when is part,Neutral,0.0285,-0.34
C00000_P019,P019,Social Anxiety,excuse me my everyday routine!!,validation,relatable,13,2025-06-26,excuse me my everyday routine!!,Relatable,0.9818,0.74
C00001_P019,P019,Social Anxiety,the way exactly what I go through,validation,relatable,13,2025-06-26,the way exactly what i go through,Relatable,0.9712,0.34
C00002_P019,P019,Social Anxiety,the way I did this exact thing this morning and now I'm being called out publicly fr fr,validation,relatable,12,2025-06-26,the way i did this exact thing this morning and now i'm being called out publicly fr fr,Relatable,0.9426,0.34
C00003_P019,P019,Social Anxiety,song name please?!,generic,neutral,12,2025-06-26,song name please !,Neutral,0.019,-0.14
C00004_P019,P019,Social Anxiety,your page will blow up,generic,neutral,14,2025-06-26,your page will blow up,Neutral,0.0171,-0.34
C00005_P019,P019,Social Anxiety,"I rehearse before ordering coffee, no exaggeration",personal_story,relatable,9,2025-06-26,i rehearse before ordering coffee no exaggeration,Relatable,0.8775,0.0
C00006_P019,P019,Social Anxiety,"watched this, closed the app, opened it again, watched it again. yeah. ong",validation,relatable,11,2025-06-26,watched this closed the app opened it again watched it again yeah ong,Relatable,0.9156,-0.34
C00007_P019,P019,Social Anxiety,excuse me my whole life 😭😭,validation,relatable,8,2025-06-26,excuse me my whole life,Relatable,0.9919,0.34
C00008_P019,P019,Social Anxiety,true 🔥,generic,neutral,18,2025-06-26,true,Neutral,0.0084,0.34
C00009_P019,P019,Social Anxiety,follow for follow? 👍,generic,neutral,16,2025-06-26,follow for follow,Neutral,0.0253,-0.34
C00010_P019,P019,Social Anxiety,every frame is my biography da,validation,relatable,6,2025-06-26,every frame is my biography da,Relatable,0.9845,0.0
C00011_P019,P019,Social Anxiety,wait it me...,validation,relatable,12,2025-06-26,wait it me,Relatable,0.9652,0.34
C00012_P019,P019,Social Anxiety,this is my brain on a normal tuesday da,validation,relatable,15,2025-06-26,this is my brain on a normal tuesday da,Relatable,0.9757,0.0
C00013_P019,P019,Social Anxiety,"hold on, my whole life ong",validation,relatable,8,2025-06-26,hold on my whole life ong,Relatable,0.9825,0.0
C00014_P019,P019,Social Anxiety,ok but too real!!,validation,relatable,11,2025-06-26,ok but too real!!,Relatable,0.854,0.4
C00015_P019,P019,Social Anxiety,do a collab with us,generic,neutral,15,2025-06-26,do a collab with us,Neutral,0.0347,-0.34
C00016_P019,P019,Social Anxiety,this is my everyday routine!!,validation,relatable,6,2025-06-26,this is my everyday routine!!,Relatable,0.9783,0.4
C00017_P019,P019,Social Anxiety,my hands shake when the phone rings too,personal_story,relatable,12,2025-06-26,my hands shake when the phone rings too,Relatable,0.9051,0.0
C00018_P019,P019,Social Anxiety,okay but same,ambiguous,neutral,9,2025-06-26,okay but same,Neutral,0.4851,0.34
C00019_P019,P019,Social Anxiety,fr my everyday routinee ?!,validation,relatable,15,2025-06-26,fr my everyday routinee !,Relatable,0.9642,0.2
C00020_P019,P019,Social Anxiety,REPORTING THIS FOR PERSONAL DAMAGE...,validation,relatable,17,2025-06-26,reporting this for personal damage,Relatable,0.9503,0.0
C00021_P019,P019,Social Anxiety,your page will blow up!,generic,neutral,16,2025-06-26,your page will blow up!,Neutral,0.0171,-0.14
C00022_P019,P019,Social Anxiety,free followers in bio !!,generic,neutral,10,2025-06-26,free followers in bio !!,Neutral,0.0357,-0.28
C00023_P019,P019,Social Anxiety,why does this feel personal yaar,validation,relatable,14,2025-06-26,why does this feel personal yaar,Relatable,0.9577,0.0
C00024_P019,P019,Social Anxiety,dm for promotions bro,generic,neutral,14,2025-06-26,dm for promotions bro,Neutral,0.02,-0.34
C00025_P019,P019,Social Anxiety,painfully accurate anna,validation,relatable,9,2025-06-26,painfully accurate anna,Relatable,0.9452,0.68
C00026_P019,P019,Social Anxiety,congratulations you discovered being human,sarcasm,neutral,14,2025-06-26,congratulations you discovered being human,Neutral,0.0685,0.0
C00027_P019,P019,Social Anxiety,great content :),generic,neutral,6,2025-06-26,great content,Neutral,0.0295,-0.34
C00028_P019,P019,Social Anxiety,not me too accurate!!,validation,relatable,11,2025-06-26,not me too accurate!!,Relatable,0.9852,0.74
C00029_P019,P019,Social Anxiety,hurts but fair,ambiguous,neutral,9,2025-06-26,hurts but fair,Relatable,0.5599,0.34
C00030_P019,P019,Social Anxiety,who hurt you bro,sarcasm,neutral,7,2025-06-26,who hurt you bro,Neutral,0.0399,0.34
C00031_P019,P019,Social Anxiety,reading this at 3am was a mistake yaar,validation,relatable,7,2025-06-26,reading this at am was a mistake yaar,Relatable,0.9674,0.0
C00032_P019,P019,Social Anxiety,sending this to the group chat with no context pls,validation,relatable,12,2025-06-26,sending this to the group chat with no context pls,Relatable,0.9685,0.0
C00033_P019,P019,Social Anxiety,check my page macha,generic,neutral,9,2025-06-26,check my page macha,Neutral,0.0204,-0.68
C00034_P019,P019,Social Anxiety,"came here to laugh, stayed to confront myself 💀",validation,relatable,13,2025-06-26,came here to laugh stayed to confront myself,Relatable,0.9669,0.34
C00035_P019,P019,Social Anxiety,the way I did this exact thing this morning and now I'm being called out publicly istg,validation,relatable,6,2025-06-26,the way i did this exact thing this morning and now i'm being called out publicly istg,Relatable,0.9207,0.34
C00036_P019,P019,Social Anxiety,WHEN IS PART 2? 👍,generic,neutral,9,2025-06-26,when is part,Neutral,0.0285,-0.34
C00037_P019,P019,Social Anxiety,when is part 2? btw,generic,neutral,11,2025-06-26,when is part btw,Neutral,0.0213,-0.34
C00038_P019,P019,Social Anxiety,painfully accurate 😭,validation,relatable,13,2025-06-26,painfully accurate,Relatable,0.9494,0.68
C00039_P019,P019,Social Anxiety,sir this is my diary page anna,validation,relatable,9,2025-06-26,sir this is my diary page anna,Relatable,0.9756,-0.34
C00040_P019,P019,Social Anxiety,bro a documentary about me,validation,relatable,12,2025-06-26,bro a documentary about me,Relatable,0.9238,0.34
C00041_P019,P019,Social Anxiety,haha true!,generic,neutral,14,2025-06-26,haha true!,Neutral,0.0086,0.2
C00042_P019,P019,Social Anxiety,love this page 👍,generic,neutral,12,2025-06-26,love this page,Neutral,0.0197,-0.34
C00043_P019,P019,Social Anxiety,"found this page today, already binged everything ++",generic,neutral,9,2025-06-26,found this page today already binged everything,Neutral,0.0228,-0.34
C00044_P019,P019,Social Anxiety,no because the story of my life!!,validation,relatable,5,2025-06-26,no because the story of my life!!,Relatable,0.975,0.4
C00045_P019,P019,Social Anxiety,underrated page fr :),generic,neutral,14,2025-06-26,underrated page fr,Neutral,0.0312,-0.34
C00046_P019,P019,Social Anxiety,"hold on, literally me lol",validation,relatable,5,2025-06-26,hold on literally me lol,Relatable,0.9689,0.68
C00047_P019,P019,Social Anxiety,your page will blow up :),generic,neutral,14,2025-06-26,your page will blow up,Neutral,0.0171,-0.34
C00048_P019,P019,Social Anxiety,fr exactly what i go through ong,validation,relatable,11,2025-06-26,fr exactly what i go through ong,Relatable,0.9635,0.34
C00049_P019,P019,Social Anxiety,deserves way more likes 👍,generic,neutral,16,2025-06-26,deserves way more likes,Neutral,0.0361,0.0
C00050_P019,P019,Social Anxiety,you read my diary 🥲🥲,validation,relatable,13,2025-06-26,you read my diary,Relatable,0.9682,0.0
C00051_P019,P019,Social Anxiety,why is this my last three years in one video bhai,validation,relatable,20,2025-06-26,why is this my last three years in one video bhai,Relatable,0.9745,0.0
C00052_P019,P019,Social Anxiety,KEEP IT UP 🔥,generic,neutral,10,2025-06-26,keep it up,Neutral,0.0382,0.0
C00053_P019,P019,Social Anxiety,first comment ++,generic,neutral,13,2025-06-26,first comment,Neutral,0.0263,0.0
C00054_P019,P019,Social Anxiety,ok this is a mood,ambiguous,neutral,10,2025-06-26,ok this is a mood,Neutral,0.3186,0.0
C00055_P019,P019,Social Anxiety,the algorithm finally did something right btw,generic,neutral,11,2025-06-26,the algorithm finally did something right btw,Neutral,0.0353,0.0
C00056_P019,P019,Social Anxiety,stop describing me bhai,validation,relatable,12,2025-06-26,stop describing me bhai,Relatable,0.9646,0.34
C00057_P019,P019,Social Anxiety,no because me in one post lmaoo,validation,relatable,14,2025-06-26,no because me in one post lmaoo,Relatable,0.9728,0.34
C00058_P019,P019,Social Anxiety,that hit lcose to home 😭😭,validation,relatable,18,2025-06-26,that hit lcose to home,Relatable,0.8989,0.34
C00059_P019,P019,Social Anxiety,ok so so me da,validation,relatable,13,2025-06-26,ok so so me da,Relatable,0.9445,0.34
C00060_P019,P019,Social Anxiety,a documentary about me lmao,validation,relatable,10,2025-06-26,a documentary about me lmao,Relatable,0.9778,0.34
C00061_P019,P019,Social Anxiety,awesome work 👍,generic,neutral,10,2025-06-26,awesome work,Neutral,0.0299,-0.34
C00062_P019,P019,Social Anxiety,reporting this for personal damage bhai,validation,relatable,13,2025-06-26,reporting this for personal damage bhai,Relatable,0.965,0.0
C00063_P019,P019,Social Anxiety,awesome work,generic,neutral,9,2025-06-26,awesome work,Neutral,0.0299,-0.34
C00064_P019,P019,Social Anxiety,sadly accurate,ambiguous,neutral,7,2025-06-26,sadly accurate,Relatable,0.5629,0.34
C00065_P019,P019,Social Anxiety,this generation and its labels istg,sarcasm,neutral,10,2025-06-26,this generation and its labels istg,Neutral,0.0996,0.0
C00066_P019,P019,Social Anxiety,hello?? the story of my life 😭,validation,relatable,9,2025-06-26,hello the story of my life,Relatable,0.986,0.0
C00067_P019,P019,Social Anxiety,the way personal at this point fr,validation,relatable,9,2025-06-26,the way personal at this point fr,Relatable,0.9724,0.0
C00068_P019,P019,Social Anxiety,i'm going to pretend i didn't read this ?!,validation,relatable,9,2025-06-26,i'm going to pretend i didn't read this !,Relatable,0.9746,0.2
C00069_P019,P019,Social Anxiety,I paused. sat down. processed. same. fr fr,validation,relatable,6,2025-06-26,i paused sat down processed same fr fr,Relatable,0.9797,0.34
C00070_P019,P019,Social Anxiety,this speaks for my whole generation no cap,validation,relatable,5,2025-06-26,this speaks for my whole generation no cap,Relatable,0.9709,0.0
C00071_P019,P019,Social Anxiety,bro so me 💀,validation,relatable,18,2025-06-26,bro so me,Relatable,0.9286,0.34
C00072_P019,P019,Social Anxiety,I'm going to pretend I didn't read this da,validation,relatable,10,2025-06-26,i'm going to pretend i didn't read this da,Relatable,0.9824,0.0
C00073_P019,P019,Social Anxiety,genuinely how do you know my life 🥲,validation,relatable,10,2025-06-26,genuinely how do you know my life,Relatable,0.9197,0.0
C00074_P019,P019,Social Anxiety,I relate to this too much lmaoo,validation,relatable,12,2025-06-26,i relate to this too much lmaoo,Relatable,0.9729,0.0
C00075_P019,P019,Social Anxiety,stop describing me ngl,validation,relatable,8,2025-06-26,stop describing me ngl,Relatable,0.9616,0.34
C00076_P019,P019,Social Anxiety,this is it me...,validation,relatable,16,2025-06-26,this is it me,Relatable,0.9723,0.34
C00077_P019,P019,Social Anxiety,not me my last three years in one video yaar,validation,relatable,13,2025-06-26,not me my last three years in one video yaar,Relatable,0.9881,0.34
C00078_P019,P019,Social Anxiety,awesome work :),generic,neutral,7,2025-06-26,awesome work,Neutral,0.0299,-0.34
C00079_P019,P019,Social Anxiety,it's too accurate bhai,validation,relatable,10,2025-06-26,it's too accurate bhai,Relatable,0.9771,0.34
C00080_P019,P019,Social Anxiety,background music name?,generic,neutral,14,2025-06-26,background music name,Neutral,0.0226,-0.34
C00081_P019,P019,Social Anxiety,genuinely how do you know my life yaar,validation,relatable,16,2025-06-26,genuinely how do you know my life yaar,Relatable,0.9306,0.0
C00082_P019,P019,Social Anxiety,watched this five times already 🥲🥲,validation,relatable,10,2025-06-26,watched this five times already,Relatable,0.9518,0.0
C00083_P019,P019,Social Anxiety,when is part 2? sis,generic,neutral,12,2025-06-26,when is part sis,Neutral,0.0217,-0.34
C00084_P019,P019,Social Anxiety,I relate to this too much 🥲,validation,relatable,8,2025-06-26,i relate to this too much,Relatable,0.9599,0.0
C00085_P019,P019,Social Anxiety,not to be dramatic but this post understood me better than my alst three conversations 😭,validation,relatable,18,2025-06-26,not to be dramatic but this post understood me better than my alst three conversations,Relatable,0.9314,0.68
C00086_P019,P019,Social Anxiety,CHECK MY PAGE!,generic,neutral,9,2025-06-26,check my page!,Neutral,0.0322,-0.14
C00087_P019,P019,Social Anxiety,deserves way more likes macha,generic,neutral,16,2025-06-26,deserves way more likes macha,Neutral,0.0191,0.0
C00088_P019,P019,Social Anxiety,the way so me lmaoo,validation,relatable,12,2025-06-26,the way so me lmaoo,Relatable,0.9768,0.34
C00089_P019,P019,Social Anxiety,that hit close to home pls,validation,relatable,12,2025-06-26,that hit close to home pls,Relatable,0.9501,0.34
C00090_P019,P019,Social Anxiety,THIS IS MY LAST THREE YEARS IN ONE VIDEO...,validation,relatable,11,2025-06-26,this is my last three years in one video,Relatable,0.9823,0.0
C00091_P019,P019,Social Anxiety,i didn't consent to being exposed 💀,validation,relatable,9,2025-06-26,i didn't consent to being exposed,Relatable,0.9666,0.0
C00092_P019,P019,Social Anxiety,fr a documentary about me 😅,validation,relatable,8,2025-06-26,fr a documentary about me,Relatable,0.9723,0.34
C00093_P019,P019,Social Anxiety,not me so me no cap,validation,relatable,8,2025-06-26,not me so me no cap,Relatable,0.9837,0.34
C00094_P019,P019,Social Anxiety,why is this my last three years in one video da,validation,relatable,8,2025-06-26,why is this my last three years in one video da,Relatable,0.9768,0.0
C00095_P019,P019,Social Anxiety,i'm going to pretend i didn't read this yaar,validation,relatable,13,2025-06-26,i'm going to pretend i didn't read this yaar,Relatable,0.9817,0.0
C00096_P019,P019,Social Anxiety,follow for follow?,generic,neutral,10,2025-06-26,follow for follow,Neutral,0.0253,-0.34
C00097_P019,P019,Social Anxiety,"hold on, screenshot of my head lol",validation,relatable,6,2025-06-26,hold on screenshot of my head lol,Relatable,0.9697,0.0
C00098_P019,P019,Social Anxiety,why is this it me fr,validation,relatable,17,2025-06-26,why is this it me fr,Relatable,0.9744,0.34
C00099_P019,P019,Social Anxiety,why is this exactly what I go through 🥲🥲,validation,relatable,14,2025-06-26,why is this exactly what i go through,Relatable,0.97,0.34
C00100_P019,P019,Social Anxiety,the way it me yaar,validation,relatable,15,2025-06-26,the way it me yaar,Relatable,0.9798,0.34
C00101_P019,P019,Social Anxiety,wow okay then,ambiguous,relatable,19,2025-06-26,wow okay then,Neutral,0.4985,0.0
C00102_P019,P019,Social Anxiety,wait me in one post bhai,validation,relatable,8,2025-06-26,wait me in one post bhai,Relatable,0.9727,0.34
C00103_P019,P019,Social Anxiety,I felt that!!,validation,relatable,10,2025-06-26,i felt that!!,Relatable,0.935,0.74
C00104_P019,P019,Social Anxiety,why does this feel personal fr,validation,relatable,13,2025-06-26,why does this feel personal fr,Relatable,0.9527,0.0
C00105_P019,P019,Social Anxiety,i felt that da,validation,relatable,12,2025-06-26,i felt that da,Relatable,0.9314,0.34
C00106_P019,P019,Social Anxiety,your page will blow up bro,generic,neutral,8,2025-06-26,your page will blow up bro,Neutral,0.015,-0.34
C00107_P019,P019,Social Anxiety,sending this to the group chat with no context bhai,validation,relatable,13,2025-06-26,sending this to the group chat with no context bhai,Relatable,0.9598,0.0
C00108_P019,P019,Social Anxiety,yeah.,ambiguous,relatable,9,2025-06-26,yeah,Neutral,0.3148,0.0
C00109_P019,P019,Social Anxiety,reporting this for personal damage lmaoo,validation,relatable,8,2025-06-26,reporting this for personal damage lmaoo,Relatable,0.9668,0.0
C00110_P019,P019,Social Anxiety,WHY IS NOBODY TALKING ABOUT HOW ACCURATE THIS IS,ambiguous,relatable,11,2025-06-26,why is nobody talking about how accurate this is,Relatable,0.56,0.34
C00111_P019,P019,Social Anxiety,this is literally me,validation,relatable,11,2025-06-26,this is literally me,Relatable,0.9766,0.68
C00112_P019,P019,Social Anxiety,watched this five times already,validation,relatable,11,2025-06-26,watched this five times already,Relatable,0.9518,0.0
C00113_P019,P019,Social Anxiety,excuse me the story of my life ngl,validation,relatable,7,2025-06-26,excuse me the story of my life ngl,Relatable,0.9897,0.34
C00114_P019,P019,Social Anxiety,excuse me my brain on a normal tuesday istg,validation,relatable,14,2025-06-26,excuse me my brain on a normal tuesday istg,Relatable,0.9803,0.34
C00115_P019,P019,Social Anxiety,the caption though,ambiguous,relatable,9,2025-06-26,the caption though,Relatable,0.5925,0.0
C00116_P019,P019,Social Anxiety,REPORTING THIS FOR PERSONAL DAMAGE ISTG,validation,relatable,7,2025-06-26,reporting this for personal damage istg,Relatable,0.9623,0.0
C00117_P019,P019,Social Anxiety,true that ++,generic,neutral,14,2025-06-26,true that,Neutral,0.0249,0.34
C00118_P019,P019,Social Anxiety,every frame is my biography ong,validation,relatable,16,2025-06-26,every frame is my biography ong,Relatable,0.9766,0.0
C00119_P019,P019,Social Anxiety,this is the kind of post you save at 2am and rewatch when it happens again!!,validation,relatable,14,2025-06-26,this is the kind of post you save at am and rewatch when it happens again!!,Relatable,0.9287,0.4
C00000_P020,P020,Dating & Situationships,ok but my whole life!!,validation,relatable,10,2025-06-27,ok but my whole life!!,Relatable,0.9773,0.4
C00001_P020,P020,Dating & Situationships,where are you from?,question,neutral,9,2025-06-27,where are you from,Neutral,0.0668,0.0
C00002_P020,P020,Dating & Situationships,I felt that lol,validation,relatable,12,2025-06-27,i felt that lol,Relatable,0.9333,0.34
C00003_P020,P020,Dating & Situationships,what app is this?,question,neutral,11,2025-06-27,what app is this,Neutral,0.0518,-0.34
C00004_P020,P020,Dating & Situationships,SEEN.,ambiguous,relatable,7,2025-06-27,seen,Neutral,0.4816,0.34
C00005_P020,P020,Dating & Situationships,I agree !!,generic,neutral,8,2025-06-27,i agree !!,Neutral,0.0316,0.4
C00006_P020,P020,Dating & Situationships,haha true bro,generic,neutral,12,2025-06-27,haha true bro,Neutral,0.0106,0.34
C00007_P020,P020,Dating & Situationships,it's one thing to make a meme and another to describe my whole personality!!,validation,relatable,7,2025-06-27,it's one thing to make a meme and another to describe my whole personality!!,Relatable,0.9471,0.4
C00008_P020,P020,Dating & Situationships,reading this at 3am was a mistake 😅,validation,relatable,14,2025-06-27,reading this at am was a mistake,Relatable,0.9542,0.0
C00009_P020,P020,Dating & Situationships,THIS IS SO ME LMAOO,validation,relatable,11,2025-06-27,this is so me lmaoo,Relatable,0.9777,0.34
C00010_P020,P020,Dating & Situationships,smooth transitions 👍,generic,neutral,11,2025-06-27,smooth transitions,Neutral,0.0534,0.0
C00011_P020,P020,Dating & Situationships,I paused. sat down. processed. same. 😅,validation,relatable,11,2025-06-27,i paused sat down processed same,Relatable,0.9534,0.34
C00012_P020,P020,Dating & Situationships,the edit quality is insane 👍,generic,neutral,14,2025-06-27,the edit quality is insane,Neutral,0.0239,-0.34
C00013_P020,P020,Dating & Situationships,this felt personal,ambiguous,neutral,10,2025-06-27,this felt personal,Relatable,0.7053,0.34
C00014_P020,P020,Dating & Situationships,not me screenshot of my head 🥲🥲,validation,relatable,12,2025-06-27,not me screenshot of my head,Relatable,0.9897,0.34
C00015_P020,P020,Dating & Situationships,why is this my everyday routine bhai,validation,relatable,11,2025-06-27,why is this my everyday routine bhai,Relatable,0.9578,0.0
C00016_P020,P020,Dating & Situationships,song name please?,generic,neutral,9,2025-06-27,song name please,Neutral,0.019,-0.34
C00017_P020,P020,Dating & Situationships,the timing of this post is suspicious yaar,validation,relatable,14,2025-06-27,the timing of this post is suspicious yaar,Relatable,0.9648,0.0
C00000_P021,P021,Money Struggles,no because too real yaar,validation,relatable,7,2025-06-28,no because too real yaar,Relatable,0.8943,0.34
C00001_P021,P021,Money Struggles,watched this five times already lmao,validation,relatable,9,2025-06-28,watched this five times already lmao,Relatable,0.9569,0.0
C00002_P021,P021,Money Struggles,took the words right out of my mouth ong,validation,relatable,13,2025-06-28,took the words right out of my mouth ong,Relatable,0.9693,0.0
C00003_P021,P021,Money Struggles,😍 :),generic,neutral,8,2025-06-28,,Neutral,0.2792,0.0
C00004_P021,P021,Money Struggles,repotring this for personal damage,validation,relatable,13,2025-06-28,repotring this for personal damage,Relatable,0.8895,0.0
C00005_P021,P021,Money Struggles,Rs.200 is not small when you have Rs.400,personal_story,relatable,14,2025-06-28,rs is not small when you have rs,Relatable,0.8715,0.0
C00006_P021,P021,Money Struggles,smooth transitions!,generic,neutral,11,2025-06-28,smooth transitions!,Neutral,0.0534,0.2
C00007_P021,P021,Money Struggles,sending this to the group chat with no context 🥲,validation,relatable,4,2025-06-28,sending this to the group chat with no context,Relatable,0.9566,0.0
C00008_P021,P021,Money Struggles,song name please?,generic,neutral,9,2025-06-28,song name please,Neutral,0.019,-0.34
C00009_P021,P021,Money Struggles,🔥🔥,generic,neutral,12,2025-06-28,,Neutral,0.2792,0.0
C00010_P021,P021,Money Struggles,genuinely how do you know my life ong,validation,relatable,17,2025-06-28,genuinely how do you know my life ong,Relatable,0.9353,0.0
C00011_P021,P021,Money Struggles,the timing of this post is suspicious 🥲🥲,validation,relatable,12,2025-06-28,the timing of this post is suspicious,Relatable,0.9637,0.0
C00012_P021,P021,Money Struggles,took the words right out of my mouth ngl,validation,relatable,9,2025-06-28,took the words right out of my mouth ngl,Relatable,0.9766,0.0
C00013_P021,P021,Money Struggles,bro the story of my life 😅,validation,relatable,12,2025-06-28,bro the story of my life,Relatable,0.9639,0.0
C00014_P021,P021,Money Struggles,THAT HIT CLOSE TO HOME ONG,validation,relatable,11,2025-06-28,that hit close to home ong,Relatable,0.9514,0.34
C00015_P021,P021,Money Struggles,great content !!,generic,neutral,13,2025-06-28,great content !!,Neutral,0.0295,0.06
C00016_P021,P021,Money Struggles,your page will blow up 🔥,generic,neutral,7,2025-06-28,your page will blow up,Neutral,0.0171,-0.34
C00017_P021,P021,Money Struggles,this is the kind of post you save at 2am and rewatch when it happens again no cap,validation,relatable,13,2025-06-28,this is the kind of post you save at am and rewatch when it happens again no cap,Relatable,0.9543,0.0
C00000_P022,P022,College & Hostel Life,background music name? bro,generic,neutral,7,2025-06-30,background music name bro,Neutral,0.0219,-0.34
C00001_P022,P022,College & Hostel Life,keep it up bro,generic,neutral,9,2025-06-30,keep it up bro,Neutral,0.0318,0.0
C00002_P022,P022,College & Hostel Life,fr my everyday routine 😅,validation,relatable,12,2025-06-30,fr my everyday routine,Relatable,0.9717,0.0
C00003_P022,P022,College & Hostel Life,dm for promotions ++,generic,neutral,7,2025-06-30,dm for promotions,Neutral,0.0208,-0.34
C00004_P022,P022,College & Hostel Life,hurts but fair,ambiguous,relatable,11,2025-06-30,hurts but fair,Relatable,0.5599,0.34
C00005_P022,P022,College & Hostel Life,it's one thing to make a meme and another to describe my whole personality lol,validation,relatable,10,2025-06-30,it's one thing to make a meme and another to describe my whole personality lol,Relatable,0.9508,0.0
C00006_P022,P022,College & Hostel Life,"found this page today, already binged everything :)",generic,neutral,12,2025-06-30,found this page today already binged everything,Neutral,0.0228,-0.34
C00007_P022,P022,College & Hostel Life,DM for promotion 📩,spam,neutral,6,2025-06-30,dm for promotion,Neutral,0.043,-0.68
C00008_P022,P022,College & Hostel Life,took the words right out of my mouth 💀,validation,relatable,14,2025-06-30,took the words right out of my mouth,Relatable,0.9668,0.0
C00009_P022,P022,College & Hostel Life,the last line though,ambiguous,neutral,17,2025-06-30,the last line though,Neutral,0.2926,0.0
C00010_P022,P022,College & Hostel Life,haha,generic,neutral,17,2025-06-30,haha,Neutral,0.0245,0.0
C00011_P022,P022,College & Hostel Life,sadly accurate,ambiguous,relatable,13,2025-06-30,sadly accurate,Relatable,0.5629,0.34
C00012_P022,P022,College & Hostel Life,no because exactly what I go through 💀,validation,relatable,7,2025-06-30,no because exactly what i go through,Relatable,0.9535,0.34
C00013_P022,P022,College & Hostel Life,which app is this?,generic,neutral,13,2025-06-30,which app is this,Neutral,0.025,-0.34
C00014_P022,P022,College & Hostel Life,I live this every single day fr,validation,relatable,5,2025-06-30,i live this every single day fr,Relatable,0.9485,0.0
C00015_P022,P022,College & Hostel Life,free followers in bio,generic,neutral,5,2025-06-30,free followers in bio,Neutral,0.0357,-0.68
C00016_P022,P022,College & Hostel Life,I'm going to pretend I didn't read this 🥲,validation,relatable,9,2025-06-30,i'm going to pretend i didn't read this,Relatable,0.9746,0.0
C00017_P022,P022,College & Hostel Life,not me me in one post 😅,validation,relatable,11,2025-06-30,not me me in one post,Relatable,0.9812,0.34
C00018_P022,P022,College & Hostel Life,our mess soup is just hot water with regret,personal_story,relatable,13,2025-06-30,our mess soup is just hot water with regret,Relatable,0.8672,0.0
C00019_P022,P022,College & Hostel Life,your page will blow up 👍,generic,neutral,12,2025-06-30,your page will blow up,Neutral,0.0171,-0.34
C00020_P022,P022,College & Hostel Life,ok but exactly what I go through istg,validation,relatable,10,2025-06-30,ok but exactly what i go through istg,Relatable,0.9499,0.34
C00021_P022,P022,College & Hostel Life,the caption though,ambiguous,relatable,9,2025-06-30,the caption though,Relatable,0.5925,0.0
C00022_P022,P022,College & Hostel Life,kinda yes,ambiguous,relatable,20,2025-06-30,kinda yes,Relatable,0.7286,0.0
C00023_P022,P022,College & Hostel Life,🔥🔥 ++,generic,neutral,10,2025-06-30,,Neutral,0.2792,0.0
C00024_P022,P022,College & Hostel Life,dm for promotions bro,generic,neutral,10,2025-06-30,dm for promotions bro,Neutral,0.02,-0.34
C00025_P022,P022,College & Hostel Life,that hit close to home da,validation,relatable,8,2025-06-30,that hit close to home da,Relatable,0.964,0.34
C00026_P022,P022,College & Hostel Life,wow,ambiguous,relatable,13,2025-06-30,wow,Neutral,0.214,0.0
C00027_P022,P022,College & Hostel Life,"sent this to my best friend at 2am and she replied why is this us, I still have no answer 😭😭",validation,relatable,12,2025-06-30,sent this to my best friend at am and she replied why is this us i still have no answer,Relatable,0.9388,0.0
C00028_P022,P022,College & Hostel Life,exactly.,ambiguous,relatable,8,2025-06-30,exactly,Neutral,0.3346,0.34
C00029_P022,P022,College & Hostel Life,bro me in one post lmao,validation,relatable,7,2025-06-30,bro me in one post lmao,Relatable,0.9261,0.34
C00030_P022,P022,College & Hostel Life,cool edit,generic,neutral,12,2025-06-30,cool edit,Neutral,0.0241,-0.68
C00031_P022,P022,College & Hostel Life,this speaks for my whole generation pls,validation,relatable,12,2025-06-30,this speaks for my whole generation pls,Relatable,0.9745,0.0
C00032_P022,P022,College & Hostel Life,free followers in bio sis,generic,neutral,9,2025-06-30,free followers in bio sis,Neutral,0.0239,-0.68
C00033_P022,P022,College & Hostel Life,stop describing me lol,validation,relatable,16,2025-06-30,stop describing me lol,Relatable,0.9598,0.34
C00034_P022,P022,College & Hostel Life,do one about hostellers please,question,neutral,8,2025-06-30,do one about hostellers please,Neutral,0.0472,0.0
C00035_P022,P022,College & Hostel Life,this is literally me istg,validation,relatable,10,2025-06-30,this is literally me istg,Relatable,0.9674,0.68
C00036_P022,P022,College & Hostel Life,okay but same,ambiguous,relatable,16,2025-06-30,okay but same,Neutral,0.4851,0.34
C00037_P022,P022,College & Hostel Life,literally my everyday routine fr,validation,relatable,10,2025-06-30,literally my everyday routine fr,Relatable,0.9697,0.34
C00038_P022,P022,College & Hostel Life,"hold on, my last three years in one video istg",validation,relatable,12,2025-06-30,hold on my last three years in one video istg,Relatable,0.9761,0.0
C00039_P022,P022,College & Hostel Life,how are you so consistent with posting?,question,neutral,10,2025-06-30,how are you so consistent with posting,Neutral,0.0712,0.0
C00040_P022,P022,College & Hostel Life,first comment btw,generic,neutral,9,2025-06-30,first comment btw,Neutral,0.0208,0.0
C00041_P022,P022,College & Hostel Life,this speaks for my whole generation 🥲,validation,relatable,18,2025-06-30,this speaks for my whole generation,Relatable,0.9631,0.0
C00042_P022,P022,College & Hostel Life,"came here to laugh, stayed to confront myself lol",validation,relatable,10,2025-06-30,came here to laugh stayed to confront myself lol,Relatable,0.9691,0.34
C00043_P022,P022,College & Hostel Life,I'm in this post and I don't like it bhai,validation,relatable,15,2025-06-30,i'm in this post and i don't like it bhai,Relatable,0.9675,0.0
C00044_P022,P022,College & Hostel Life,"came here to laugh, stayed to confront myself 🥲🥲",validation,relatable,9,2025-06-30,came here to laugh stayed to confront myself,Relatable,0.9669,0.34
C00045_P022,P022,College & Hostel Life,wow okay,ambiguous,relatable,8,2025-06-30,wow okay,Neutral,0.408,0.0
C00046_P022,P022,College & Hostel Life,haha true!,generic,neutral,6,2025-06-30,haha true!,Neutral,0.0086,0.2
C00047_P022,P022,College & Hostel Life,keep it up,generic,neutral,12,2025-06-30,keep it up,Neutral,0.0382,0.0
C00048_P022,P022,College & Hostel Life,great content !!,generic,neutral,10,2025-06-30,great content !!,Neutral,0.0295,0.06
C00049_P022,P022,College & Hostel Life,genuienly how do you know my life ong,validation,relatable,14,2025-06-30,genuienly how do you know my life ong,Relatable,0.9093,0.0
C00050_P022,P022,College & Hostel Life,8am classes should be illegal,personal_story,relatable,10,2025-06-30,am classes should be illegal,Relatable,0.884,0.0
C00051_P022,P022,College & Hostel Life,sir this is my diary page da,validation,relatable,17,2025-06-30,sir this is my diary page da,Relatable,0.9655,-0.34
C00052_P022,P022,College & Hostel Life,keep it up btw,generic,neutral,8,2025-06-30,keep it up btw,Neutral,0.0227,0.0
C00053_P022,P022,College & Hostel Life,REPORTING THIS FOR PERSONAL DAMAGE FR FR,validation,relatable,14,2025-06-30,reporting this for personal damage fr fr,Relatable,0.9725,0.0
C00054_P022,P022,College & Hostel Life,the edit quality is insane bro,generic,neutral,13,2025-06-30,the edit quality is insane bro,Neutral,0.0209,-0.34
C00055_P022,P022,College & Hostel Life,it's too accurate 😭😭,validation,relatable,13,2025-06-30,it's too accurate,Relatable,0.9825,0.34
C00056_P022,P022,College & Hostel Life,bro a documentary about me fr,validation,relatable,14,2025-06-30,bro a documentary about me fr,Relatable,0.9512,0.34
C00057_P022,P022,College & Hostel Life,when is part 2?,generic,neutral,13,2025-06-30,when is part,Neutral,0.0285,-0.34
C00058_P022,P022,College & Hostel Life,this felt personal,ambiguous,neutral,12,2025-06-30,this felt personal,Relatable,0.7053,0.34
C00059_P022,P022,College & Hostel Life,personally attacked,ambiguous,neutral,8,2025-06-30,personally attacked,Neutral,0.238,0.34
C00060_P022,P022,College & Hostel Life,I felt that 😭,validation,relatable,6,2025-06-30,i felt that,Relatable,0.935,0.34
C00061_P022,P022,College & Hostel Life,WHAT APP IS THIS?,question,neutral,15,2025-06-30,what app is this,Neutral,0.0518,-0.34
C00062_P022,P022,College & Hostel Life,"found this page today, already binged everything 👍",generic,neutral,12,2025-06-30,found this page today already binged everything,Neutral,0.0228,-0.34
C00063_P022,P022,College & Hostel Life,do a collab with us sis,generic,neutral,13,2025-06-30,do a collab with us sis,Neutral,0.025,-0.34
C00064_P022,P022,College & Hostel Life,"hold on, so me lmaoo",validation,relatable,11,2025-06-30,hold on so me lmaoo,Relatable,0.9681,0.34
C00065_P022,P022,College & Hostel Life,award for most generic post goes to,sarcasm,neutral,7,2025-06-30,award for most generic post goes to,Neutral,0.0696,0.0
C00066_P022,P022,College & Hostel Life,free followers in bio !!,generic,neutral,7,2025-06-30,free followers in bio !!,Neutral,0.0357,-0.28
C00067_P022,P022,College & Hostel Life,"ok but this is literally everyone, nothing unique",sarcasm,neutral,12,2025-06-30,ok but this is literally everyone nothing unique,Neutral,0.088,0.34
C00068_P022,P022,College & Hostel Life,dm for promotions 👍,generic,neutral,10,2025-06-30,dm for promotions,Neutral,0.0208,-0.34
C00069_P022,P022,College & Hostel Life,AWESOME WORK 👍,generic,neutral,8,2025-06-30,awesome work,Neutral,0.0299,-0.34
C00070_P022,P022,College & Hostel Life,sir this is my diary page yaar,validation,relatable,11,2025-06-30,sir this is my diary page yaar,Relatable,0.9751,-0.34
C00071_P022,P022,College & Hostel Life,"another relatable page, how original",sarcasm,neutral,6,2025-06-30,another relatable page how original,Neutral,0.0229,0.0
C00072_P022,P022,College & Hostel Life,reading this at 3am was a mistake 😭😭,validation,relatable,11,2025-06-30,reading this at am was a mistake,Relatable,0.9542,0.0
C00073_P022,P022,College & Hostel Life,REPORTING THIS FOR PERSONAL DAMAGE FR,validation,relatable,9,2025-06-30,reporting this for personal damage fr,Relatable,0.9614,0.0
C00074_P022,P022,College & Hostel Life,crypto class in bio 🔥,spam,neutral,13,2025-06-30,crypto class in bio,Neutral,0.0935,-0.34
C00075_P022,P022,College & Hostel Life,part 2 please?,question,neutral,9,2025-06-30,part please,Neutral,0.0278,-0.34
C00076_P022,P022,College & Hostel Life,I didn't consent to being exposed fr,validation,relatable,10,2025-06-30,i didn't consent to being exposed fr,Relatable,0.9725,0.0
C00077_P022,P022,College & Hostel Life,make one about first job interviews please,question,neutral,5,2025-06-30,make one about first job interviews please,Neutral,0.0366,0.0
C00078_P022,P022,College & Hostel Life,facts bro,generic,neutral,7,2025-06-30,facts bro,Neutral,0.0378,0.0
C00079_P022,P022,College & Hostel Life,song name please? 🔥,generic,neutral,10,2025-06-30,song name please,Neutral,0.019,-0.34
C00080_P022,P022,College & Hostel Life,this is literally me da,validation,relatable,11,2025-06-30,this is literally me da,Relatable,0.9737,0.68
C00081_P022,P022,College & Hostel Life,i've never been so seen 🥲,validation,relatable,11,2025-06-30,i've never been so seen,Relatable,0.9208,0.34
C00082_P022,P022,College & Hostel Life,ok this one hurt,ambiguous,neutral,9,2025-06-30,ok this one hurt,Neutral,0.4574,0.34
C00083_P022,P022,College & Hostel Life,this is literally me...,validation,relatable,12,2025-06-30,this is literally me,Relatable,0.9766,0.68
C00084_P022,P022,College & Hostel Life,fr my last three years in one video yaar,validation,relatable,14,2025-06-30,fr my last three years in one video yaar,Relatable,0.9778,0.0
C00085_P022,P022,College & Hostel Life,sending this to the group chat with no context istg,validation,relatable,13,2025-06-30,sending this to the group chat with no context istg,Relatable,0.9587,0.0
C00086_P022,P022,College & Hostel Life,YES BECAUSE EVERYONE DOES THIS OBVIOUSLY,sarcasm,neutral,6,2025-06-30,yes because everyone does this obviously,Neutral,0.0767,0.0
C00087_P022,P022,College & Hostel Life,"earn 5000 daily, link in bio",spam,neutral,11,2025-06-30,earn daily link in bio,Neutral,0.0946,-0.68
C00088_P022,P022,College & Hostel Life,your page will blow up,generic,neutral,7,2025-06-30,your page will blow up,Neutral,0.0171,-0.34
C00089_P022,P022,College & Hostel Life,"hold on, my whole life 🥲",validation,relatable,9,2025-06-30,hold on my whole life,Relatable,0.9836,0.0
C00090_P022,P022,College & Hostel Life,cool edit 🔥,generic,neutral,18,2025-06-30,cool edit,Neutral,0.0241,-0.68
C00091_P022,P022,College & Hostel Life,true that!,generic,neutral,8,2025-06-30,true that!,Neutral,0.0249,0.54
C00092_P022,P022,College & Hostel Life,genuinely how do you know my life no cap,validation,relatable,11,2025-06-30,genuinely how do you know my life no cap,Relatable,0.9513,0.0
C00093_P022,P022,College & Hostel Life,nah so me 💀,validation,relatable,12,2025-06-30,nah so me,Relatable,0.9533,0.34
C00094_P022,P022,College & Hostel Life,please check my new page 🙏,spam,neutral,12,2025-06-30,please check my new page,Neutral,0.065,-0.68
C00095_P022,P022,College & Hostel Life,so true 🔥,generic,neutral,11,2025-06-30,so true,Neutral,0.0315,0.34
C00096_P022,P022,College & Hostel Life,song name please? bro,generic,neutral,4,2025-06-30,song name please bro,Neutral,0.0124,-0.34
C00097_P022,P022,College & Hostel Life,ok boomer,sarcasm,neutral,9,2025-06-30,ok boomer,Neutral,0.0538,0.0
C00098_P022,P022,College & Hostel Life,not me my brain on a normal tuesday 😅,validation,relatable,11,2025-06-30,not me my brain on a normal tuesday,Relatable,0.9862,0.34
C00099_P022,P022,College & Hostel Life,background music name?,generic,neutral,7,2025-06-30,background music name,Neutral,0.0226,-0.34
C00100_P022,P022,College & Hostel Life,can we get a version with english subtitles?,question,neutral,10,2025-06-30,can we get a version with english subtitles,Neutral,0.0604,0.0
C00101_P022,P022,College & Hostel Life,which app is this? btw,generic,neutral,6,2025-06-30,which app is this btw,Neutral,0.0174,-0.34
C00102_P022,P022,College & Hostel Life,how long did this take to edit?,question,neutral,7,2025-06-30,how long did this take to edit,Neutral,0.0753,-0.34
C00103_P022,P022,College & Hostel Life,the edit quality is insane,generic,neutral,10,2025-06-30,the edit quality is insane,Neutral,0.0239,-0.34
C00104_P022,P022,College & Hostel Life,fr my brain on a normal tuesday 🥲🥲,validation,relatable,8,2025-06-30,fr my brain on a normal tuesday,Relatable,0.9715,0.0
C00105_P022,P022,College & Hostel Life,is this based on real events?,question,neutral,11,2025-06-30,is this based on real events,Neutral,0.0778,0.34
C00106_P022,P022,College & Hostel Life,exactly this,ambiguous,neutral,12,2025-06-30,exactly this,Relatable,0.5504,0.34
C00107_P022,P022,College & Hostel Life,deserves way more likes :),generic,neutral,13,2025-06-30,deserves way more likes,Neutral,0.0361,0.0
C00108_P022,P022,College & Hostel Life,instagram therapists at it again,sarcasm,neutral,8,2025-06-30,instagram therapists at it again,Neutral,0.0944,0.0
C00109_P022,P022,College & Hostel Life,this is so me no cap,validation,relatable,8,2025-06-30,this is so me no cap,Relatable,0.9815,0.34
C00110_P022,P022,College & Hostel Life,this is my biography ?!,validation,relatable,7,2025-06-30,this is my biography !,Relatable,0.9902,0.2
C00111_P022,P022,College & Hostel Life,NOT ME A DOCUMENTARY ABOUT ME LMAOO,validation,relatable,12,2025-06-30,not me a documentary about me lmaoo,Relatable,0.9848,0.34
C00112_P022,P022,College & Hostel Life,song name please?,generic,neutral,12,2025-06-30,song name please,Neutral,0.019,-0.34
C00113_P022,P022,College & Hostel Life,i didnt consent to being exposed bhai,validation,relatable,6,2025-06-30,i didnt consent to being exposed bhai,Relatable,0.9168,0.0
C00114_P022,P022,College & Hostel Life,this is too real da,validation,relatable,15,2025-06-30,this is too real da,Relatable,0.9004,0.34
C00115_P022,P022,College & Hostel Life,ok but my whole life!!,validation,relatable,6,2025-06-30,ok but my whole life!!,Relatable,0.9773,0.4
C00116_P022,P022,College & Hostel Life,nah too accurate 💀,validation,relatable,11,2025-06-30,nah too accurate,Relatable,0.9687,0.34
C00117_P022,P022,College & Hostel Life,the ending 😭,ambiguous,relatable,12,2025-06-30,the ending,Relatable,0.6694,0.0
C00118_P022,P022,College & Hostel Life,what camera do you use?,question,neutral,14,2025-06-30,what camera do you use,Neutral,0.0565,0.0
C00119_P022,P022,College & Hostel Life,stating the obvious since 2020,sarcasm,neutral,12,2025-06-30,stating the obvious since,Neutral,0.0468,0.0
C00000_P023,P023,Family Pressure,the way it me 💀,validation,relatable,11,2025-07-01,the way it me,Relatable,0.98,0.34
C00001_P023,P023,Family Pressure,"I'm the family NGO, free labour included",personal_story,relatable,13,2025-07-01,i'm the family ngo free labour included,Relatable,0.8586,-0.34
C00002_P023,P023,Family Pressure,realest thing on my feed today,ambiguous,relatable,10,2025-07-01,realest thing on my feed today,Relatable,0.5428,0.0
C00003_P023,P023,Family Pressure,fr my last three years in one video lol,validation,relatable,12,2025-07-01,fr my last three years in one video lol,Relatable,0.9722,0.0
C00004_P023,P023,Family Pressure,😍,generic,neutral,11,2025-07-01,,Neutral,0.2792,0.0
C00005_P023,P023,Family Pressure,this generation and its labels istg,sarcasm,neutral,13,2025-07-01,this generation and its labels istg,Neutral,0.0996,0.0
C00006_P023,P023,Family Pressure,"why does this have no likes, underrated",question,neutral,7,2025-07-01,why does this have no likes underrated,Neutral,0.0679,0.0
C00007_P023,P023,Family Pressure,reporting this for personal damage 😭,validation,relatable,6,2025-07-01,reporting this for personal damage,Relatable,0.9503,0.0
C00008_P023,P023,Family Pressure,which app is this? ++,generic,neutral,9,2025-07-01,which app is this,Neutral,0.025,-0.34
C00009_P023,P023,Family Pressure,stop describing me 🥲,validation,relatable,8,2025-07-01,stop describing me,Relatable,0.9611,0.34
C00010_P023,P023,Family Pressure,"came here to laugh, stayed to confront myself no cap",validation,relatable,14,2025-07-01,came here to laugh stayed to confront myself no cap,Relatable,0.9753,0.34
C00011_P023,P023,Family Pressure,not this again,ambiguous,neutral,8,2025-07-01,not this again,Neutral,0.285,0.0
C00012_P023,P023,Family Pressure,can we get a version with english subtitles?,question,neutral,17,2025-07-01,can we get a version with english subtitles,Neutral,0.0604,0.0
C00013_P023,P023,Family Pressure,which app is this?,generic,neutral,9,2025-07-01,which app is this,Neutral,0.025,-0.34
C00014_P023,P023,Family Pressure,the caption though,ambiguous,relatable,8,2025-07-01,the caption though,Relatable,0.5925,0.0
C00015_P023,P023,Family Pressure,"found this page today, already binged everything macha",generic,neutral,13,2025-07-01,found this page today already binged everything macha,Neutral,0.016,-0.34
C00016_P023,P023,Family Pressure,the honesty is refreshing,ambiguous,relatable,12,2025-07-01,the honesty is refreshing,Neutral,0.4722,0.0
C00017_P023,P023,Family Pressure,ok so my last three years in one video 🥲,validation,relatable,11,2025-07-01,ok so my last three years in one video,Relatable,0.9709,0.0
C00018_P023,P023,Family Pressure,underrated page fr :),generic,neutral,11,2025-07-01,underrated page fr,Neutral,0.0312,-0.34
C00019_P023,P023,Family Pressure,is this based on real events?,question,neutral,12,2025-07-01,is this based on real events,Neutral,0.0778,0.34
C00020_P023,P023,Family Pressure,"hold on, literally me",validation,relatable,9,2025-07-01,hold on literally me,Relatable,0.9687,0.68
C00000_P024,P024,Self-Image & Comparison,everyone my age is achieving things and I'm here,personal_story,relatable,9,2025-07-02,everyone my age is achieving things and i'm here,Relatable,0.8981,0.0
C00001_P024,P024,Self-Image & Comparison,the algorithm finally did something right,generic,neutral,10,2025-07-02,the algorithm finally did something right,Neutral,0.0521,0.0
C00002_P024,P024,Self-Image & Comparison,how are you so consistent with posting?,question,neutral,14,2025-07-02,how are you so consistent with posting,Neutral,0.0712,0.0
C00003_P024,P024,Self-Image & Comparison,do a collab with us bro,generic,neutral,13,2025-07-02,do a collab with us bro,Neutral,0.0234,-0.34
C00000_P025,P025,Social Anxiety,hello?? me in one post fr fr,validation,relatable,11,2025-07-04,hello me in one post fr fr,Relatable,0.9854,0.34
C00001_P025,P025,Social Anxiety,ok but too accurate lmaoo,validation,relatable,10,2025-07-04,ok but too accurate lmaoo,Relatable,0.952,0.34
C00002_P025,P025,Social Anxiety,my hands shake when the phone rings too,personal_story,relatable,13,2025-07-04,my hands shake when the phone rings too,Relatable,0.9051,0.0
C00003_P025,P025,Social Anxiety,the algorithm finally did something right sis,generic,neutral,11,2025-07-04,the algorithm finally did something right sis,Neutral,0.0362,0.0
C00004_P025,P025,Social Anxiety,"I rehearse before ordering coffee, no exaggeration",personal_story,relatable,14,2025-07-04,i rehearse before ordering coffee no exaggeration,Relatable,0.8775,0.0
C00005_P025,P025,Social Anxiety,i'm going to pretend i didn't read this no cap,validation,relatable,15,2025-07-04,i'm going to pretend i didn't read this no cap,Relatable,0.9811,0.0
C00006_P025,P025,Social Anxiety,the timing of this post is suspicious...,validation,relatable,10,2025-07-04,the timing of this post is suspicious,Relatable,0.9637,0.0
C00007_P025,P025,Social Anxiety,ok so too accurate yaar,validation,relatable,9,2025-07-04,ok so too accurate yaar,Relatable,0.9549,0.34
C00008_P025,P025,Social Anxiety,I'm going to pretend I didn't read this lol,validation,relatable,11,2025-07-04,i'm going to pretend i didn't read this lol,Relatable,0.9662,0.0
C00009_P025,P025,Social Anxiety,which app is this? btw,generic,neutral,15,2025-07-04,which app is this btw,Neutral,0.0174,-0.34
C00010_P025,P025,Social Anxiety,ok but exactly what I go through pls,validation,relatable,8,2025-07-04,ok but exactly what i go through pls,Relatable,0.9534,0.34
C00011_P025,P025,Social Anxiety,"hold on, my biography",validation,relatable,12,2025-07-04,hold on my biography,Relatable,0.9752,0.0
C00012_P025,P025,Social Anxiety,"hold on, personal at this point anna",validation,relatable,12,2025-07-04,hold on personal at this point anna,Relatable,0.9654,0.0
C00013_P025,P025,Social Anxiety,so true btw,generic,neutral,13,2025-07-04,so true btw,Neutral,0.0209,0.34
C00014_P025,P025,Social Anxiety,not me exactly what I go through istg,validation,relatable,8,2025-07-04,not me exactly what i go through istg,Relatable,0.9832,0.68
C00015_P025,P025,Social Anxiety,lol ok sis,generic,neutral,12,2025-07-04,lol ok sis,Neutral,0.0364,0.0
C00016_P025,P025,Social Anxiety,WHO ALLOWED YOU TO EXPOSE ME LIKE THIS NGL,validation,relatable,15,2025-07-04,who allowed you to expose me like this ngl,Relatable,0.9564,0.34
C00017_P025,P025,Social Anxiety,dm for promotions !!,generic,neutral,8,2025-07-04,dm for promotions !!,Neutral,0.0208,0.06
C00018_P025,P025,Social Anxiety,it's too cacurate 😅,validation,relatable,9,2025-07-04,it's too cacurate,Relatable,0.9356,0.0
C00019_P025,P025,Social Anxiety,exactly.,ambiguous,neutral,17,2025-07-04,exactly,Neutral,0.3346,0.34
C00020_P025,P025,Social Anxiety,"sent this to my best friend at 2am and she replied why is this us, I still have no answer fr",validation,relatable,8,2025-07-04,sent this to my best friend at am and she replied why is this us i still have no answer fr,Relatable,0.9498,0.0
C00021_P025,P025,Social Anxiety,haha true bro,generic,neutral,14,2025-07-04,haha true bro,Neutral,0.0106,0.34
C00022_P025,P025,Social Anxiety,saved this for the next time it happens 😭😭,validation,relatable,11,2025-07-04,saved this for the next time it happens,Relatable,0.95,0.0
C00023_P025,P025,Social Anxiety,literally screenshot of my head 😭,validation,relatable,9,2025-07-04,literally screenshot of my head,Relatable,0.9748,0.34
C00000_P026,P026,Dating & Situationships,why does this feel personal istg,validation,relatable,10,2025-07-05,why does this feel personal istg,Relatable,0.9399,0.0
C00001_P026,P026,Dating & Situationships,hmm,ambiguous,neutral,17,2025-07-05,hmm,Neutral,0.1748,0.0
C00002_P026,P026,Dating & Situationships,mine left me on delivered for 3 days 😭,personal_story,relatable,9,2025-07-05,mine left me on delivered for days,Relatable,0.9144,0.34
C00003_P026,P026,Dating & Situationships,"another relatable page, how original",sarcasm,neutral,12,2025-07-05,another relatable page how original,Neutral,0.0229,0.0
C00004_P026,P026,Dating & Situationships,dm for promotions,generic,neutral,9,2025-07-05,dm for promotions,Neutral,0.0208,-0.34
C00005_P026,P026,Dating & Situationships,I'm going to pretend I didn't read this,validation,relatable,13,2025-07-05,i'm going to pretend i didn't read this,Relatable,0.9746,0.0
C00006_P026,P026,Dating & Situationships,I relate to this too much anna,validation,relatable,7,2025-07-05,i relate to this too much anna,Relatable,0.9594,0.0
C00007_P026,P026,Dating & Situationships,song name please? :),generic,neutral,17,2025-07-05,song name please,Neutral,0.019,-0.34
C00008_P026,P026,Dating & Situationships,took the words right out of my mouth lmao,validation,relatable,10,2025-07-05,took the words right out of my mouth lmao,Relatable,0.9771,0.0
C00000_P027,P027,Money Struggles,realest thing on my feed today,ambiguous,relatable,12,2025-07-07,realest thing on my feed today,Relatable,0.5428,0.0
C00001_P027,P027,Money Struggles,saved this for the next time it happens fr,validation,relatable,12,2025-07-07,saved this for the next time it happens fr,Relatable,0.9589,0.0
C00002_P027,P027,Money Struggles,first cooomment ++,generic,neutral,8,2025-07-07,first coomment,Neutral,0.0443,0.0
C00003_P027,P027,Money Struggles,"why did this describe my entire existence in 30 seconds, I'm filing a complaint anna",validation,relatable,8,2025-07-07,why did this describe my entire existence in seconds i'm filing a complaint anna,Relatable,0.9349,0.0
C00004_P027,P027,Money Struggles,follow for follow?,generic,neutral,6,2025-07-07,follow for follow,Neutral,0.0253,-0.34
C00005_P027,P027,Money Struggles,why is this a documentary about me pls,validation,relatable,13,2025-07-07,why is this a documentary about me pls,Relatable,0.9699,0.34
C00006_P027,P027,Money Struggles,the caption though,ambiguous,neutral,12,2025-07-07,the caption though,Relatable,0.5925,0.0
C00007_P027,P027,Money Struggles,free followers in bio !!,generic,neutral,11,2025-07-07,free followers in bio !!,Neutral,0.0357,-0.28
C00008_P027,P027,Money Struggles,why is this the story of my life ngl,validation,relatable,14,2025-07-07,why is this the story of my life ngl,Relatable,0.9794,0.0
C00009_P027,P027,Money Struggles,every frame is my biography anna,validation,relatable,13,2025-07-07,every frame is my biography anna,Relatable,0.9757,0.0
C00010_P027,P027,Money Struggles,literally my biography,validation,relatable,11,2025-07-07,literally my biography,Relatable,0.9825,0.34
C00011_P027,P027,Money Struggles,hello?? my biography bhai,validation,relatable,14,2025-07-07,hello my biography bhai,Relatable,0.9635,0.0
C00012_P027,P027,Money Struggles,why does this feel personal...,validation,relatable,8,2025-07-07,why does this feel personal,Relatable,0.9388,0.0
C00013_P027,P027,Money Struggles,saved this for the next time it happens lmao,validation,relatable,7,2025-07-07,saved this for the next time it happens lmao,Relatable,0.9656,0.0
C00014_P027,P027,Money Struggles,I paused. sat down. processed. same. 🥲,validation,relatable,9,2025-07-07,i paused sat down processed same,Relatable,0.9534,0.34
C00015_P027,P027,Money Struggles,kinda yes,ambiguous,relatable,6,2025-07-07,kinda yes,Relatable,0.7286,0.0
C00016_P027,P027,Money Struggles,who allowed you to expose me like this da,validation,relatable,11,2025-07-07,who allowed you to expose me like this da,Relatable,0.965,0.34
C00017_P027,P027,Money Struggles,this is my 13th reason (affectionate),ambiguous,relatable,15,2025-07-07,this is my th reason affectionate,Neutral,0.4951,0.0
C00018_P027,P027,Money Struggles,true macha,generic,neutral,6,2025-07-07,true macha,Neutral,0.0146,0.34
C00019_P027,P027,Money Struggles,I felt that 💀,validation,relatable,7,2025-07-07,i felt that,Relatable,0.935,0.34
C00020_P027,P027,Money Struggles,no because so me lmao,validation,relatable,10,2025-07-07,no because so me lmao,Relatable,0.9733,0.34
C00021_P027,P027,Money Struggles,this generation and its labels istg,sarcasm,neutral,15,2025-07-07,this generation and its labels istg,Neutral,0.0996,0.0
C00022_P027,P027,Money Struggles,WHY IS THIS SCREENSHOT OF MY HEAD FR,validation,relatable,9,2025-07-07,why is this screenshot of my head fr,Relatable,0.9762,0.0
C00023_P027,P027,Money Struggles,my account balance is a horror movie,personal_story,relatable,11,2025-07-07,my account balance is a horror movie,Relatable,0.8885,0.0
C00024_P027,P027,Money Struggles,this speaks for my whole generation lmao,validation,relatable,6,2025-07-07,this speaks for my whole generation lmao,Relatable,0.9669,0.0
C00025_P027,P027,Money Struggles,I paused. sat down. processed. same. 🥲🥲,validation,relatable,8,2025-07-07,i paused sat down processed same,Relatable,0.9534,0.34
C00026_P027,P027,Money Struggles,ok so my whole life yaar,validation,relatable,18,2025-07-07,ok so my whole life yaar,Relatable,0.9734,0.0
C00027_P027,P027,Money Struggles,awesome work!,generic,neutral,16,2025-07-07,awesome work!,Neutral,0.0299,-0.14
C00028_P027,P027,Money Struggles,"hold on, me in one post 💀",validation,relatable,4,2025-07-07,hold on me in one post,Relatable,0.9708,0.34
C00029_P027,P027,Money Struggles,ok so my last three years in one video no cap,validation,relatable,16,2025-07-07,ok so my last three years in one video no cap,Relatable,0.9779,0.0
C00030_P027,P027,Money Struggles,bro exactly what I go through 😅,validation,relatable,12,2025-07-07,bro exactly what i go through,Relatable,0.9105,0.34
C00031_P027,P027,Money Struggles,lol ok tbw,generic,neutral,14,2025-07-07,lol ok tbw,Neutral,0.0618,0.0
C00032_P027,P027,Money Struggles,Rs.200 is not small when you have Rs.400,personal_story,relatable,10,2025-07-07,rs is not small when you have rs,Relatable,0.8715,0.0
C00033_P027,P027,Money Struggles,the way it me,validation,relatable,11,2025-07-07,the way it me,Relatable,0.98,0.34
C00034_P027,P027,Money Struggles,the way it me 😭😭,validation,relatable,11,2025-07-07,the way it me,Relatable,0.98,0.34
C00035_P027,P027,Money Struggles,I agree !!,generic,neutral,12,2025-07-07,i agree !!,Neutral,0.0316,0.4
C00036_P027,P027,Money Struggles,this hit,ambiguous,neutral,8,2025-07-07,this hit,Neutral,0.1016,0.0
C00037_P027,P027,Money Struggles,who hurt you bro,sarcasm,neutral,6,2025-07-07,who hurt you bro,Neutral,0.0399,0.34
C00038_P027,P027,Money Struggles,"another relatable page, how original",sarcasm,neutral,9,2025-07-07,another relatable page how original,Neutral,0.0229,0.0
C00039_P027,P027,Money Struggles,stop describing me,validation,relatable,12,2025-07-07,stop describing me,Relatable,0.9611,0.34
C00040_P027,P027,Money Struggles,ok this is a mood,ambiguous,relatable,8,2025-07-07,ok this is a mood,Neutral,0.3186,0.0
C00041_P027,P027,Money Struggles,fake deep,sarcasm,neutral,12,2025-07-07,fake deep,Neutral,0.0409,0.0
C00042_P027,P027,Money Struggles,I relate to this too much anna,validation,relatable,17,2025-07-07,i relate to this too much anna,Relatable,0.9594,0.0
C00043_P027,P027,Money Struggles,wait exactly what I go through...,validation,relatable,7,2025-07-07,wait exactly what i go through,Relatable,0.9527,0.34
C00044_P027,P027,Money Struggles,bro screenshot of my head ong,validation,relatable,12,2025-07-07,bro screenshot of my head ong,Relatable,0.9664,0.0
C00045_P027,P027,Money Struggles,hello?? my biography istg,validation,relatable,10,2025-07-07,hello my biography istg,Relatable,0.9569,0.0
C00046_P027,P027,Money Struggles,"everyone overthinks, nothing special",sarcasm,neutral,14,2025-07-07,everyone overthinks nothing special,Neutral,0.0555,0.0
C00047_P027,P027,Money Struggles,"found this page today, already binged everything :)",generic,neutral,8,2025-07-07,found this page today already binged everything,Neutral,0.0228,-0.34
C00048_P027,P027,Money Struggles,ok so exactly what I go through 😭😭,validation,relatable,12,2025-07-07,ok so exactly what i go through,Relatable,0.9517,0.34
C00049_P027,P027,Money Struggles,WAIT EXACTLY WHAT I GO THROUGH BHAI,validation,relatable,14,2025-07-07,wait exactly what i go through bhai,Relatable,0.9663,0.34
C00050_P027,P027,Money Struggles,the way my last three years in one video...,validation,relatable,16,2025-07-07,the way my last three years in one video,Relatable,0.9801,0.0
C00051_P027,P027,Money Struggles,the timing of this post is suspicious pls,validation,relatable,12,2025-07-07,the timing of this post is suspicious pls,Relatable,0.9643,0.0
C00052_P027,P027,Money Struggles,saved this for the next time it happens ngl,validation,relatable,11,2025-07-07,saved this for the next time it happens ngl,Relatable,0.9554,0.0
C00053_P027,P027,Money Struggles,free followers in bio btw,generic,neutral,12,2025-07-07,free followers in bio btw,Neutral,0.0238,-0.68
C00054_P027,P027,Money Struggles,stop describing me 😅,validation,relatable,14,2025-07-07,stop describing me,Relatable,0.9611,0.34
C00055_P027,P027,Money Struggles,i live this every single day yaar,validation,relatable,11,2025-07-07,i live this every single day yaar,Relatable,0.9552,0.0
C00056_P027,P027,Money Struggles,why does this feel personal ?!,validation,relatable,6,2025-07-07,why does this feel personal !,Relatable,0.9388,0.2
C00057_P027,P027,Money Struggles,"found this page today, already binged everything 🔥",generic,neutral,15,2025-07-07,found this page today already binged everything,Neutral,0.0228,-0.34
C00058_P027,P027,Money Struggles,sir this is my diary page...,validation,relatable,12,2025-07-07,sir this is my diary page,Relatable,0.9648,-0.34
C00059_P027,P027,Money Struggles,"sent this to my best friend at 2am and she replied why is this us, I still have no answer",validation,relatable,12,2025-07-07,sent this to my best friend at am and she replied why is this us i still have no answer,Relatable,0.9388,0.0
C00060_P027,P027,Money Struggles,not me a documentary about me istg,validation,relatable,8,2025-07-07,not me a documentary about me istg,Relatable,0.9816,0.34
C00061_P027,P027,Money Struggles,ok so me in one post,validation,relatable,12,2025-07-07,ok so me in one post,Relatable,0.9841,0.34
C00062_P027,P027,Money Struggles,facts !!,generic,neutral,10,2025-07-07,facts !!,Neutral,0.0317,0.4
C00063_P027,P027,Money Struggles,exactly this,ambiguous,relatable,12,2025-07-07,exactly this,Relatable,0.5504,0.34
C00064_P027,P027,Money Struggles,the way me in one post istg,validation,relatable,7,2025-07-07,the way me in one post istg,Relatable,0.9721,0.34
C00065_P027,P027,Money Struggles,wow okay then,ambiguous,neutral,12,2025-07-07,wow okay then,Neutral,0.4985,0.0
C00066_P027,P027,Money Struggles,I paused. sat down. processed. same....,validation,relatable,21,2025-07-07,i paused sat down processed same,Relatable,0.9534,0.34
C00067_P027,P027,Money Struggles,me in one post fr,validation,relatable,6,2025-07-07,me in one post fr,Relatable,0.9762,0.34
C00068_P027,P027,Money Struggles,no yeah,ambiguous,relatable,17,2025-07-07,no yeah,Neutral,0.2512,0.0
C00069_P027,P027,Money Struggles,YEAH.,ambiguous,neutral,10,2025-07-07,yeah,Neutral,0.3148,0.0
C00070_P027,P027,Money Struggles,nah a documentary about me bhai,validation,relatable,14,2025-07-07,nah a documentary about me bhai,Relatable,0.9701,0.34
C00071_P027,P027,Money Struggles,THE ENDING 😭,ambiguous,neutral,13,2025-07-07,the ending,Relatable,0.6694,0.0
C00072_P027,P027,Money Struggles,haha true macha,generic,neutral,11,2025-07-07,haha true macha,Neutral,0.0077,0.34
C00073_P027,P027,Money Struggles,you read my diary da,validation,relatable,13,2025-07-07,you read my diary da,Relatable,0.9786,0.0
C00074_P027,P027,Money Struggles,WHY IS THIS MY EVERYDAY ROUTINE 😅,validation,relatable,14,2025-07-07,why is this my everyday routine,Relatable,0.9592,0.0
C00075_P027,P027,Money Struggles,so dramatic for no reason,sarcasm,neutral,10,2025-07-07,so dramatic for no reason,Neutral,0.0825,0.0
C00076_P027,P027,Money Struggles,why is this my biography pls,validation,relatable,9,2025-07-07,why is this my biography pls,Relatable,0.9661,0.0
C00077_P027,P027,Money Struggles,nah screenshot of my head lmao,validation,relatable,12,2025-07-07,nah screenshot of my head lmao,Relatable,0.9783,0.0
C00078_P027,P027,Money Struggles,when is part 2? 👍,generic,neutral,13,2025-07-07,when is part,Neutral,0.0285,-0.34
C00079_P027,P027,Money Struggles,a mood,ambiguous,neutral,13,2025-07-07,a mood,Neutral,0.3889,0.0
C00080_P027,P027,Money Struggles,the way too real da,validation,relatable,13,2025-07-07,the way too real da,Relatable,0.9253,0.34
C00081_P027,P027,Money Struggles,i didnt consent to being exposed 💀,validation,relatable,10,2025-07-07,i didnt consent to being exposed,Relatable,0.9056,0.0
C00082_P027,P027,Money Struggles,fr my last three years in one video 🥲🥲,validation,relatable,13,2025-07-07,fr my last three years in one video,Relatable,0.9787,0.0
C00083_P027,P027,Money Struggles,stop describing me 😭😭,validation,relatable,7,2025-07-07,stop describing me,Relatable,0.9611,0.34
C00084_P027,P027,Money Struggles,wow so relatable 🙄,sarcasm,neutral,11,2025-07-07,wow so relatable,Neutral,0.0446,0.34
C00085_P027,P027,Money Struggles,POSTED AT THE RIGHT TIME 🔥,generic,neutral,4,2025-07-07,posted at the right time,Neutral,0.0522,0.0
C00086_P027,P027,Money Struggles,the edit quality is insane macha,generic,neutral,9,2025-07-07,the edit quality is insane macha,Neutral,0.0165,-0.34
C00087_P027,P027,Money Struggles,wait me in one post istg,validation,relatable,10,2025-07-07,wait me in one post istg,Relatable,0.9565,0.34
C00088_P027,P027,Money Struggles,"OK BUT THIS IS LITERALLY EVERYONE, NOTHING UNIQUE",sarcasm,neutral,10,2025-07-07,ok but this is literally everyone nothing unique,Neutral,0.088,0.34
C00089_P027,P027,Money Struggles,LOVE THIS PAGE,generic,neutral,12,2025-07-07,love this page,Neutral,0.0197,-0.34
C00090_P027,P027,Money Struggles,so true,generic,neutral,10,2025-07-07,so true,Neutral,0.0315,0.34
C00091_P027,P027,Money Struggles,awesome work macha,generic,neutral,10,2025-07-07,awesome work macha,Neutral,0.0213,-0.34
C00092_P027,P027,Money Struggles,do a collab with us sis,generic,neutral,9,2025-07-07,do a collab with us sis,Neutral,0.025,-0.34
C00093_P027,P027,Money Struggles,free followers in bio bro,generic,neutral,10,2025-07-07,free followers in bio bro,Neutral,0.0302,-0.68
C00094_P027,P027,Money Struggles,facts macha,generic,neutral,9,2025-07-07,facts macha,Neutral,0.0115,0.0
C00095_P027,P027,Money Struggles,FACTS ++,generic,neutral,7,2025-07-07,facts,Neutral,0.0317,0.0
C00096_P027,P027,Money Struggles,took the words right out of my mouth!!,validation,relatable,11,2025-07-07,took the words right out of my mouth!!,Relatable,0.9668,0.4
C00097_P027,P027,Money Struggles,I relate to this too much pls,validation,relatable,12,2025-07-07,i relate to this too much pls,Relatable,0.9599,0.0
C00098_P027,P027,Money Struggles,every frame is my biography bhai,validation,relatable,12,2025-07-07,every frame is my biography bhai,Relatable,0.9752,0.0
C00099_P027,P027,Money Struggles,the way literally me fr fr,validation,relatable,10,2025-07-07,the way literally me fr fr,Relatable,0.9861,0.68
C00100_P027,P027,Money Struggles,that hit close to home ong,validation,relatable,10,2025-07-07,that hit close to home ong,Relatable,0.9514,0.34
C00101_P027,P027,Money Struggles,I'm going to pretend I didn't read this!!,validation,relatable,14,2025-07-07,i'm going to pretend i didn't read this!!,Relatable,0.9746,0.4
C00102_P027,P027,Money Struggles,underrated page fr btw,generic,neutral,11,2025-07-07,underrated page fr btw,Neutral,0.0147,-0.34
C00103_P027,P027,Money Struggles,nah too real fr,validation,relatable,11,2025-07-07,nah too real fr,Relatable,0.9092,0.34
C00104_P027,P027,Money Struggles,true that,generic,neutral,5,2025-07-07,true that,Neutral,0.0249,0.34
C00105_P027,P027,Money Struggles,wait my whole life no cap,validation,relatable,9,2025-07-07,wait my whole life no cap,Relatable,0.9843,0.0
C00106_P027,P027,Money Struggles,the timing of this post is suspicious ngl,validation,relatable,10,2025-07-07,the timing of this post is suspicious ngl,Relatable,0.9751,0.0
C00107_P027,P027,Money Struggles,instagram therapists at it again,sarcasm,neutral,10,2025-07-07,instagram therapists at it again,Neutral,0.0944,0.0
C00108_P027,P027,Money Struggles,"hold on, my whole life ?!",validation,relatable,11,2025-07-07,hold on my whole life !,Relatable,0.9836,0.2
C00109_P027,P027,Money Struggles,true that !!,generic,neutral,11,2025-07-07,true that !!,Neutral,0.0249,0.74
C00110_P027,P027,Money Struggles,not me too real fr fr,validation,relatable,12,2025-07-07,not me too real fr fr,Relatable,0.969,0.68
C00111_P027,P027,Money Struggles,I showed this to my roommate and we just sat in silence for a minute 😭😭,validation,relatable,13,2025-07-07,i showed this to my roommate and we just sat in silence for a minute,Relatable,0.9129,0.34
C00112_P027,P027,Money Struggles,dm for promotions 🔥,generic,neutral,13,2025-07-07,dm for promotions,Neutral,0.0208,-0.34
C00113_P027,P027,Money Struggles,hello?? too accurate,validation,relatable,12,2025-07-07,hello too accurate,Relatable,0.9492,0.34
C00114_P027,P027,Money Struggles,I AGREE ++,generic,neutral,16,2025-07-07,i agree,Neutral,0.0316,0.0
C00115_P027,P027,Money Struggles,I felt that da,validation,relatable,5,2025-07-07,i felt that da,Relatable,0.9314,0.34
C00116_P027,P027,Money Struggles,NO BECAUSE MY LAST THREE YEARS IN ONE VIDEO!!,validation,relatable,8,2025-07-07,no because my last three years in one video!!,Relatable,0.97,0.4
C00117_P027,P027,Money Struggles,the timing of this post is suspicious ?!,validation,relatable,4,2025-07-07,the timing of this post is suspicious !,Relatable,0.9637,0.2
C00118_P027,P027,Money Struggles,I feel seen,ambiguous,neutral,12,2025-07-07,i feel seen,Neutral,0.3236,0.34
C00119_P027,P027,Money Struggles,you read my diary,validation,relatable,15,2025-07-07,you read my diary,Relatable,0.9682,0.0
C00000_P028,P028,College & Hostel Life,part 3 when?,question,neutral,7,2025-07-08,part when,Neutral,0.0328,-0.34
C00001_P028,P028,College & Hostel Life,8am classes should be illegal,personal_story,relatable,11,2025-07-08,am classes should be illegal,Relatable,0.884,0.0
C00002_P028,P028,College & Hostel Life,every frame is my biography 😅,validation,relatable,9,2025-07-08,every frame is my biography,Relatable,0.9774,0.0
C00003_P028,P028,College & Hostel Life,check my page 🔥,generic,neutral,9,2025-07-08,check my page,Neutral,0.0322,-0.68
C00004_P028,P028,College & Hostel Life,you read my diary,validation,relatable,9,2025-07-08,you read my diary,Relatable,0.9682,0.0
C00005_P028,P028,College & Hostel Life,this is personal at this point ngl,validation,relatable,13,2025-07-08,this is personal at this point ngl,Relatable,0.9546,0.0
C00006_P028,P028,College & Hostel Life,nah screenshot of my head pls,validation,relatable,11,2025-07-08,nah screenshot of my head pls,Relatable,0.9772,0.0
C00007_P028,P028,College & Hostel Life,"hold on, me in one post 😭",validation,relatable,9,2025-07-08,hold on me in one post,Relatable,0.9708,0.34
C00008_P028,P028,College & Hostel Life,I've never been so seen yaar,validation,relatable,12,2025-07-08,i've never been so seen yaar,Relatable,0.9304,0.34
C00009_P028,P028,College & Hostel Life,i'm going to pretend i didn't read this 😭😭,validation,relatable,12,2025-07-08,i'm going to pretend i didn't read this,Relatable,0.9746,0.0
C00010_P028,P028,College & Hostel Life,it's too accurate 😭😭,validation,relatable,9,2025-07-08,it's too accurate,Relatable,0.9825,0.34
C00011_P028,P028,College & Hostel Life,underrated page fr sis,generic,neutral,10,2025-07-08,underrated page fr sis,Neutral,0.0216,-0.34
C00012_P028,P028,College & Hostel Life,saved this for the next time it happens da,validation,relatable,7,2025-07-08,saved this for the next time it happens da,Relatable,0.9566,0.0
C00013_P028,P028,College & Hostel Life,this speaks for my whole generation lmao,validation,relatable,8,2025-07-08,this speaks for my whole generation lmao,Relatable,0.9669,0.0
C00014_P028,P028,College & Hostel Life,this is just basic psychology,sarcasm,neutral,12,2025-07-08,this is just basic psychology,Neutral,0.0677,0.0
C00015_P028,P028,College & Hostel Life,realest thing on my feed today,ambiguous,relatable,8,2025-07-08,realest thing on my feed today,Relatable,0.5428,0.0
C00016_P028,P028,College & Hostel Life,the way my whole life!!,validation,relatable,11,2025-07-08,the way my whole life!!,Relatable,0.9871,0.4
C00017_P028,P028,College & Hostel Life,facts 🔥,generic,neutral,12,2025-07-08,facts,Neutral,0.0317,0.0
C00000_P029,P029,Family Pressure,that's my biography yaar,validation,relatable,6,2025-07-09,that's my biography yaar,Relatable,0.9408,0.0
C00001_P029,P029,Family Pressure,underrated page fr,generic,neutral,12,2025-07-09,underrated page fr,Neutral,0.0312,-0.34
C00002_P029,P029,Family Pressure,this is the kind of post you save at 2am and rewatch when it happens again...,validation,relatable,16,2025-07-09,this is the kind of post you save at am and rewatch when it happens again,Relatable,0.9287,0.0
C00003_P029,P029,Family Pressure,took the words right out of my mouth 😅,validation,relatable,11,2025-07-09,took the words right out of my mouth,Relatable,0.9668,0.0
C00004_P029,P029,Family Pressure,is this based on real events?,question,neutral,13,2025-07-09,is this based on real events,Neutral,0.0778,0.34
C00005_P029,P029,Family Pressure,"ok but this is literally everyone, nothing unique",sarcasm,neutral,14,2025-07-09,ok but this is literally everyone nothing unique,Neutral,0.088,0.34
C00006_P029,P029,Family Pressure,background music name?!,generic,neutral,9,2025-07-09,background music name !,Neutral,0.0226,-0.14
C00007_P029,P029,Family Pressure,who allowed you to expose me like this no cap,validation,relatable,8,2025-07-09,who allowed you to expose me like this no cap,Relatable,0.968,0.34
C00008_P029,P029,Family Pressure,this is just basic pscyhology,sarcasm,neutral,12,2025-07-09,this is just basic pscyhology,Neutral,0.1304,0.0
C00009_P029,P029,Family Pressure,reading this at 3am was a mistake pls,validation,relatable,10,2025-07-09,reading this at am was a mistake pls,Relatable,0.9566,0.0
C00010_P029,P029,Family Pressure,🔥🔥,generic,neutral,14,2025-07-09,,Neutral,0.2792,0.0
C00011_P029,P029,Family Pressure,watched this five times already lol,validation,relatable,15,2025-07-09,watched this five times already lol,Relatable,0.9438,0.0
C00012_P029,P029,Family Pressure,this is so me ?!,validation,relatable,10,2025-07-09,this is so me !,Relatable,0.9807,0.54
C00013_P029,P029,Family Pressure,true that,generic,neutral,9,2025-07-09,true that,Neutral,0.0249,0.34
C00014_P029,P029,Family Pressure,"sure, totally me",sarcasm,neutral,13,2025-07-09,sure totally me,Neutral,0.0829,0.34
C00015_P029,P029,Family Pressure,i live this every single day lmao,validation,relatable,9,2025-07-09,i live this every single day lmao,Relatable,0.9582,0.0
C00016_P029,P029,Family Pressure,'log kya kahenge' has ruined more careers than failure ever did,personal_story,relatable,14,2025-07-09,'log kya kahenge' has ruined more careers than failure ever did,Relatable,0.8525,0.0
C00017_P029,P029,Family Pressure,wait my last three years in one video fr,validation,relatable,10,2025-07-09,wait my last three years in one video fr,Relatable,0.9767,0.0
C00018_P029,P029,Family Pressure,this is so me!!,validation,relatable,12,2025-07-09,this is so me!!,Relatable,0.9807,0.4
C00019_P029,P029,Family Pressure,"everyone overthinks, nothing special",sarcasm,neutral,7,2025-07-09,everyone overthinks nothing special,Neutral,0.0555,0.0
C00020_P029,P029,Family Pressure,the way so em no cap,validation,relatable,12,2025-07-09,the way so em no cap,Relatable,0.9138,0.0
C00021_P029,P029,Family Pressure,superb,generic,neutral,10,2025-07-09,superb,Neutral,0.0327,0.0
C00022_P029,P029,Family Pressure,posted at the right time :),generic,neutral,11,2025-07-09,posted at the right time,Neutral,0.0522,0.0
C00023_P029,P029,Family Pressure,facts,generic,neutral,8,2025-07-09,facts,Neutral,0.0317,0.0
C00024_P029,P029,Family Pressure,no because the story of my life fr,validation,relatable,13,2025-07-09,no because the story of my life fr,Relatable,0.9801,0.0
C00025_P029,P029,Family Pressure,awesome work !!,generic,neutral,14,2025-07-09,awesome work !!,Neutral,0.0299,0.06
C00026_P029,P029,Family Pressure,no because literally me lmaoo,validation,relatable,8,2025-07-09,no because literally me lmaoo,Relatable,0.961,0.68
C00027_P029,P029,Family Pressure,kinda yes,ambiguous,relatable,7,2025-07-09,kinda yes,Relatable,0.7286,0.0
C00028_P029,P029,Family Pressure,nice post !!,generic,neutral,5,2025-07-09,nice post !!,Neutral,0.0661,0.06
C00029_P029,P029,Family Pressure,which app is this? bro,generic,neutral,12,2025-07-09,which app is this bro,Neutral,0.0236,-0.34
C00030_P029,P029,Family Pressure,readign this at 3am was a mistake 🥲,validation,relatable,12,2025-07-09,readign this at am was a mistake,Relatable,0.9393,0.0
C00031_P029,P029,Family Pressure,exactly this,ambiguous,neutral,11,2025-07-09,exactly this,Relatable,0.5504,0.34
C00032_P029,P029,Family Pressure,"hold no, my biography lol",validation,relatable,9,2025-07-09,hold no my biography lol,Relatable,0.9577,0.0
C00033_P029,P029,Family Pressure,hello?? exactly what I go through bhai,validation,relatable,10,2025-07-09,hello exactly what i go through bhai,Relatable,0.9642,0.34
C00034_P029,P029,Family Pressure,this is exactly what I go through fr fr,validation,relatable,11,2025-07-09,this is exactly what i go through fr fr,Relatable,0.9732,0.34
C00035_P029,P029,Family Pressure,check my page,generic,neutral,11,2025-07-09,check my page,Neutral,0.0322,-0.68
C00036_P029,P029,Family Pressure,I'm crying,ambiguous,relatable,18,2025-07-09,i'm crying,Relatable,0.5878,0.34
C00037_P029,P029,Family Pressure,I'm going to pretend I didn't read this 😭,validation,relatable,8,2025-07-09,i'm going to pretend i didn't read this,Relatable,0.9746,0.0
C00038_P029,P029,Family Pressure,true that btw,generic,neutral,12,2025-07-09,true that btw,Neutral,0.0106,0.34
C00039_P029,P029,Family Pressure,this hit,ambiguous,neutral,10,2025-07-09,this hit,Neutral,0.1016,0.0
C00040_P029,P029,Family Pressure,no because screenshot of my head lol,validation,relatable,10,2025-07-09,no because screenshot of my head lol,Relatable,0.9692,0.0
C00041_P029,P029,Family Pressure,"I'm the family NGO, free labour included",personal_story,relatable,12,2025-07-09,i'm the family ngo free labour included,Relatable,0.8586,-0.34
C00042_P029,P029,Family Pressure,this is my brain on a normal tuesday 😭,validation,relatable,12,2025-07-09,this is my brain on a normal tuesday,Relatable,0.9769,0.0
C00043_P029,P029,Family Pressure,hello?? literally me,validation,relatable,18,2025-07-09,hello literally me,Relatable,0.9694,0.68
C00044_P029,P029,Family Pressure,why is this it me yaar,validation,relatable,7,2025-07-09,why is this it me yaar,Relatable,0.9672,0.34
C00045_P029,P029,Family Pressure,the way so me...,validation,relatable,7,2025-07-09,the way so me,Relatable,0.976,0.34
C00046_P029,P029,Family Pressure,posted at the right time!,generic,neutral,13,2025-07-09,posted at the right time!,Neutral,0.0522,0.2
C00047_P029,P029,Family Pressure,first comment :),generic,neutral,11,2025-07-09,first comment,Neutral,0.0263,0.0
C00048_P029,P029,Family Pressure,love this page,generic,neutral,9,2025-07-09,love this page,Neutral,0.0197,-0.34
C00049_P029,P029,Family Pressure,😍 :),generic,neutral,7,2025-07-09,,Neutral,0.2792,0.0
C00050_P029,P029,Family Pressure,hurts but fair,ambiguous,relatable,7,2025-07-09,hurts but fair,Relatable,0.5599,0.34
C00051_P029,P029,Family Pressure,PERSONALLY ATTACKED,ambiguous,relatable,15,2025-07-09,personally attacked,Neutral,0.238,0.34
C00052_P029,P029,Family Pressure,not this again,ambiguous,neutral,8,2025-07-09,not this again,Neutral,0.285,0.0
C00053_P029,P029,Family Pressure,"why does this have no likes, underrated",question,neutral,9,2025-07-09,why does this have no likes underrated,Neutral,0.0679,0.0
C00054_P029,P029,Family Pressure,ok but my biography pls,validation,relatable,9,2025-07-09,ok but my biography pls,Relatable,0.9609,0.0
C00055_P029,P029,Family Pressure,the edit quality is insane !!,generic,neutral,10,2025-07-09,the edit quality is insane !!,Neutral,0.0239,0.06
C00056_P029,P029,Family Pressure,deserves way more likes ++,generic,neutral,7,2025-07-09,deserves way more likes,Neutral,0.0361,0.0
C00057_P029,P029,Family Pressure,seen.,ambiguous,neutral,11,2025-07-09,seen,Neutral,0.4816,0.34
C00058_P029,P029,Family Pressure,facts!,generic,neutral,7,2025-07-09,facts!,Neutral,0.0317,0.2
C00059_P029,P029,Family Pressure,first comment bro,generic,neutral,13,2025-07-09,first comment bro,Neutral,0.0249,0.0
C00060_P029,P029,Family Pressure,who allowed you to expose me like this bhai,validation,relatable,9,2025-07-09,who allowed you to expose me like this bhai,Relatable,0.9635,0.34
C00061_P029,P029,Family Pressure,wait me in one post fr fr,validation,relatable,11,2025-07-09,wait me in one post fr fr,Relatable,0.9786,0.34
C00062_P029,P029,Family Pressure,nah personal at this point anna,validation,relatable,14,2025-07-09,nah personal at this point anna,Relatable,0.9675,0.0
C00063_P029,P029,Family Pressure,every frame is my biography anna,validation,relatable,12,2025-07-09,every frame is my biography anna,Relatable,0.9757,0.0
C00064_P029,P029,Family Pressure,hello?? literally me yaar,validation,relatable,11,2025-07-09,hello literally me yaar,Relatable,0.9695,0.68
C00065_P029,P029,Family Pressure,literally my everyday routine ?!,validation,relatable,9,2025-07-09,literally my everyday routine !,Relatable,0.9673,0.54
C00066_P029,P029,Family Pressure,underrated page fr 🔥,generic,neutral,9,2025-07-09,underrated page fr,Neutral,0.0312,-0.34
C00067_P029,P029,Family Pressure,true sis,generic,neutral,12,2025-07-09,true sis,Neutral,0.018,0.34
C00068_P029,P029,Family Pressure,the timing of this post is suspicious 😭😭,validation,relatable,19,2025-07-09,the timing of this post is suspicious,Relatable,0.9637,0.0
C00069_P029,P029,Family Pressure,lol ok !!,generic,neutral,12,2025-07-09,lol ok !!,Neutral,0.0618,0.4
C00070_P029,P029,Family Pressure,yeah no,ambiguous,neutral,11,2025-07-09,yeah no,Neutral,0.1506,0.0
C00071_P029,P029,Family Pressure,free followers in bio!,generic,neutral,13,2025-07-09,free followers in bio!,Neutral,0.0357,-0.14
C00072_P029,P029,Family Pressure,this is my brain on a normal tuesday bhai,validation,relatable,10,2025-07-09,this is my brain on a normal tuesday bhai,Relatable,0.9831,0.0
C00073_P029,P029,Family Pressure,"found this page today, already binged everything macha",generic,neutral,6,2025-07-09,found this page today already binged everything macha,Neutral,0.016,-0.34
C00074_P029,P029,Family Pressure,took the words right out of my mouth 🥲🥲,validation,relatable,11,2025-07-09,took the words right out of my mouth,Relatable,0.9668,0.0
C00000_P030,P030,Self-Image & Comparison,true sis,generic,neutral,13,2025-07-11,true sis,Neutral,0.018,0.34
C00001_P030,P030,Self-Image & Comparison,exactly this,ambiguous,relatable,15,2025-07-11,exactly this,Relatable,0.5504,0.34
C00002_P030,P030,Self-Image & Comparison,HOW LONG DID THIS TAKE TO EDIT?,question,neutral,9,2025-07-11,how long did this take to edit,Neutral,0.0753,-0.34
C00003_P030,P030,Self-Image & Comparison,realest thing on my feed today,ambiguous,neutral,10,2025-07-11,realest thing on my feed today,Relatable,0.5428,0.0
C00004_P030,P030,Self-Image & Comparison,excuse me exactly what i go through 🥲,validation,relatable,8,2025-07-11,excuse me exactly what i go through,Relatable,0.9786,0.68
C00005_P030,P030,Self-Image & Comparison,my therapist and my group chat will hear about this post,validation,relatable,18,2025-07-11,my therapist and my group chat will hear about this post,Relatable,0.9305,0.0
C00006_P030,P030,Self-Image & Comparison,the way my whole life yaar,validation,relatable,15,2025-07-11,the way my whole life yaar,Relatable,0.9832,0.0
C00007_P030,P030,Self-Image & Comparison,it's too accurate 😭😭,validation,relatable,11,2025-07-11,it's too accurate,Relatable,0.9825,0.34
C00008_P030,P030,Self-Image & Comparison,I agree 👍,generic,neutral,14,2025-07-11,i agree,Neutral,0.0316,0.0
C00009_P030,P030,Self-Image & Comparison,why is nobody talking about how accurate this is,ambiguous,neutral,11,2025-07-11,why is nobody talking about how accurate this is,Relatable,0.56,0.34
C00010_P030,P030,Self-Image & Comparison,why does this feel personal 😭,validation,relatable,12,2025-07-11,why does this feel personal,Relatable,0.9388,0.0
C00011_P030,P030,Self-Image & Comparison,ok so my last three years in one video ong,validation,relatable,7,2025-07-11,ok so my last three years in one video ong,Relatable,0.9728,0.0
C00012_P030,P030,Self-Image & Comparison,why does this feel personal fr fr,validation,relatable,13,2025-07-11,why does this feel personal fr fr,Relatable,0.9668,0.0
C00013_P030,P030,Self-Image & Comparison,I'm going to pretend I didn't read this 😅,validation,relatable,7,2025-07-11,i'm going to pretend i didn't read this,Relatable,0.9746,0.0
C00014_P030,P030,Self-Image & Comparison,so true !!,generic,neutral,14,2025-07-11,so true !!,Neutral,0.0315,0.74
C00015_P030,P030,Self-Image & Comparison,which pap is this? sis,generic,neutral,13,2025-07-11,which pap is this sis,Neutral,0.0538,0.0
C00016_P030,P030,Self-Image & Comparison,I relate to this too much...,validation,relatable,12,2025-07-11,i relate to this too much,Relatable,0.9599,0.0
C00017_P030,P030,Self-Image & Comparison,lol ok !!,generic,neutral,6,2025-07-11,lol ok !!,Neutral,0.0618,0.4
C00018_P030,P030,Self-Image & Comparison,the way it me istg,validation,relatable,9,2025-07-11,the way it me istg,Relatable,0.9755,0.34
C00019_P030,P030,Self-Image & Comparison,everyone my age is achieving things and I'm here,personal_story,relatable,9,2025-07-11,everyone my age is achieving things and i'm here,Relatable,0.8981,0.0
C00020_P030,P030,Self-Image & Comparison,TRUE THAT SIS,generic,neutral,10,2025-07-11,true that sis,Neutral,0.0199,0.34
C00021_P030,P030,Self-Image & Comparison,i came to instagram to turn my brain off and instead you described it perfectly 💀,validation,relatable,7,2025-07-11,i came to instagram to turn my brain off and instead you described it perfectly,Relatable,0.9285,0.0
C00022_P030,P030,Self-Image & Comparison,who allowed you to expose me like this ?!,validation,relatable,15,2025-07-11,who allowed you to expose me like this !,Relatable,0.951,0.54
C00023_P030,P030,Self-Image & Comparison,first comment,generic,neutral,11,2025-07-11,first comment,Neutral,0.0263,0.0
C00024_P030,P030,Self-Image & Comparison,you read ym diary 😭,validation,relatable,9,2025-07-11,you read ym diary,Relatable,0.7927,0.0
C00025_P030,P030,Self-Image & Comparison,bro literally me...,validation,relatable,10,2025-07-11,bro literally me,Relatable,0.9172,0.68
C00026_P030,P030,Self-Image & Comparison,I didn't consent to being exposed anna,validation,relatable,10,2025-07-11,i didn't consent to being exposed anna,Relatable,0.9665,0.0
C00027_P030,P030,Self-Image & Comparison,why does this feel personal,validation,relatable,11,2025-07-11,why does this feel personal,Relatable,0.9388,0.0
C00028_P030,P030,Self-Image & Comparison,superb bro,generic,neutral,11,2025-07-11,superb bro,Neutral,0.0385,0.0
C00029_P030,P030,Self-Image & Comparison,"why did this describe my entire existence in 30 seconds, I'm filing a complaint fr",validation,relatable,15,2025-07-11,why did this describe my entire existence in seconds i'm filing a complaint fr,Relatable,0.9329,0.0
C00030_P030,P030,Self-Image & Comparison,that hit close to home...,validation,relatable,11,2025-07-11,that hit close to home,Relatable,0.9468,0.34
C00031_P030,P030,Self-Image & Comparison,this is it me yaar,validation,relatable,18,2025-07-11,this is it me yaar,Relatable,0.9718,0.34
C00032_P030,P030,Self-Image & Comparison,do one about hostellers please,question,neutral,14,2025-07-11,do one about hostellers please,Neutral,0.0472,0.0
C00033_P030,P030,Self-Image & Comparison,hello?? it me 😅,validation,relatable,8,2025-07-11,hello it me,Relatable,0.971,0.34
C00034_P030,P030,Self-Image & Comparison,nah too accurate...,validation,relatable,15,2025-07-11,nah too accurate,Relatable,0.9687,0.34
C00035_P030,P030,Self-Image & Comparison,bro me in one post lmaoo,validation,relatable,7,2025-07-11,bro me in one post lmaoo,Relatable,0.9244,0.34
C00036_P030,P030,Self-Image & Comparison,what camera do you use?,question,neutral,13,2025-07-11,what camera do you use,Neutral,0.0565,0.0
C00037_P030,P030,Self-Image & Comparison,ok boomer,sarcasm,neutral,10,2025-07-11,ok boomer,Neutral,0.0538,0.0
C00038_P030,P030,Self-Image & Comparison,excuse me my whole life fr,validation,relatable,14,2025-07-11,excuse me my whole life fr,Relatable,0.9922,0.34
C00039_P030,P030,Self-Image & Comparison,I AGREE,generic,neutral,14,2025-07-11,i agree,Neutral,0.0316,0.0
C00040_P030,P030,Self-Image & Comparison,okay but same,ambiguous,neutral,13,2025-07-11,okay but same,Neutral,0.4851,0.34
C00041_P030,P030,Self-Image & Comparison,"uninstalled Instagram twice, reinstalled in a day",personal_story,relatable,13,2025-07-11,uninstalled instagram twice reinstalled in a day,Relatable,0.8956,0.0
C00042_P030,P030,Self-Image & Comparison,song name please? 🔥,generic,neutral,9,2025-07-11,song name please,Neutral,0.019,-0.34
C00043_P030,P030,Self-Image & Comparison,NOT ME MY BRAIN ON A NORMAL TUESDAY NO CAP,validation,relatable,7,2025-07-11,not me my brain on a normal tuesday no cap,Relatable,0.9878,0.34
C00044_P030,P030,Self-Image & Comparison,I paused. sat down. processed. same. ong,validation,relatable,10,2025-07-11,i paused sat down processed same ong,Relatable,0.9688,0.34
C00045_P030,P030,Self-Image & Comparison,the timing of this post is suspicious,validation,relatable,8,2025-07-11,the timing of this post is suspicious,Relatable,0.9637,0.0
C00046_P030,P030,Self-Image & Comparison,do a collab with us,generic,neutral,12,2025-07-11,do a collab with us,Neutral,0.0347,-0.34
C00047_P030,P030,Self-Image & Comparison,no because a documentary about me...,validation,relatable,10,2025-07-11,no because a documentary about me,Relatable,0.9606,0.34
C00048_P030,P030,Self-Image & Comparison,award for most generic post goes to,sarcasm,neutral,17,2025-07-11,award for most generic post goes to,Neutral,0.0696,0.0
C00049_P030,P030,Self-Image & Comparison,bro literally me anna,validation,relatable,12,2025-07-11,bro literally me anna,Relatable,0.9266,0.68
C00050_P030,P030,Self-Image & Comparison,bro a documentary about me pls,validation,relatable,14,2025-07-11,bro a documentary about me pls,Relatable,0.9399,0.34
C00051_P030,P030,Self-Image & Comparison,who allowed you to expose me like this istg,validation,relatable,8,2025-07-11,who allowed you to expose me like this istg,Relatable,0.9537,0.34
C00052_P030,P030,Self-Image & Comparison,bro personal at this point no cap,validation,relatable,14,2025-07-11,bro personal at this point no cap,Relatable,0.944,0.0
C00053_P030,P030,Self-Image & Comparison,"hold on, me in one post pls",validation,relatable,15,2025-07-11,hold on me in one post pls,Relatable,0.9709,0.34
C00054_P030,P030,Self-Image & Comparison,this speaks for my whole generation,validation,relatable,11,2025-07-11,this speaks for my whole generation,Relatable,0.9631,0.0
C00055_P030,P030,Self-Image & Comparison,I relate to this too much da,validation,relatable,12,2025-07-11,i relate to this too much da,Relatable,0.9728,0.0
C00056_P030,P030,Self-Image & Comparison,fr my last three years in one video lmaoo,validation,relatable,13,2025-07-11,fr my last three years in one video lmaoo,Relatable,0.9785,0.0
C00057_P030,P030,Self-Image & Comparison,ok so my everyday routine 😭😭,validation,relatable,8,2025-07-11,ok so my everyday routine,Relatable,0.9528,0.0
C00058_P030,P030,Self-Image & Comparison,the edit quality is insane !!,generic,neutral,11,2025-07-11,the edit quality is insane !!,Neutral,0.0239,0.06
C00059_P030,P030,Self-Image & Comparison,took the words right out of my mouth no cap,validation,relatable,10,2025-07-11,took the words right out of my mouth no cap,Relatable,0.9758,0.0
C00060_P030,P030,Self-Image & Comparison,that hit close to home ngl,validation,relatable,8,2025-07-11,that hit close to home ngl,Relatable,0.9508,0.34
C00061_P030,P030,Self-Image & Comparison,smooth transitions ++,generic,neutral,10,2025-07-11,smooth transitions,Neutral,0.0534,0.0
C00062_P030,P030,Self-Image & Comparison,the edit quality is insane ++,generic,neutral,7,2025-07-11,the edit quality is insane,Neutral,0.0239,-0.34
C00063_P030,P030,Self-Image & Comparison,ok so literally me fr fr,validation,relatable,5,2025-07-11,ok so literally me fr fr,Relatable,0.9802,0.68
C00064_P030,P030,Self-Image & Comparison,check my page 🔥,generic,neutral,8,2025-07-11,check my page,Neutral,0.0322,-0.68
C00065_P030,P030,Self-Image & Comparison,why is this so me 💀,validation,relatable,16,2025-07-11,why is this so me,Relatable,0.9539,0.34
C00066_P030,P030,Self-Image & Comparison,fake deep,sarcasm,neutral,11,2025-07-11,fake deep,Neutral,0.0409,0.0
C00067_P030,P030,Self-Image & Comparison,what app is this?,question,neutral,16,2025-07-11,what app is this,Neutral,0.0518,-0.34
C00068_P030,P030,Self-Image & Comparison,wait personal at this point ?!,validation,relatable,10,2025-07-11,wait personal at this point !,Relatable,0.9474,0.2
C00069_P030,P030,Self-Image & Comparison,your page will blow up btw,generic,neutral,9,2025-07-11,your page will blow up btw,Neutral,0.0114,-0.34
C00070_P030,P030,Self-Image & Comparison,yes because everyone does this obviously,sarcasm,neutral,11,2025-07-11,yes because everyone does this obviously,Neutral,0.0767,0.0
C00071_P030,P030,Self-Image & Comparison,niec post 👍,generic,neutral,10,2025-07-11,niec post,Neutral,0.1353,0.0
C00072_P030,P030,Self-Image & Comparison,haha true :),generic,neutral,7,2025-07-11,haha true,Neutral,0.0086,0.34
C00073_P030,P030,Self-Image & Comparison,it's too accurate no cap,validation,relatable,12,2025-07-11,it's too accurate no cap,Relatable,0.9807,0.34
C00074_P030,P030,Self-Image & Comparison,i showed this to my roommate and we just sat in silence for a minute 🥲🥲,validation,relatable,8,2025-07-11,i showed this to my roommate and we just sat in silence for a minute,Relatable,0.9129,0.34
C00075_P030,P030,Self-Image & Comparison,"ok but this is literally everyone, nothing unique",sarcasm,neutral,12,2025-07-11,ok but this is literally everyone nothing unique,Neutral,0.088,0.34
C00076_P030,P030,Self-Image & Comparison,this is so me bhai,validation,relatable,12,2025-07-11,this is so me bhai,Relatable,0.9777,0.34
C00077_P030,P030,Self-Image & Comparison,nice post,generic,neutral,8,2025-07-11,nice post,Neutral,0.0661,-0.34
C00078_P030,P030,Self-Image & Comparison,cool edit,generic,neutral,6,2025-07-11,cool edit,Neutral,0.0241,-0.68
C00079_P030,P030,Self-Image & Comparison,the timing of this post is suspicious lmao,validation,relatable,13,2025-07-11,the timing of this post is suspicious lmao,Relatable,0.9656,0.0
C00080_P030,P030,Self-Image & Comparison,hello?? it me fr,validation,relatable,10,2025-07-11,hello it me fr,Relatable,0.9784,0.34
C00081_P030,P030,Self-Image & Comparison,the way so me ong,validation,relatable,6,2025-07-11,the way so me ong,Relatable,0.9789,0.34
C00082_P030,P030,Self-Image & Comparison,follow for follow?,generic,neutral,19,2025-07-11,follow for follow,Neutral,0.0253,-0.34
C00083_P030,P030,Self-Image & Comparison,saved this for the next time it happens lol,validation,relatable,6,2025-07-11,saved this for the next time it happens lol,Relatable,0.9536,0.0
C00084_P030,P030,Self-Image & Comparison,I agree :),generic,neutral,12,2025-07-11,i agree,Neutral,0.0316,0.0
C00085_P030,P030,Self-Image & Comparison,part 3 when?,question,neutral,17,2025-07-11,part when,Neutral,0.0328,-0.34
C00086_P030,P030,Self-Image & Comparison,who hurt you bro,sarcasm,neutral,9,2025-07-11,who hurt you bro,Neutral,0.0399,0.34
C00087_P030,P030,Self-Image & Comparison,ok but my brain on a normal tuesday istg,validation,relatable,8,2025-07-11,ok but my brain on a normal tuesday istg,Relatable,0.9589,0.0
C00088_P030,P030,Self-Image & Comparison,do a collab with us btw,generic,neutral,7,2025-07-11,do a collab with us btw,Neutral,0.0187,-0.34
C00089_P030,P030,Self-Image & Comparison,the ending 😭,ambiguous,neutral,9,2025-07-11,the ending,Relatable,0.6694,0.0
C00090_P030,P030,Self-Image & Comparison,every frame is my biography ong,validation,relatable,7,2025-07-11,every frame is my biography ong,Relatable,0.9766,0.0
C00091_P030,P030,Self-Image & Comparison,who allowed you to expose me like this lol,validation,relatable,12,2025-07-11,who allowed you to expose me like this lol,Relatable,0.9467,0.34
C00092_P030,P030,Self-Image & Comparison,keep it up,generic,neutral,6,2025-07-11,keep it up,Neutral,0.0382,0.0
C00093_P030,P030,Self-Image & Comparison,sending this to the group chat with no context ngl,validation,relatable,11,2025-07-11,sending this to the group chat with no context ngl,Relatable,0.9689,0.0
C00094_P030,P030,Self-Image & Comparison,your page will blow up ++,generic,neutral,19,2025-07-11,your page will blow up,Neutral,0.0171,-0.34
C00095_P030,P030,Self-Image & Comparison,SO TRUE!,generic,neutral,13,2025-07-11,so true!,Neutral,0.0315,0.2
C00000_P031,P031,Social Anxiety,"I rehearse before ordering coffee, no exaggeration",personal_story,relatable,14,2025-07-12,i rehearse before ordering coffee no exaggeration,Relatable,0.8775,0.0
C00001_P031,P031,Social Anxiety,not me a documentary about me 💀,validation,relatable,13,2025-07-12,not me a documentary about me,Relatable,0.9836,0.34
C00002_P031,P031,Social Anxiety,FR A DOCUMENTARY ABOUT ME NO CAP,validation,relatable,13,2025-07-12,fr a documentary about me no cap,Relatable,0.98,0.34
C00003_P031,P031,Social Anxiety,COOL EDIT BTW,generic,neutral,5,2025-07-12,cool edit btw,Neutral,0.0198,-0.68
C00004_P031,P031,Social Anxiety,not this again,ambiguous,neutral,10,2025-07-12,not this again,Neutral,0.285,0.0
C00005_P031,P031,Social Anxiety,this speaks for my whole generation lmaoo,validation,relatable,11,2025-07-12,this speaks for my whole generation lmaoo,Relatable,0.9634,0.0
C00006_P031,P031,Social Anxiety,who hurt you bro,sarcasm,neutral,5,2025-07-12,who hurt you bro,Neutral,0.0399,0.34
C00007_P031,P031,Social Anxiety,haha ++,generic,neutral,9,2025-07-12,haha,Neutral,0.0245,0.0
C00008_P031,P031,Social Anxiety,"found this page today, already binged everything ++",generic,neutral,13,2025-07-12,found this page today already binged everything,Neutral,0.0228,-0.34
C00009_P031,P031,Social Anxiety,oh.,ambiguous,neutral,8,2025-07-12,oh,Neutral,0.119,0.0
C00010_P031,P031,Social Anxiety,painfully aaaccurate 🥲🥲,validation,relatable,11,2025-07-12,painfully aaccurate,Relatable,0.7568,0.34
C00011_P031,P031,Social Anxiety,exactly this,ambiguous,neutral,8,2025-07-12,exactly this,Relatable,0.5504,0.34
C00012_P031,P031,Social Anxiety,no because exactly what I go through ong,validation,relatable,5,2025-07-12,no because exactly what i go through ong,Relatable,0.9585,0.34
C00013_P031,P031,Social Anxiety,not me my everyday routine 🥲,validation,relatable,9,2025-07-12,not me my everyday routine,Relatable,0.9873,0.34
C00014_P031,P031,Social Anxiety,hmm,ambiguous,neutral,17,2025-07-12,hmm,Neutral,0.1748,0.0
C00000_P032,P032,Dating & Situationships,genuinely how do you know my life fr,validation,relatable,7,2025-07-13,genuinely how do you know my life fr,Relatable,0.9411,0.0
C00001_P032,P032,Dating & Situationships,true!,generic,neutral,11,2025-07-13,true!,Neutral,0.0084,0.2
C00002_P032,P032,Dating & Situationships,not the last line,ambiguous,neutral,8,2025-07-13,not the last line,Neutral,0.3305,0.0
C00003_P032,P032,Dating & Situationships,keep it up !!,generic,neutral,9,2025-07-13,keep it up !!,Neutral,0.0382,0.4
C00004_P032,P032,Dating & Situationships,PAINFULLY ACCURATE,validation,relatable,13,2025-07-13,painfully accurate,Relatable,0.9494,0.68
C00005_P032,P032,Dating & Situationships,the algorithm finally did something right!,generic,neutral,11,2025-07-13,the algorithm finally did something right!,Neutral,0.0521,0.2
C00006_P032,P032,Dating & Situationships,not this again,ambiguous,neutral,10,2025-07-13,not this again,Neutral,0.285,0.0
C00007_P032,P032,Dating & Situationships,SIR THIS IS MY DIARY PAGE ISTG,validation,relatable,10,2025-07-13,sir this is my diary page istg,Relatable,0.959,-0.34
C00008_P032,P032,Dating & Situationships,underrated page fr 👍,generic,neutral,10,2025-07-13,underrated page fr,Neutral,0.0312,-0.34
C00009_P032,P032,Dating & Situationships,I'm going to pretend I didn't read this pls,validation,relatable,13,2025-07-13,i'm going to pretend i didn't read this pls,Relatable,0.9822,0.0
C00010_P032,P032,Dating & Situationships,song name please?!,generic,neutral,15,2025-07-13,song name please !,Neutral,0.019,-0.14
C00011_P032,P032,Dating & Situationships,you read my diary,validation,relatable,16,2025-07-13,you read my diary,Relatable,0.9682,0.0
C00012_P032,P032,Dating & Situationships,bro my biography 😭,validation,relatable,13,2025-07-13,bro my biography,Relatable,0.9125,0.0
C00013_P032,P032,Dating & Situationships,I didn't consent to being exposed lmaoo,validation,relatable,9,2025-07-13,i didn't consent to being exposed lmaoo,Relatable,0.9773,0.0
C00014_P032,P032,Dating & Situationships,mine left me on delivered for 3 days 😭,personal_story,relatable,12,2025-07-13,mine left me on delivered for days,Relatable,0.9144,0.34
C00015_P032,P032,Dating & Situationships,sending this to the group chat with no context lmaoo,validation,relatable,10,2025-07-13,sending this to the group chat with no context lmaoo,Relatable,0.9688,0.0
C00016_P032,P032,Dating & Situationships,can you do one on exam results?,question,neutral,9,2025-07-13,can you do one on exam results,Neutral,0.1137,0.0
C00017_P032,P032,Dating & Situationships,superb,generic,neutral,14,2025-07-13,superb,Neutral,0.0327,0.0
C00000_P033,P033,Money Struggles,why is this the story of my life ong,validation,relatable,15,2025-07-15,why is this the story of my life ong,Relatable,0.9792,0.0
C00001_P033,P033,Money Struggles,every frame is my biography 🥲,validation,relatable,12,2025-07-15,every frame is my biography,Relatable,0.9774,0.0
C00002_P033,P033,Money Struggles,this is just basic psychology,sarcasm,neutral,12,2025-07-15,this is just basic psychology,Neutral,0.0677,0.0
C00003_P033,P033,Money Struggles,my account balance is a horror movie,personal_story,relatable,6,2025-07-15,my account balance is a horror movie,Relatable,0.8885,0.0
C00004_P033,P033,Money Struggles,i live this every single day ngl,validation,relatable,11,2025-07-15,i live this every single day ngl,Relatable,0.9435,0.0
C00005_P033,P033,Money Struggles,the way me in one post 😭,validation,relatable,8,2025-07-15,the way me in one post,Relatable,0.9763,0.34
C00000_P034,P034,College & Hostel Life,i'm going to pretend i didn't read this 💀,validation,relatable,7,2025-07-16,i'm going to pretend i didn't read this,Relatable,0.9746,0.0
C00001_P034,P034,College & Hostel Life,this speaks for my whole generation 💀,validation,relatable,5,2025-07-16,this speaks for my whole generation,Relatable,0.9631,0.0
C00002_P034,P034,College & Hostel Life,what camera do you use?,question,neutral,16,2025-07-16,what camera do you use,Neutral,0.0565,0.0
C00003_P034,P034,College & Hostel Life,the way I did this exact thing this morning and now I'm being called out publicly 🥲🥲,validation,relatable,13,2025-07-16,the way i did this exact thing this morning and now i'm being called out publicly,Relatable,0.905,0.34
C00004_P034,P034,College & Hostel Life,underrated page fr :),generic,neutral,10,2025-07-16,underrated page fr,Neutral,0.0312,-0.34
C00005_P034,P034,College & Hostel Life,the caption though,ambiguous,relatable,9,2025-07-16,the caption though,Relatable,0.5925,0.0
C00006_P034,P034,College & Hostel Life,follow for follow? 👍,generic,neutral,10,2025-07-16,follow for follow,Neutral,0.0253,-0.34
C00007_P034,P034,College & Hostel Life,painfully accurate ?!,validation,relatable,13,2025-07-16,painfully accurate !,Relatable,0.9494,0.88
C00008_P034,P034,College & Hostel Life,8am classes should be illegal,personal_story,relatable,12,2025-07-16,am classes should be illegal,Relatable,0.884,0.0
C00009_P034,P034,College & Hostel Life,promotion rates in dm,spam,neutral,8,2025-07-16,promotion rates in dm,Neutral,0.1172,-0.68
C00010_P034,P034,College & Hostel Life,nah exactly what I go through anna,validation,relatable,8,2025-07-16,nah exactly what i go through anna,Relatable,0.9578,0.34
C00011_P034,P034,College & Hostel Life,YES BECAUSE EVERYONE DOES THIS OBVIOUSLY,sarcasm,neutral,7,2025-07-16,yes because everyone does this obviously,Neutral,0.0767,0.0
C00012_P034,P034,College & Hostel Life,i felt that!!,validation,relatable,12,2025-07-16,i felt that!!,Relatable,0.935,0.74
C00013_P034,P034,College & Hostel Life,wow so relatable 🙄,sarcasm,neutral,13,2025-07-16,wow so relatable,Neutral,0.0446,0.34
C00014_P034,P034,College & Hostel Life,our mess soup is just hot water with regret,personal_story,relatable,9,2025-07-16,our mess soup is just hot water with regret,Relatable,0.8672,0.0
C00015_P034,P034,College & Hostel Life,the last line though,ambiguous,neutral,5,2025-07-16,the last line though,Neutral,0.2926,0.0
C00016_P034,P034,College & Hostel Life,how do you deal with this though?,question,neutral,7,2025-07-16,how do you deal with this though,Neutral,0.1266,0.0
C00017_P034,P034,College & Hostel Life,background music name?!,generic,neutral,17,2025-07-16,background music name !,Neutral,0.0226,-0.14
C00018_P034,P034,College & Hostel Life,can we get a version with english subtitles?,question,neutral,9,2025-07-16,can we get a version with english subtitles,Neutral,0.0604,0.0
C00019_P034,P034,College & Hostel Life,why is this a documentary about me 😅,validation,relatable,13,2025-07-16,why is this a documentary about me,Relatable,0.9637,0.34
C00020_P034,P034,College & Hostel Life,I'm crying,ambiguous,relatable,12,2025-07-16,i'm crying,Relatable,0.5878,0.34
C00021_P034,P034,College & Hostel Life,saved this for the next time it happens yaar,validation,relatable,10,2025-07-16,saved this for the next time it happens yaar,Relatable,0.9538,0.0
C00022_P034,P034,College & Hostel Life,literally my everyday routine,validation,relatable,8,2025-07-16,literally my everyday routine,Relatable,0.9673,0.34
C00023_P034,P034,College & Hostel Life,nooo because my last three years in one video da,validation,relatable,7,2025-07-16,noo because my last three years in one video da,Relatable,0.9661,0.0
C00000_P035,P035,Family Pressure,i'm in this post and i don't like it istg,validation,relatable,17,2025-07-18,i'm in this post and i don't like it istg,Relatable,0.9654,0.0
C00001_P035,P035,Family Pressure,who allowed you to expose me like this no cap,validation,relatable,11,2025-07-18,who allowed you to expose me like this no cap,Relatable,0.968,0.34
C00002_P035,P035,Family Pressure,literally too real ong,validation,relatable,11,2025-07-18,literally too real ong,Relatable,0.9123,0.68
C00003_P035,P035,Family Pressure,this is so me fr fr,validation,relatable,13,2025-07-18,this is so me fr fr,Relatable,0.9868,0.34
C00004_P035,P035,Family Pressure,not me the story of my life istg,validation,relatable,13,2025-07-18,not me the story of my life istg,Relatable,0.9906,0.34
C00005_P035,P035,Family Pressure,ok so personal at this point 💀,validation,relatable,12,2025-07-18,ok so personal at this point,Relatable,0.9501,0.0
C00006_P035,P035,Family Pressure,follow for follow? bro,generic,neutral,7,2025-07-18,follow for follow bro,Neutral,0.0166,-0.34
C00007_P035,P035,Family Pressure,"came here to laugh, stayed to confront myself ngl",validation,relatable,9,2025-07-18,came here to laugh stayed to confront myself ngl,Relatable,0.9764,0.34
C00008_P035,P035,Family Pressure,follow fro follow? 👍,generic,neutral,15,2025-07-18,follow fro follow,Neutral,0.0438,-0.34
C00009_P035,P035,Family Pressure,I live this every single day da,validation,relatable,9,2025-07-18,i live this every single day da,Relatable,0.9432,0.0
C00010_P035,P035,Family Pressure,wait a documentary about me da,validation,relatable,10,2025-07-18,wait a documentary about me da,Relatable,0.9688,0.34
C00011_P035,P035,Family Pressure,watched this five times already lmao,validation,relatable,10,2025-07-18,watched this five times already lmao,Relatable,0.9569,0.0
C00012_P035,P035,Family Pressure,😍 !!,generic,neutral,10,2025-07-18,!!,Neutral,0.2792,0.4
C00013_P035,P035,Family Pressure,the algorithm finally did something right btw,generic,neutral,12,2025-07-18,the algorithm finally did something right btw,Neutral,0.0353,0.0
C00014_P035,P035,Family Pressure,HURTS BUT FAIR,ambiguous,relatable,16,2025-07-18,hurts but fair,Relatable,0.5599,0.34
C00015_P035,P035,Family Pressure,NOT ME ME IN ONE POST,validation,relatable,9,2025-07-18,not me me in one post,Relatable,0.9812,0.34
C00016_P035,P035,Family Pressure,nah a documentaary about me fr,validation,relatable,7,2025-07-18,nah a documentaary about me fr,Relatable,0.9762,0.34
C00017_P035,P035,Family Pressure,literally my brain on a normal tuesday ?!,validation,relatable,8,2025-07-18,literally my brain on a normal tuesday !,Relatable,0.9683,0.54
C00018_P035,P035,Family Pressure,"why did this describe my entire existence in 30 seconds, I'm filing a complaint...",validation,relatable,14,2025-07-18,why did this describe my entire existence in seconds i'm filing a complaint,Relatable,0.9154,0.0
C00019_P035,P035,Family Pressure,'log kya kahenge' has ruined more careers than failure ever did,personal_story,relatable,12,2025-07-18,'log kya kahenge' has ruined more careers than failure ever did,Relatable,0.8525,0.0
C00020_P035,P035,Family Pressure,this is eaxctly what i go through 💀,validation,relatable,9,2025-07-18,this is eaxctly what i go through,Relatable,0.9625,0.0
C00021_P035,P035,Family Pressure,painfully accurate!!,validation,relatable,13,2025-07-18,painfully accurate!!,Relatable,0.9494,0.74
C00022_P035,P035,Family Pressure,it's too accurate bhai,validation,relatable,14,2025-07-18,it's too accurate bhai,Relatable,0.9771,0.34
C00023_P035,P035,Family Pressure,that hit close to home,validation,relatable,14,2025-07-18,that hit close to home,Relatable,0.9468,0.34
C00024_P035,P035,Family Pressure,😍!,generic,neutral,15,2025-07-18,!,Neutral,0.2792,0.2
C00025_P035,P035,Family Pressure,stop describing me lmaoo,validation,relatable,9,2025-07-18,stop describing me lmaoo,Relatable,0.9647,0.34
C00026_P035,P035,Family Pressure,this is literally me 😭😭,validation,relatable,13,2025-07-18,this is literally me,Relatable,0.9766,0.68
C00027_P035,P035,Family Pressure,watched this five times already yaar,validation,relatable,10,2025-07-18,watched this five times already yaar,Relatable,0.9661,0.0
C00028_P035,P035,Family Pressure,I live this every single day 😭,validation,relatable,14,2025-07-18,i live this every single day,Relatable,0.9365,0.0
C00029_P035,P035,Family Pressure,wow so relatable 🙄,sarcasm,neutral,13,2025-07-18,wow so relatable,Neutral,0.0446,0.34
C00030_P035,P035,Family Pressure,I relate to this too much,validation,relatable,13,2025-07-18,i relate to this too much,Relatable,0.9599,0.0
C00031_P035,P035,Family Pressure,this speaks for my whole generation...,validation,relatable,12,2025-07-18,this speaks for my whole generation,Relatable,0.9631,0.0
C00032_P035,P035,Family Pressure,excuse me the story of my life ngl,validation,relatable,8,2025-07-18,excuse me the story of my life ngl,Relatable,0.9897,0.34
C00033_P035,P035,Family Pressure,reading this at 3am was a mistake ?!,validation,relatable,11,2025-07-18,reading this at am was a mistake !,Relatable,0.9542,0.2
C00034_P035,P035,Family Pressure,"I'm the family NGO, free labour included",personal_story,relatable,18,2025-07-18,i'm the family ngo free labour included,Relatable,0.8586,-0.34
C00035_P035,P035,Family Pressure,every fraaame is my biography 💀,validation,relatable,15,2025-07-18,every fraame is my biography,Relatable,0.9895,0.0
C00036_P035,P035,Family Pressure,literally my whole life lmao,validation,relatable,6,2025-07-18,literally my whole life lmao,Relatable,0.9847,0.34
C00037_P035,P035,Family Pressure,do you take content requests?,question,neutral,8,2025-07-18,do you take content requests,Neutral,0.0476,0.0
C00038_P035,P035,Family Pressure,hello?? it me 😭,validation,relatable,8,2025-07-18,hello it me,Relatable,0.971,0.34
C00039_P035,P035,Family Pressure,fr iit me,validation,relatable,13,2025-07-18,fr iit me,Relatable,0.996,0.34
C00040_P035,P035,Family Pressure,when is part 2? 👍,generic,neutral,13,2025-07-18,when is part,Neutral,0.0285,-0.34
C00041_P035,P035,Family Pressure,make one about first job interviews please,question,neutral,8,2025-07-18,make one about first job interviews please,Neutral,0.0366,0.0
C00042_P035,P035,Family Pressure,watched this five times already anna,validation,relatable,11,2025-07-18,watched this five times already anna,Relatable,0.9528,0.0
C00043_P035,P035,Family Pressure,haha bro,generic,neutral,14,2025-07-18,haha bro,Neutral,0.0307,0.0
C00044_P035,P035,Family Pressure,true 👍,generic,neutral,13,2025-07-18,true,Neutral,0.0084,0.34
C00045_P035,P035,Family Pressure,ok so too accurate no cap,validation,relatable,11,2025-07-18,ok so too accurate no cap,Relatable,0.9667,0.34
C00046_P035,P035,Family Pressure,😍 btw,generic,neutral,11,2025-07-18,btw,Neutral,0.0307,0.0
C00047_P035,P035,Family Pressure,great content 🔥,generic,neutral,11,2025-07-18,great content,Neutral,0.0295,-0.34
C00048_P035,P035,Family Pressure,i felt that 😭😭,validation,relatable,9,2025-07-18,i felt that,Relatable,0.935,0.34
C00049_P035,P035,Family Pressure,fake deep,sarcasm,neutral,11,2025-07-18,fake deep,Neutral,0.0409,0.0
C00050_P035,P035,Family Pressure,nice post btw,generic,neutral,12,2025-07-18,nice post btw,Neutral,0.0284,-0.34
C00051_P035,P035,Family Pressure,"why did this describe my entire existence in 30 seconds, im filing a complaint 😭😭",validation,relatable,14,2025-07-18,why did this describe my entire existence in seconds im filing a complaint,Relatable,0.9021,0.0
C00052_P035,P035,Family Pressure,this is so me,validation,relatable,12,2025-07-18,this is so me,Relatable,0.9807,0.34
C00053_P035,P035,Family Pressure,it's too accurate 😭😭,validation,relatable,13,2025-07-18,it's too accurate,Relatable,0.9825,0.34
C00054_P035,P035,Family Pressure,this is screenshot of my head 😭😭,validation,relatable,8,2025-07-18,this is screenshot of my head,Relatable,0.9701,0.0
C00055_P035,P035,Family Pressure,saved this for the next time it happens istg,validation,relatable,10,2025-07-18,saved this for the next time it happens istg,Relatable,0.9508,0.0
C00056_P035,P035,Family Pressure,not me my brain on a normal tuesday anna,validation,relatable,4,2025-07-18,not me my brain on a normal tuesday anna,Relatable,0.9846,0.34
C00057_P035,P035,Family Pressure,SONG NAME PLEASE? !!,generic,neutral,9,2025-07-18,song name please !!,Neutral,0.019,0.06
C00058_P035,P035,Family Pressure,THIS GENERATION AND ITS LABELS ISTG,sarcasm,neutral,13,2025-07-18,this generation and its labels istg,Neutral,0.0996,0.0
C00059_P035,P035,Family Pressure,I felt that,validation,relatable,18,2025-07-18,i felt that,Relatable,0.935,0.34
C00060_P035,P035,Family Pressure,check my page macha,generic,neutral,7,2025-07-18,check my page macha,Neutral,0.0204,-0.68
C00061_P035,P035,Family Pressure,I've never been so seen no cap,validation,relatable,10,2025-07-18,i've never been so seen no cap,Relatable,0.958,0.34
C00062_P035,P035,Family Pressure,love this page,generic,neutral,13,2025-07-18,love this page,Neutral,0.0197,-0.34
C00063_P035,P035,Family Pressure,check my page bro,generic,neutral,8,2025-07-18,check my page bro,Neutral,0.0282,-0.68
C00064_P035,P035,Family Pressure,i agree,generic,neutral,11,2025-07-18,i agree,Neutral,0.0316,0.0
C00065_P035,P035,Family Pressure,check my page,generic,neutral,13,2025-07-18,check my page,Neutral,0.0322,-0.68
C00066_P035,P035,Family Pressure,ok so me in one post da,validation,relatable,12,2025-07-18,ok so me in one post da,Relatable,0.9888,0.34
C00067_P035,P035,Family Pressure,superb sis,generic,neutral,8,2025-07-18,superb sis,Neutral,0.0282,0.0
C00068_P035,P035,Family Pressure,I live this every single day pls,validation,relatable,10,2025-07-18,i live this every single day pls,Relatable,0.9565,0.0
C00069_P035,P035,Family Pressure,keep it up!,generic,neutral,13,2025-07-18,keep it up!,Neutral,0.0382,0.2
C00070_P035,P035,Family Pressure,THE EDIT QUALITY IS INSANE :),generic,neutral,11,2025-07-18,the edit quality is insane,Neutral,0.0239,-0.34
C00071_P035,P035,Family Pressure,follow for follow? 🔥,generic,neutral,4,2025-07-18,follow for follow,Neutral,0.0253,-0.34
C00072_P035,P035,Family Pressure,kinda yes,ambiguous,relatable,13,2025-07-18,kinda yes,Relatable,0.7286,0.0
C00073_P035,P035,Family Pressure,not me the story of my life!!,validation,relatable,6,2025-07-18,not me the story of my life!!,Relatable,0.9923,0.74
C00074_P035,P035,Family Pressure,reporting this for personal damage bhai,validation,relatable,13,2025-07-18,reporting this for personal damage bhai,Relatable,0.965,0.0
C00075_P035,P035,Family Pressure,GREAT CONTENT 👍,generic,neutral,8,2025-07-18,great content,Neutral,0.0295,-0.34
C00076_P035,P035,Family Pressure,"came here to laugh, stayed to confront myself pls",validation,relatable,16,2025-07-18,came here to laugh stayed to confront myself pls,Relatable,0.9705,0.34
C00077_P035,P035,Family Pressure,this is exactly what i go through 😭😭,validation,relatable,10,2025-07-18,this is exactly what i go through,Relatable,0.9534,0.34
C00078_P035,P035,Family Pressure,exactly.,ambiguous,neutral,9,2025-07-18,exactly,Neutral,0.3346,0.34
C00079_P035,P035,Family Pressure,true that :),generic,neutral,8,2025-07-18,true that,Neutral,0.0249,0.34
C00080_P035,P035,Family Pressure,cant even,ambiguous,neutral,9,2025-07-18,cant even,Neutral,0.4987,0.0
C00081_P035,P035,Family Pressure,I didnt consent to being exposed ngl,validation,relatable,14,2025-07-18,i didnt consent to being exposed ngl,Relatable,0.9359,0.0
C00082_P035,P035,Family Pressure,who allowed you to expose me like this ngl,validation,relatable,19,2025-07-18,who allowed you to expose me like this ngl,Relatable,0.9564,0.34
C00083_P035,P035,Family Pressure,crying,ambiguous,neutral,10,2025-07-18,crying,Relatable,0.5878,0.34
C00084_P035,P035,Family Pressure,saved this for the next time it happens ngl,validation,relatable,10,2025-07-18,saved this for the next time it happens ngl,Relatable,0.9554,0.0
C00085_P035,P035,Family Pressure,😍 🔥,generic,neutral,12,2025-07-18,,Neutral,0.2792,0.0
C00086_P035,P035,Family Pressure,great content!,generic,neutral,14,2025-07-18,great content!,Neutral,0.0295,-0.14
C00087_P035,P035,Family Pressure,the timing of this post is suspicious lmaoo,validation,relatable,11,2025-07-18,the timing of this post is suspicious lmaoo,Relatable,0.975,0.0
C00088_P035,P035,Family Pressure,"everyone overthinks, nothing special",sarcasm,neutral,10,2025-07-18,everyone overthinks nothing special,Neutral,0.0555,0.0
C00089_P035,P035,Family Pressure,THIS SPEAKS FOR MY WHOLE GENERATION,validation,relatable,10,2025-07-18,this speaks for my whole generation,Relatable,0.9631,0.0
C00090_P035,P035,Family Pressure,how long did this take to edit?,question,neutral,12,2025-07-18,how long did this take to edit,Neutral,0.0753,-0.34
C00091_P035,P035,Family Pressure,BACKGROUND MUSIC NAME? 👍,generic,neutral,4,2025-07-18,background music name,Neutral,0.0226,-0.34
C00092_P035,P035,Family Pressure,which app is this? :),generic,neutral,12,2025-07-18,which app is this,Neutral,0.025,-0.34
C00093_P035,P035,Family Pressure,WATCHED THIS FIVE TIMES ALREADY,validation,relatable,10,2025-07-18,watched this five times already,Relatable,0.9518,0.0
C00094_P035,P035,Family Pressure,keep it up ++,generic,neutral,13,2025-07-18,keep it up,Neutral,0.0382,0.0
C00095_P035,P035,Family Pressure,check my page ++,generic,neutral,7,2025-07-18,check my page,Neutral,0.0322,-0.68
C00096_P035,P035,Family Pressure,fr my brain on a normal tuesday da,validation,relatable,11,2025-07-18,fr my brain on a normal tuesday da,Relatable,0.9709,0.0
C00097_P035,P035,Family Pressure,your page will blow up!,generic,neutral,11,2025-07-18,your page will blow up!,Neutral,0.0171,-0.14
C00098_P035,P035,Family Pressure,ok so too real,validation,relatable,12,2025-07-18,ok so too real,Relatable,0.8527,0.34
C00099_P035,P035,Family Pressure,ok this is a mood,ambiguous,relatable,6,2025-07-18,ok this is a mood,Neutral,0.3186,0.0
C00100_P035,P035,Family Pressure,OK BUT PERSONAL AT THIS POINT BHAI,validation,relatable,11,2025-07-18,ok but personal at this point bhai,Relatable,0.97,0.0
C00101_P035,P035,Family Pressure,smooth transitions !!,generic,neutral,11,2025-07-18,smooth transitions !!,Neutral,0.0534,0.4
C00102_P035,P035,Family Pressure,that hit close to home bhai,validation,relatable,11,2025-07-18,that hit close to home bhai,Relatable,0.9622,0.34
C00103_P035,P035,Family Pressure,not me my last three years in one video fr fr,validation,relatable,11,2025-07-18,not me my last three years in one video fr fr,Relatable,0.9925,0.34
C00104_P035,P035,Family Pressure,wait my last three years in one video lmao,validation,relatable,12,2025-07-18,wait my last three years in one video lmao,Relatable,0.9738,0.0
C00105_P035,P035,Family Pressure,this is literally me!!,validation,relatable,13,2025-07-18,this is literally me!!,Relatable,0.9766,0.74
C00106_P035,P035,Family Pressure,this one,ambiguous,neutral,9,2025-07-18,this one,Neutral,0.405,0.0
C00107_P035,P035,Family Pressure,ok but a documentary about me ngl,validation,relatable,14,2025-07-18,ok but a documentary about me ngl,Relatable,0.9626,0.34
C00108_P035,P035,Family Pressure,"hold on, too real 😭",validation,relatable,11,2025-07-18,hold on too real,Relatable,0.8944,0.34
C00109_P035,P035,Family Pressure,excuse me it me 😭,validation,relatable,7,2025-07-18,excuse me it me,Relatable,0.9734,0.34
C00110_P035,P035,Family Pressure,not me screenshot of my head 😭😭,validation,relatable,6,2025-07-18,not me screenshot of my head,Relatable,0.9897,0.34
C00111_P035,P035,Family Pressure,took the words right out of my mouth,validation,relatable,9,2025-07-18,took the words right out of my mouth,Relatable,0.9668,0.0
C00112_P035,P035,Family Pressure,no because my everyday routine,validation,relatable,13,2025-07-18,no because my everyday routine,Relatable,0.9501,0.0
C00113_P035,P035,Family Pressure,"hold on, me in one post pls",validation,relatable,12,2025-07-18,hold on me in one post pls,Relatable,0.9709,0.34
C00114_P035,P035,Family Pressure,"watched this, closed the app, opened it again, watched it again. yeah. fr",validation,relatable,13,2025-07-18,watched this closed the app opened it again watched it again yeah fr,Relatable,0.9191,-0.34
C00115_P035,P035,Family Pressure,this speaks for my whole generation no cap,validation,relatable,11,2025-07-18,this speaks for my whole generation no cap,Relatable,0.9709,0.0
C00116_P035,P035,Family Pressure,which college is this?,question,neutral,10,2025-07-18,which college is this,Neutral,0.0804,0.0
C00117_P035,P035,Family Pressure,your page will blow up,generic,neutral,8,2025-07-18,your page will blow up,Neutral,0.0171,-0.34
C00118_P035,P035,Family Pressure,reading this at 3am was a mistake da,validation,relatable,9,2025-07-18,reading this at am was a mistake da,Relatable,0.957,0.0
C00119_P035,P035,Family Pressure,free followers in bio,generic,neutral,10,2025-07-18,free followers in bio,Neutral,0.0357,-0.68
C00000_P036,P036,Self-Image & Comparison,is this based on real evnets?,question,neutral,10,2025-07-19,is this based on real evnets,Neutral,0.1191,0.34
C00001_P036,P036,Self-Image & Comparison,which college is this?,question,neutral,11,2025-07-19,which college is this,Neutral,0.0804,0.0
C00002_P036,P036,Self-Image & Comparison,your page will blow up!,generic,neutral,11,2025-07-19,your page will blow up!,Neutral,0.0171,-0.14
C00003_P036,P036,Self-Image & Comparison,make one about first job interviews please,question,neutral,8,2025-07-19,make one about first job interviews please,Neutral,0.0366,0.0
C00004_P036,P036,Self-Image & Comparison,FR EXACTLY WHAT I GO THROUGH PLS,validation,relatable,10,2025-07-19,fr exactly what i go through pls,Relatable,0.9649,0.34
C00005_P036,P036,Self-Image & Comparison,wait it me 💀,validation,relatable,9,2025-07-19,wait it me,Relatable,0.9652,0.34
C00006_P036,P036,Self-Image & Comparison,you read my diary yaar,validation,relatable,5,2025-07-19,you read my diary yaar,Relatable,0.9641,0.0
C00007_P036,P036,Self-Image & Comparison,so true macha,generic,neutral,5,2025-07-19,so true macha,Neutral,0.0203,0.34
C00008_P036,P036,Self-Image & Comparison,deep. very deep.,sarcasm,neutral,14,2025-07-19,deep very deep,Neutral,0.0437,0.0
C00009_P036,P036,Self-Image & Comparison,which app is this?,generic,neutral,9,2025-07-19,which app is this,Neutral,0.025,-0.34
C00010_P036,P036,Self-Image & Comparison,the way my last three years in one video pls,validation,relatable,11,2025-07-19,the way my last three years in one video pls,Relatable,0.9807,0.0
C00011_P036,P036,Self-Image & Comparison,lol ok!,generic,neutral,9,2025-07-19,lol ok!,Neutral,0.0618,0.2
C00012_P036,P036,Self-Image & Comparison,that hit close to home fr fr,validation,relatable,16,2025-07-19,that hit close to home fr fr,Relatable,0.9773,0.34
C00013_P036,P036,Self-Image & Comparison,sir this is my diary page!!,validation,relatable,9,2025-07-19,sir this is my diary page!!,Relatable,0.9648,0.4
C00014_P036,P036,Self-Image & Comparison,the algorithm finally did something right 🔥,generic,neutral,10,2025-07-19,the algorithm finally did something right,Neutral,0.0521,0.0
C00015_P036,P036,Self-Image & Comparison,i live this every single day...,validation,relatable,14,2025-07-19,i live this every single day,Relatable,0.9365,0.0
C00016_P036,P036,Self-Image & Comparison,I showed this to my roommate and we just sat in silence for a minute fr fr,validation,relatable,14,2025-07-19,i showed this to my roommate and we just sat in silence for a minute fr fr,Relatable,0.9513,0.34
C00017_P036,P036,Self-Image & Comparison,free followers in bio bro,generic,neutral,8,2025-07-19,free followers in bio bro,Neutral,0.0302,-0.68
C00018_P036,P036,Self-Image & Comparison,everyone my age is achieving things and I'm here,personal_story,relatable,13,2025-07-19,everyone my age is achieving things and i'm here,Relatable,0.8981,0.0
C00019_P036,P036,Self-Image & Comparison,awesome work btw,generic,neutral,10,2025-07-19,awesome work btw,Neutral,0.0136,-0.34
C00020_P036,P036,Self-Image & Comparison,took the words right out of my mouth fr,validation,relatable,11,2025-07-19,took the words right out of my mouth fr,Relatable,0.9789,0.0
C00021_P036,P036,Self-Image & Comparison,I didn't consent to being exposed 💀,validation,relatable,8,2025-07-19,i didn't consent to being exposed,Relatable,0.9666,0.0
C00022_P036,P036,Self-Image & Comparison,smooth transitions :),generic,neutral,7,2025-07-19,smooth transitions,Neutral,0.0534,0.0
C00023_P036,P036,Self-Image & Comparison,"why did this describe my entire existence in 30 seconds, i'm filing a complaint anna",validation,relatable,13,2025-07-19,why did this describe my entire existence in seconds i'm filing a complaint anna,Relatable,0.9349,0.0
C00024_P036,P036,Self-Image & Comparison,ok this is a mood,ambiguous,neutral,11,2025-07-19,ok this is a mood,Neutral,0.3186,0.0
C00025_P036,P036,Self-Image & Comparison,hello?? my biography lol,validation,relatable,10,2025-07-19,hello my biography lol,Relatable,0.9496,0.0
C00026_P036,P036,Self-Image & Comparison,"came here to laugh, stayed to confront myself 🥲🥲",validation,relatable,13,2025-07-19,came here to laugh stayed to confront myself,Relatable,0.9669,0.34
C00027_P036,P036,Self-Image & Comparison,"sent this to my best friend at 2am and she replied why is this us, I still have no answer 😭😭",validation,relatable,13,2025-07-19,sent this to my best friend at am and she replied why is this us i still have no answer,Relatable,0.9388,0.0
C00028_P036,P036,Self-Image & Comparison,a mood,ambiguous,relatable,8,2025-07-19,a mood,Neutral,0.3889,0.0
C00029_P036,P036,Self-Image & Comparison,literally my biography 😭,validation,relatable,12,2025-07-19,literally my biography,Relatable,0.9825,0.34
C00030_P036,P036,Self-Image & Comparison,this is just basic psychology,sarcasm,neutral,8,2025-07-19,this is just basic psychology,Neutral,0.0677,0.0
C00031_P036,P036,Self-Image & Comparison,"uninstalled Instagram twice, reinstalled in a day",personal_story,relatable,13,2025-07-19,uninstalled instagram twice reinstalled in a day,Relatable,0.8956,0.0
C00032_P036,P036,Self-Image & Comparison,this is my lsat three years in one video 😅,validation,relatable,12,2025-07-19,this is my lsat three years in one video,Relatable,0.9801,0.0
C00033_P036,P036,Self-Image & Comparison,cool edit,generic,neutral,16,2025-07-19,cool edit,Neutral,0.0241,-0.68
C00034_P036,P036,Self-Image & Comparison,that hit close to home 🥲,validation,relatable,7,2025-07-19,that hit close to home,Relatable,0.9468,0.34
C00035_P036,P036,Self-Image & Comparison,this one,ambiguous,relatable,6,2025-07-19,this one,Neutral,0.405,0.0
C00036_P036,P036,Self-Image & Comparison,wow so relatable 🙄,sarcasm,neutral,9,2025-07-19,wow so relatable,Neutral,0.0446,0.34
C00037_P036,P036,Self-Image & Comparison,i'm in this post and i don't like it lmao,validation,relatable,9,2025-07-19,i'm in this post and i don't like it lmao,Relatable,0.9697,0.0
C00038_P036,P036,Self-Image & Comparison,genuinely how do you know my life lmaoo,validation,relatable,9,2025-07-19,genuinely how do you know my life lmaoo,Relatable,0.9312,0.0
C00039_P036,P036,Self-Image & Comparison,congratulations you discovered being human,sarcasm,neutral,15,2025-07-19,congratulations you discovered being human,Neutral,0.0685,0.0
C00040_P036,P036,Self-Image & Comparison,when is part 2? sis,generic,neutral,9,2025-07-19,when is part sis,Neutral,0.0217,-0.34
C00041_P036,P036,Self-Image & Comparison,oh.,ambiguous,neutral,9,2025-07-19,oh,Neutral,0.119,0.0
C00042_P036,P036,Self-Image & Comparison,saved this for the next time it happens fr,validation,relatable,13,2025-07-19,saved this for the next time it happens fr,Relatable,0.9589,0.0
C00043_P036,P036,Self-Image & Comparison,painfully accurate anna,validation,relatable,10,2025-07-19,painfully accurate anna,Relatable,0.9452,0.68
C00044_P036,P036,Self-Image & Comparison,award for most generic post goes to,sarcasm,neutral,13,2025-07-19,award for most generic post goes to,Neutral,0.0696,0.0
C00045_P036,P036,Self-Image & Comparison,sending this to the group chat with no context anna,validation,relatable,6,2025-07-19,sending this to the group chat with no context anna,Relatable,0.9605,0.0
C00046_P036,P036,Self-Image & Comparison,this is me in one post 😅,validation,relatable,11,2025-07-19,this is me in one post,Relatable,0.9681,0.34
C00047_P036,P036,Self-Image & Comparison,this is too real,validation,relatable,6,2025-07-19,this is too real,Relatable,0.8738,0.34
C00048_P036,P036,Self-Image & Comparison,stop describing me lol,validation,relatable,6,2025-07-19,stop describing me lol,Relatable,0.9598,0.34
C00049_P036,P036,Self-Image & Comparison,this felt personal,ambiguous,relatable,15,2025-07-19,this felt personal,Relatable,0.7053,0.34
C00050_P036,P036,Self-Image & Comparison,love this page btw,generic,neutral,8,2025-07-19,love this page btw,Neutral,0.0138,-0.34
C00051_P036,P036,Self-Image & Comparison,no because personal at this point istg,validation,relatable,11,2025-07-19,no because personal at this point istg,Relatable,0.9585,0.0
C00052_P036,P036,Self-Image & Comparison,seen.,ambiguous,relatable,10,2025-07-19,seen,Neutral,0.4816,0.34
C00053_P036,P036,Self-Image & Comparison,watched this five times already bhai,validation,relatable,10,2025-07-19,watched this five times already bhai,Relatable,0.9658,0.0
C00054_P036,P036,Self-Image & Comparison,took the words right out of my mouth,validation,relatable,15,2025-07-19,took the words right out of my mouth,Relatable,0.9668,0.0
C00055_P036,P036,Self-Image & Comparison,i felt that no cap,validation,relatable,5,2025-07-19,i felt that no cap,Relatable,0.9664,0.34
C00056_P036,P036,Self-Image & Comparison,when is part 2? bro,generic,neutral,12,2025-07-19,when is part bro,Neutral,0.018,-0.34
C00057_P036,P036,Self-Image & Comparison,the honesty is refreshing,ambiguous,relatable,16,2025-07-19,the honesty is refreshing,Neutral,0.4722,0.0
C00058_P036,P036,Self-Image & Comparison,true that !!,generic,neutral,11,2025-07-19,true that !!,Neutral,0.0249,0.74
C00059_P036,P036,Self-Image & Comparison,the way so me lol,validation,relatable,15,2025-07-19,the way so me lol,Relatable,0.9738,0.34
C00060_P036,P036,Self-Image & Comparison,hello?? so me ?!,validation,relatable,6,2025-07-19,hello so me !,Relatable,0.9845,0.54
C00061_P036,P036,Self-Image & Comparison,SONG NAME PLEASE?,generic,neutral,10,2025-07-19,song name please,Neutral,0.019,-0.34
C00062_P036,P036,Self-Image & Comparison,your page will blow up 🔥,generic,neutral,9,2025-07-19,your page will blow up,Neutral,0.0171,-0.34
C00063_P036,P036,Self-Image & Comparison,mood.,ambiguous,relatable,13,2025-07-19,mood,Neutral,0.3889,0.0
C00064_P036,P036,Self-Image & Comparison,haha true macha,generic,neutral,17,2025-07-19,haha true macha,Neutral,0.0077,0.34
C00065_P036,P036,Self-Image & Comparison,ok this one hurt,ambiguous,relatable,9,2025-07-19,ok this one hurt,Neutral,0.4574,0.34
C00000_P037,P037,Social Anxiety,WATCHED THIS FIVE TIMES ALREADY 🥲,validation,relatable,8,2025-07-20,watched this five times already,Relatable,0.9518,0.0
C00001_P037,P037,Social Anxiety,WHY DOES THIS FEEL PERSONAL NGL,validation,relatable,9,2025-07-20,why does this feel personal ngl,Relatable,0.9474,0.0
C00002_P037,P037,Social Anxiety,"I rehearse before ordering coffee, no exaggeration",personal_story,relatable,9,2025-07-20,i rehearse before ordering coffee no exaggeration,Relatable,0.8775,0.0
C00003_P037,P037,Social Anxiety,not me too real 😭😭,validation,relatable,14,2025-07-20,not me too real,Relatable,0.9474,0.68
C00004_P037,P037,Social Anxiety,award for most generic post goes to,sarcasm,neutral,11,2025-07-20,award for most generic post goes to,Neutral,0.0696,0.0
C00005_P037,P037,Social Anxiety,wait my biography...,validation,relatable,11,2025-07-20,wait my biography,Relatable,0.9727,0.0
C00006_P037,P037,Social Anxiety,THIS ONE,ambiguous,relatable,7,2025-07-20,this one,Neutral,0.405,0.0
C00007_P037,P037,Social Anxiety,literally so me no cap,validation,relatable,14,2025-07-20,literally so me no cap,Relatable,0.9715,0.68
C00008_P037,P037,Social Anxiety,i felt that fr fr,validation,relatable,12,2025-07-20,i felt that fr fr,Relatable,0.9748,0.34
C00009_P037,P037,Social Anxiety,i came to instagram to turn my brain off and instead you described it perfectly fr fr,validation,relatable,7,2025-07-20,i came to instagram to turn my brain off and instead you described it perfectly fr fr,Relatable,0.9595,0.0
C00010_P037,P037,Social Anxiety,so true!,generic,neutral,12,2025-07-20,so true!,Neutral,0.0315,0.2
C00011_P037,P037,Social Anxiety,no because a documentary about me 💀,validation,relatable,11,2025-07-20,no because a documentary about me,Relatable,0.9606,0.34
C00012_P037,P037,Social Anxiety,my hands shake when the phone rings too,personal_story,relatable,7,2025-07-20,my hands shake when the phone rings too,Relatable,0.9051,0.0
C00013_P037,P037,Social Anxiety,sir this is my diary page ?!,validation,relatable,10,2025-07-20,sir this is my diary page !,Relatable,0.9648,-0.14
C00014_P037,P037,Social Anxiety,sir this is my diary page lmao,validation,relatable,11,2025-07-20,sir this is my diary page lmao,Relatable,0.9772,-0.34
C00015_P037,P037,Social Anxiety,sir thsi is my diary page da,validation,relatable,8,2025-07-20,sir thsi is my diary page da,Relatable,0.9462,-0.34
C00016_P037,P037,Social Anxiety,this speaks for my whole generation!!,validation,relatable,16,2025-07-20,this speaks for my whole generation!!,Relatable,0.9631,0.4
C00017_P037,P037,Social Anxiety,ok but my biography 😅,validation,relatable,14,2025-07-20,ok but my biography,Relatable,0.9647,0.0
C00018_P037,P037,Social Anxiety,stating the obvious since 2020,sarcasm,neutral,12,2025-07-20,stating the obvious since,Neutral,0.0468,0.0
C00019_P037,P037,Social Anxiety,sending this to the group chat with no context 😭,validation,relatable,10,2025-07-20,sending this to the group chat with no context,Relatable,0.9566,0.0
C00020_P037,P037,Social Anxiety,ok so so me no cap,validation,relatable,10,2025-07-20,ok so so me no cap,Relatable,0.9578,0.34
C00021_P037,P037,Social Anxiety,I came to instagram to turn my brain off and instead you described it perfectly lol,validation,relatable,12,2025-07-20,i came to instagram to turn my brain off and instead you described it perfectly lol,Relatable,0.9335,0.0
C00022_P037,P037,Social Anxiety,fr it me ong,validation,relatable,11,2025-07-20,fr it me ong,Relatable,0.9766,0.34
C00023_P037,P037,Social Anxiety,hello?? exactly what I go through ?!,validation,relatable,6,2025-07-20,hello exactly what i go through !,Relatable,0.9497,0.54
C00024_P037,P037,Social Anxiety,unfortunately yes,ambiguous,relatable,11,2025-07-20,unfortunately yes,Relatable,0.5491,0.0
C00025_P037,P037,Social Anxiety,I'm in this post and I don't like it istg,validation,relatable,13,2025-07-20,i'm in this post and i don't like it istg,Relatable,0.9654,0.0
C00026_P037,P037,Social Anxiety,nah me in one post fr fr,validation,relatable,10,2025-07-20,nah me in one post fr fr,Relatable,0.9783,0.34
C00027_P037,P037,Social Anxiety,literally my last three years in one video pls,validation,relatable,6,2025-07-20,literally my last three years in one video pls,Relatable,0.9771,0.34
C00028_P037,P037,Social Anxiety,wait personal at this point lmaoo,validation,relatable,13,2025-07-20,wait personal at this point lmaoo,Relatable,0.9516,0.0
C00029_P037,P037,Social Anxiety,song name please? sis,generic,neutral,8,2025-07-20,song name please sis,Neutral,0.0101,-0.34
C00030_P037,P037,Social Anxiety,backgorund music name? 🔥,generic,neutral,9,2025-07-20,backgorund music name,Neutral,0.0348,-0.34
C00031_P037,P037,Social Anxiety,fr my biography lmaoo,validation,relatable,8,2025-07-20,fr my biography lmaoo,Relatable,0.9793,0.0
C00032_P037,P037,Social Anxiety,i came to instagram to turn my brain off and instead you described it perfectly bhai,validation,relatable,9,2025-07-20,i came to instagram to turn my brain off and instead you described it perfectly bhai,Relatable,0.9424,0.0
C00033_P037,P037,Social Anxiety,that's literally me 😭😭,validation,relatable,13,2025-07-20,that's literally me,Relatable,0.983,0.68
C00034_P037,P037,Social Anxiety,check my page,generic,neutral,11,2025-07-20,check my page,Neutral,0.0322,-0.68
C00035_P037,P037,Social Anxiety,i relate to this too much lol,validation,relatable,8,2025-07-20,i relate to this too much lol,Relatable,0.9621,0.0
C00036_P037,P037,Social Anxiety,took the words right out of my mouth istg,validation,relatable,14,2025-07-20,took the words right out of my mouth istg,Relatable,0.9668,0.0
C00037_P037,P037,Social Anxiety,dm for promotions btw,generic,neutral,14,2025-07-20,dm for promotions btw,Neutral,0.0167,-0.34
C00038_P037,P037,Social Anxiety,the honesty is refreshing,ambiguous,neutral,14,2025-07-20,the honesty is refreshing,Neutral,0.4722,0.0
C00039_P037,P037,Social Anxiety,bro exactly what i go through lmaoo,validation,relatable,9,2025-07-20,bro exactly what i go through lmaoo,Relatable,0.9247,0.34
C00040_P037,P037,Social Anxiety,personally attacked,ambiguous,relatable,10,2025-07-20,personally attacked,Neutral,0.238,0.34
C00041_P037,P037,Social Anxiety,which app is this? 👍,generic,neutral,18,2025-07-20,which app is this,Neutral,0.025,-0.34
C00042_P037,P037,Social Anxiety,painfully accurate ong,validation,relatable,13,2025-07-20,painfully accurate ong,Relatable,0.9407,0.68
C00043_P037,P037,Social Anxiety,"ok but this is literally everyone, ntohing unique",sarcasm,neutral,5,2025-07-20,ok but this is literally everyone ntohing unique,Neutral,0.2065,0.34
C00044_P037,P037,Social Anxiety,i felt that 🥲🥲,validation,relatable,6,2025-07-20,i felt that,Relatable,0.935,0.34
C00045_P037,P037,Social Anxiety,the algorithm finally did something right bro,generic,neutral,10,2025-07-20,the algorithm finally did something right bro,Neutral,0.0414,0.0
C00046_P037,P037,Social Anxiety,I'm in this post and I don't like it ngl,validation,relatable,15,2025-07-20,i'm in this post and i don't like it ngl,Relatable,0.9593,0.0
C00047_P037,P037,Social Anxiety,DESERVES WAY MORE LIKES !!,generic,neutral,11,2025-07-20,deserves way more likes !!,Neutral,0.0361,0.4
C00048_P037,P037,Social Anxiety,deep. very deep.,sarcasm,neutral,11,2025-07-20,deep very deep,Neutral,0.0437,0.0
C00049_P037,P037,Social Anxiety,ok so it me,validation,relatable,7,2025-07-20,ok so it me,Relatable,0.9814,0.34
C00050_P037,P037,Social Anxiety,sir this is my diary page 🥲,validation,relatable,12,2025-07-20,sir this is my diary page,Relatable,0.9648,-0.34
C00051_P037,P037,Social Anxiety,"another relatable page, how original",sarcasm,neutral,14,2025-07-20,another relatable page how original,Neutral,0.0229,0.0
C00052_P037,P037,Social Anxiety,this is so me no cap,validation,relatable,10,2025-07-20,this is so me no cap,Relatable,0.9815,0.34
C00053_P037,P037,Social Anxiety,the way too real lol,validation,relatable,13,2025-07-20,the way too real lol,Relatable,0.9069,0.34
C00054_P037,P037,Social Anxiety,FACTS SIS,generic,neutral,16,2025-07-20,facts sis,Neutral,0.0304,0.0
C00055_P037,P037,Social Anxiety,"everyone overthinks, nothing special",sarcasm,neutral,8,2025-07-20,everyone overthinks nothing special,Neutral,0.0555,0.0
C00056_P037,P037,Social Anxiety,nah my biography pls,validation,relatable,11,2025-07-20,nah my biography pls,Relatable,0.9655,0.0
C00057_P037,P037,Social Anxiety,the way screenshot of my head fr fr,validation,relatable,9,2025-07-20,the way screenshot of my head fr fr,Relatable,0.9907,0.0
C00058_P037,P037,Social Anxiety,a mood,ambiguous,relatable,13,2025-07-20,a mood,Neutral,0.3889,0.0
C00059_P037,P037,Social Anxiety,the way the story of ym life,validation,relatable,11,2025-07-20,the way the story of ym life,Relatable,0.9075,0.0
C00060_P037,P037,Social Anxiety,facts,generic,neutral,12,2025-07-20,facts,Neutral,0.0317,0.0
C00061_P037,P037,Social Anxiety,why does this feel personal lmao,validation,relatable,13,2025-07-20,why does this feel personal lmao,Relatable,0.9609,0.0
C00062_P037,P037,Social Anxiety,it's too accurate fr fr,validation,relatable,10,2025-07-20,it's too accurate fr fr,Relatable,0.9832,0.34
C00063_P037,P037,Social Anxiety,not me my brain on a normal tuesday anna,validation,relatable,15,2025-07-20,not me my brain on a normal tuesday anna,Relatable,0.9846,0.34
C00064_P037,P037,Social Anxiety,follow for follow? 🔥,generic,neutral,11,2025-07-20,follow for follow,Neutral,0.0253,-0.34
C00065_P037,P037,Social Anxiety,love this page macha,generic,neutral,8,2025-07-20,love this page macha,Neutral,0.014,-0.34
C00066_P037,P037,Social Anxiety,exactly.,ambiguous,neutral,12,2025-07-20,exactly,Neutral,0.3346,0.34
C00067_P037,P037,Social Anxiety,deserves way more likes 🔥,generic,neutral,13,2025-07-20,deserves way more likes,Neutral,0.0361,0.0
C00068_P037,P037,Social Anxiety,background music name? btw,generic,neutral,9,2025-07-20,background music name btw,Neutral,0.0168,-0.34
C00069_P037,P037,Social Anxiety,you read my diary lol,validation,relatable,14,2025-07-20,you read my diary lol,Relatable,0.9687,0.0
C00070_P037,P037,Social Anxiety,the timing of this post is suspicious!!,validation,relatable,15,2025-07-20,the timing of this post is suspicious!!,Relatable,0.9637,0.4
C00071_P037,P037,Social Anxiety,your page will blow up sis,generic,neutral,9,2025-07-20,your page will blow up sis,Neutral,0.0138,-0.34
C00072_P037,P037,Social Anxiety,I felt that ong,validation,relatable,17,2025-07-20,i felt that ong,Relatable,0.9614,0.34
C00073_P037,P037,Social Anxiety,🔥🔥 bro,generic,neutral,8,2025-07-20,bro,Neutral,0.0594,0.0
C00074_P037,P037,Social Anxiety,every frame is my biography 🥲,validation,relatable,8,2025-07-20,every frame is my biography,Relatable,0.9774,0.0
C00075_P037,P037,Social Anxiety,wow,ambiguous,relatable,8,2025-07-20,wow,Neutral,0.214,0.0
C00076_P037,P037,Social Anxiety,😍,generic,neutral,15,2025-07-20,,Neutral,0.2792,0.0
C00077_P037,P037,Social Anxiety,IT'S THE ACCURACY FOR ME,ambiguous,relatable,12,2025-07-20,it's the accuracy for me,Relatable,0.5221,0.68
C00078_P037,P037,Social Anxiety,UNDERRATED PAGE FR,generic,neutral,8,2025-07-20,underrated page fr,Neutral,0.0312,-0.34
C00079_P037,P037,Social Anxiety,I didn't consent to being exposed fr fr,validation,relatable,10,2025-07-20,i didn't consent to being exposed fr fr,Relatable,0.98,0.0
C00080_P037,P037,Social Anxiety,love this page !!,generic,neutral,12,2025-07-20,love this page !!,Neutral,0.0197,0.06
C00081_P037,P037,Social Anxiety,fr too reaaal 💀,validation,relatable,7,2025-07-20,fr too reaal,Relatable,0.888,0.0
C00082_P037,P037,Social Anxiety,I relate to this too much lmao,validation,relatable,14,2025-07-20,i relate to this too much lmao,Relatable,0.9738,0.0
C00083_P037,P037,Social Anxiety,first comment 🔥,generic,neutral,13,2025-07-20,first comment,Neutral,0.0263,0.0
C00084_P037,P037,Social Anxiety,the algorithm finally did something right 🔥,generic,neutral,11,2025-07-20,the algorithm finally did something right,Neutral,0.0521,0.0
C00085_P037,P037,Social Anxiety,realest thing on my feed today,ambiguous,relatable,16,2025-07-20,realest thing on my feed today,Relatable,0.5428,0.0
C00086_P037,P037,Social Anxiety,I'm in this post and I don't like it 🥲,validation,relatable,10,2025-07-20,i'm in this post and i don't like it,Relatable,0.9555,0.0
C00087_P037,P037,Social Anxiety,awesome work!,generic,neutral,18,2025-07-20,awesome work!,Neutral,0.0299,-0.14
C00088_P037,P037,Social Anxiety,wait too accurate yaar,validation,relatable,12,2025-07-20,wait too accurate yaar,Relatable,0.951,0.34
C00089_P037,P037,Social Anxiety,nah my brain on a normal tuesday istg,validation,relatable,12,2025-07-20,nah my brain on a normal tuesday istg,Relatable,0.9607,0.0
C00090_P037,P037,Social Anxiety,haha,generic,neutral,8,2025-07-20,haha,Neutral,0.0245,0.0
C00091_P037,P037,Social Anxiety,took the words right out of my omuth...,validation,relatable,14,2025-07-20,took the words right out of my omuth,Relatable,0.9645,0.0
C00092_P037,P037,Social Anxiety,sir this is my diary page 😭😭,validation,relatable,10,2025-07-20,sir this is my diary page,Relatable,0.9648,-0.34
C00093_P037,P037,Social Anxiety,hello?? my brain on a normal tuesday 🥲,validation,relatable,8,2025-07-20,hello my brain on a normal tuesday,Relatable,0.9609,0.0
C00094_P037,P037,Social Anxiety,that's a documentary about me!!,validation,relatable,5,2025-07-20,that's a documentary about me!!,Relatable,0.9741,0.4
C00095_P037,P037,Social Anxiety,wow so relatable 🙄,sarcasm,neutral,11,2025-07-20,wow so relatable,Neutral,0.0446,0.34
C00096_P037,P037,Social Anxiety,"why did this describe my entire existence in 30 seconds, I'm filing a complaint 😭😭",validation,relatable,11,2025-07-20,why did this describe my entire existence in seconds i'm filing a complaint,Relatable,0.9154,0.0
C00097_P037,P037,Social Anxiety,SENDING THIS TO THE GROUP CHAT WITH NO CONTEXT LOL,validation,relatable,12,2025-07-20,sending this to the group chat with no context lol,Relatable,0.9597,0.0
C00098_P037,P037,Social Anxiety,ok this one hurt,ambiguous,relatable,14,2025-07-20,ok this one hurt,Neutral,0.4574,0.34
C00099_P037,P037,Social Anxiety,background music name?!,generic,neutral,7,2025-07-20,background music name !,Neutral,0.0226,-0.14
C00100_P037,P037,Social Anxiety,watched this five times already anna,validation,relatable,13,2025-07-20,watched this five times already anna,Relatable,0.9528,0.0
C00101_P037,P037,Social Anxiety,that hit close to home,validation,relatable,8,2025-07-20,that hit close to home,Relatable,0.9468,0.34
C00102_P037,P037,Social Anxiety,"found this page today, already binged everything 🔥",generic,neutral,14,2025-07-20,found this page today already binged everything,Neutral,0.0228,-0.34
C00103_P037,P037,Social Anxiety,deserves way more likes!,generic,neutral,13,2025-07-20,deserves way more likes!,Neutral,0.0361,0.2
C00104_P037,P037,Social Anxiety,i'm going to pretend i didn't read this 😭😭,validation,relatable,11,2025-07-20,i'm going to pretend i didn't read this,Relatable,0.9746,0.0
C00105_P037,P037,Social Anxiety,excuse me exactly what i go through 😭,validation,relatable,12,2025-07-20,excuse me exactly what i go through,Relatable,0.9786,0.68
C00106_P037,P037,Social Anxiety,"watched this, closed the app, opened it again, watched it again. yeah. ngl",validation,relatable,9,2025-07-20,watched this closed the app opened it again watched it again yeah ngl,Relatable,0.915,-0.34
C00107_P037,P037,Social Anxiety,every frame si my biography,validation,relatable,10,2025-07-20,every frame si my biography,Relatable,0.9724,0.0
C00108_P037,P037,Social Anxiety,posted at the right time 🔥,generic,neutral,14,2025-07-20,posted at the right time,Neutral,0.0522,0.0
C00109_P037,P037,Social Anxiety,posted at the right time ++,generic,neutral,10,2025-07-20,posted at the right time,Neutral,0.0522,0.0
C00110_P037,P037,Social Anxiety,"CAME HERE TO LAUGH, STAYED TO CONFRONT MYSELF 🥲🥲",validation,relatable,10,2025-07-20,came here to laugh stayed to confront myself,Relatable,0.9669,0.34
C00111_P037,P037,Social Anxiety,do a collab with us :),generic,neutral,11,2025-07-20,do a collab with us,Neutral,0.0347,-0.34
C00112_P037,P037,Social Anxiety,nah my whole life,validation,relatable,14,2025-07-20,nah my whole life,Relatable,0.9817,0.0
C00113_P037,P037,Social Anxiety,the timing of this post is suspicious yaar,validation,relatable,9,2025-07-20,the timing of this post is suspicious yaar,Relatable,0.9648,0.0
C00114_P037,P037,Social Anxiety,literally personal at this point anna,validation,relatable,8,2025-07-20,literally personal at this point anna,Relatable,0.97,0.34
C00115_P037,P037,Social Anxiety,stop describing me lmao,validation,relatable,12,2025-07-20,stop describing me lmao,Relatable,0.9671,0.34
C00116_P037,P037,Social Anxiety,"why did this describe my entire existence in 30 seconds, I'm filing a complaint fr fr",validation,relatable,14,2025-07-20,why did this describe my entire existence in seconds i'm filing a complaint fr fr,Relatable,0.9503,0.0
C00117_P037,P037,Social Anxiety,"sent this to my best friend at 2am and she replied why is this us, I still have no answer lmao",validation,relatable,7,2025-07-20,sent this to my best friend at am and she replied why is this us i still have no answer lmao,Relatable,0.9519,0.0
C00118_P037,P037,Social Anxiety,facts 👍,generic,neutral,9,2025-07-20,facts,Neutral,0.0317,0.0
C00119_P037,P037,Social Anxiety,nah my biography 😭😭,validation,relatable,8,2025-07-20,nah my biography,Relatable,0.9727,0.0
C00000_P038,P038,Dating & Situationships,i've never been so seen lmao,validation,relatable,12,2025-07-22,i've never been so seen lmao,Relatable,0.9471,0.34
C00001_P038,P038,Dating & Situationships,"sure, totally me",sarcasm,neutral,7,2025-07-22,sure totally me,Neutral,0.0829,0.34
C00002_P038,P038,Dating & Situationships,"hold on, too real pls",validation,relatable,12,2025-07-22,hold on too real pls,Relatable,0.931,0.34
C00003_P038,P038,Dating & Situationships,the last line though,ambiguous,relatable,9,2025-07-22,the last line though,Neutral,0.2926,0.0
C00004_P038,P038,Dating & Situationships,"another relatable page, ohw original",sarcasm,neutral,12,2025-07-22,another relatable page ohw original,Neutral,0.0256,0.0
C00005_P038,P038,Dating & Situationships,hello?? screenshot of my head lmaoo,validation,relatable,7,2025-07-22,hello screenshot of my head lmaoo,Relatable,0.9686,0.0
C00006_P038,P038,Dating & Situationships,reading this at 3am was a mistake,validation,relatable,8,2025-07-22,reading this at am was a mistake,Relatable,0.9542,0.0
C00007_P038,P038,Dating & Situationships,"came here to laugh, stayed to confront myself pls",validation,relatable,14,2025-07-22,came here to laugh stayed to confront myself pls,Relatable,0.9705,0.34
C00008_P038,P038,Dating & Situationships,do one about hostellers please,question,neutral,9,2025-07-22,do one about hostellers please,Neutral,0.0472,0.0
C00009_P038,P038,Dating & Situationships,TOOK THE WORDS RIGHT OUT OF MY MOUTH 🥲🥲,validation,relatable,14,2025-07-22,took the words right out of my mouth,Relatable,0.9668,0.0
C00010_P038,P038,Dating & Situationships,what's the song used here?,question,neutral,9,2025-07-22,what's the song used here,Neutral,0.0843,-0.34
C00011_P038,P038,Dating & Situationships,what camera do you use?,question,neutral,12,2025-07-22,what camera do you use,Neutral,0.0565,0.0
C00012_P038,P038,Dating & Situationships,mood.,ambiguous,neutral,12,2025-07-22,mood,Neutral,0.3889,0.0
C00013_P038,P038,Dating & Situationships,"hold on, it me lmao",validation,relatable,11,2025-07-22,hold on it me lmao,Relatable,0.9738,0.34
C00014_P038,P038,Dating & Situationships,part 3 when?,question,neutral,9,2025-07-22,part when,Neutral,0.0328,-0.34
C00015_P038,P038,Dating & Situationships,the edit quality is insane!,generic,neutral,8,2025-07-22,the edit quality is insane!,Neutral,0.0239,-0.14
C00016_P038,P038,Dating & Situationships,wait my brain on a normal tuesday 😭,validation,relatable,6,2025-07-22,wait my brain on a normal tuesday,Relatable,0.9615,0.0
C00017_P038,P038,Dating & Situationships,"why does this have no likes, underrated",question,neutral,9,2025-07-22,why does this have no likes underrated,Neutral,0.0679,0.0
C00018_P038,P038,Dating & Situationships,he said 'we'll see' and I said ok like a fool,personal_story,relatable,12,2025-07-22,he said 'we'll see' and i said ok like a fool,Relatable,0.8539,0.0
C00019_P038,P038,Dating & Situationships,follow for follow? :),generic,neutral,16,2025-07-22,follow for follow,Neutral,0.0253,-0.34
C00020_P038,P038,Dating & Situationships,follow for follow? btw,generic,neutral,14,2025-07-22,follow for follow btw,Neutral,0.0129,-0.34
C00021_P038,P038,Dating & Situationships,wait my whole life bhai,validation,relatable,13,2025-07-22,wait my whole life bhai,Relatable,0.9779,0.0
C00022_P038,P038,Dating & Situationships,"hold on, so me 😅",validation,relatable,13,2025-07-22,hold on so me,Relatable,0.9632,0.34
C00023_P038,P038,Dating & Situationships,NO YEAH,ambiguous,neutral,12,2025-07-22,no yeah,Neutral,0.2512,0.0
C00024_P038,P038,Dating & Situationships,mine left me on delivered for 3 days 😭,personal_story,relatable,9,2025-07-22,mine left me on delivered for days,Relatable,0.9144,0.34
C00025_P038,P038,Dating & Situationships,took the words right out of my mouth istg,validation,relatable,15,2025-07-22,took the words right out of my mouth istg,Relatable,0.9668,0.0
C00026_P038,P038,Dating & Situationships,the ending 😭,ambiguous,relatable,12,2025-07-22,the ending,Relatable,0.6694,0.0
C00027_P038,P038,Dating & Situationships,posted at the right time btw,generic,neutral,11,2025-07-22,posted at the right time btw,Neutral,0.0322,0.0
C00028_P038,P038,Dating & Situationships,why does this feel personal istg,validation,relatable,7,2025-07-22,why does this feel personal istg,Relatable,0.9399,0.0
C00029_P038,P038,Dating & Situationships,🔥🔥 ++,generic,neutral,10,2025-07-22,,Neutral,0.2792,0.0
C00030_P038,P038,Dating & Situationships,WHAT APP IS THIS?,question,neutral,10,2025-07-22,what app is this,Neutral,0.0518,-0.34
C00031_P038,P038,Dating & Situationships,TRUE THAT SIS,generic,neutral,14,2025-07-22,true that sis,Neutral,0.0199,0.34
C00032_P038,P038,Dating & Situationships,when is part 2?,generic,neutral,11,2025-07-22,when is part,Neutral,0.0285,-0.34
C00033_P038,P038,Dating & Situationships,I didn't consent to being exposed bhai,validation,relatable,10,2025-07-22,i didn't consent to being exposed bhai,Relatable,0.9649,0.0
C00034_P038,P038,Dating & Situationships,why is this my whole life,validation,relatable,17,2025-07-22,why is this my whole life,Relatable,0.9799,0.0
C00035_P038,P038,Dating & Situationships,do you take content requests?,question,neutral,7,2025-07-22,do you take content requests,Neutral,0.0476,0.0
C00036_P038,P038,Dating & Situationships,stop describing me 💀,validation,relatable,10,2025-07-22,stop describing me,Relatable,0.9611,0.34
C00037_P038,P038,Dating & Situationships,nah my biography lmaoo,validation,relatable,6,2025-07-22,nah my biography lmaoo,Relatable,0.9687,0.0
C00038_P038,P038,Dating & Situationships,WHICH APP IS THIS?!,generic,neutral,13,2025-07-22,which app is this !,Neutral,0.025,-0.14
C00039_P038,P038,Dating & Situationships,first comemnt,generic,neutral,15,2025-07-22,first comemnt,Neutral,0.0443,0.0
C00040_P038,P038,Dating & Situationships,exactly this,ambiguous,relatable,9,2025-07-22,exactly this,Relatable,0.5504,0.34
C00041_P038,P038,Dating & Situationships,wait my last three years in one video pls,validation,relatable,14,2025-07-22,wait my last three years in one video pls,Relatable,0.9735,0.0
C00042_P038,P038,Dating & Situationships,is this based on real events?,question,neutral,9,2025-07-22,is this based on real events,Neutral,0.0778,0.34
C00043_P038,P038,Dating & Situationships,literally too real fr fr,validation,relatable,15,2025-07-22,literally too real fr fr,Relatable,0.9416,0.68
C00044_P038,P038,Dating & Situationships,why is this it me lmao,validation,relatable,13,2025-07-22,why is this it me lmao,Relatable,0.9698,0.34
C00045_P038,P038,Dating & Situationships,love this page ++,generic,neutral,13,2025-07-22,love this page,Neutral,0.0197,-0.34
C00046_P038,P038,Dating & Situationships,this is my everyday routine yaar,validation,relatable,5,2025-07-22,this is my everyday routine yaar,Relatable,0.9844,0.0
C00047_P038,P038,Dating & Situationships,this is so me lol,validation,relatable,16,2025-07-22,this is so me lol,Relatable,0.9748,0.34
C00048_P038,P038,Dating & Situationships,why is this screenshot of my head lmaoo,validation,relatable,13,2025-07-22,why is this screenshot of my head lmaoo,Relatable,0.9734,0.0
C00049_P038,P038,Dating & Situationships,"came here to laugh, stayed to confront myself!!",validation,relatable,9,2025-07-22,came here to laugh stayed to confront myself!!,Relatable,0.9669,0.4
C00050_P038,P038,Dating & Situationships,sadly accurate,ambiguous,relatable,14,2025-07-22,sadly accurate,Relatable,0.5629,0.34
C00051_P038,P038,Dating & Situationships,SUPERB MACHA,generic,neutral,9,2025-07-22,superb macha,Neutral,0.0289,0.0
C00052_P038,P038,Dating & Situationships,how long did this take to edit?,question,neutral,14,2025-07-22,how long did this take to edit,Neutral,0.0753,-0.34
C00053_P038,P038,Dating & Situationships,stating the obvious since 2020,sarcasm,neutral,7,2025-07-22,stating the obvious since,Neutral,0.0468,0.0
C00054_P038,P038,Dating & Situationships,BACKGROUND MUSIC NAME? :),generic,neutral,12,2025-07-22,background music name,Neutral,0.0226,-0.34
C00055_P038,P038,Dating & Situationships,so dramatic for no reason,sarcasm,neutral,11,2025-07-22,so dramatic for no reason,Neutral,0.0825,0.0
C00056_P038,P038,Dating & Situationships,song name please? 👍,generic,neutral,7,2025-07-22,song name please,Neutral,0.019,-0.34
C00057_P038,P038,Dating & Situationships,sir this is my diary page 😭😭,validation,relatable,9,2025-07-22,sir this is my diary page,Relatable,0.9648,-0.34
C00058_P038,P038,Dating & Situationships,"found this page today, already binged everything btw",generic,neutral,5,2025-07-22,found this page today already binged everything btw,Neutral,0.0169,-0.34
C00059_P038,P038,Dating & Situationships,sending this to the group chat with no context istg,validation,relatable,10,2025-07-22,sending this to the group chat with no context istg,Relatable,0.9587,0.0
C00060_P038,P038,Dating & Situationships,excuse me my last three years in one video istg,validation,relatable,9,2025-07-22,excuse me my last three years in one video istg,Relatable,0.9845,0.34
C00061_P038,P038,Dating & Situationships,stop describing me anna,validation,relatable,11,2025-07-22,stop describing me anna,Relatable,0.9616,0.34
C00062_P038,P038,Dating & Situationships,hurts but fair,ambiguous,relatable,9,2025-07-22,hurts but fair,Relatable,0.5599,0.34
C00000_P039,P039,Money Struggles,posted at the right time bro,generic,neutral,11,2025-07-23,posted at the right time bro,Neutral,0.0396,0.0
C00001_P039,P039,Money Struggles,this felt personal,ambiguous,relatable,15,2025-07-23,this felt personal,Relatable,0.7053,0.34
C00002_P039,P039,Money Struggles,fake deep,sarcasm,neutral,8,2025-07-23,fake deep,Neutral,0.0409,0.0
C00003_P039,P039,Money Struggles,painfully accurate fr,validation,relatable,7,2025-07-23,painfully accurate fr,Relatable,0.9478,0.68
C00004_P039,P039,Money Struggles,"why did this describe my entire existence in 30 seconds, Im filing a complaint 🥲🥲",validation,relatable,9,2025-07-23,why did this describe my entire existence in seconds im filing a complaint,Relatable,0.9021,0.0
C00005_P039,P039,Money Struggles,why is this exactly what i go through lmaoo,validation,relatable,13,2025-07-23,why is this exactly what i go through lmaoo,Relatable,0.971,0.34
C00006_P039,P039,Money Struggles,cool edit 🔥,generic,neutral,6,2025-07-23,cool edit,Neutral,0.0241,-0.68
C00007_P039,P039,Money Struggles,literally too accurate 😭,validation,relatable,11,2025-07-23,literally too accurate,Relatable,0.9717,0.68
C00008_P039,P039,Money Struggles,haha true,generic,neutral,19,2025-07-23,haha true,Neutral,0.0086,0.34
C00009_P039,P039,Money Struggles,this one,ambiguous,relatable,14,2025-07-23,this one,Neutral,0.405,0.0
C00010_P039,P039,Money Struggles,watched this five times already lmaoo,validation,relatable,11,2025-07-23,watched this five times already lmaoo,Relatable,0.9538,0.0
C00011_P039,P039,Money Struggles,dm for promotions 🔥,generic,neutral,6,2025-07-23,dm for promotions,Neutral,0.0208,-0.34
C00012_P039,P039,Money Struggles,Rs.200 is not small when you have Rs.400,personal_story,relatable,14,2025-07-23,rs is not small when you have rs,Relatable,0.8715,0.0
C00013_P039,P039,Money Struggles,every frame is my biography lmao,validation,relatable,11,2025-07-23,every frame is my biography lmao,Relatable,0.9763,0.0
C00014_P039,P039,Money Struggles,my account balance is a horror movie,personal_story,relatable,7,2025-07-23,my account balance is a horror movie,Relatable,0.8885,0.0
C00015_P039,P039,Money Struggles,deep. very deep.,sarcasm,neutral,7,2025-07-23,deep very deep,Neutral,0.0437,0.0
C00016_P039,P039,Money Struggles,hello?? screenshot of my head bhai,validation,relatable,15,2025-07-23,hello screenshot of my head bhai,Relatable,0.9763,0.0
C00017_P039,P039,Money Struggles,I felt that 💀,validation,relatable,12,2025-07-23,i felt that,Relatable,0.935,0.34
C00000_P040,P040,College & Hostel Life,awesome work !!,generic,neutral,15,2025-07-24,awesome work !!,Neutral,0.0299,0.06
C00001_P040,P040,College & Hostel Life,this is me in one post,validation,relatable,10,2025-07-24,this is me in one post,Relatable,0.9681,0.34
C00002_P040,P040,College & Hostel Life,"found this page today, already binged everything :)",generic,neutral,12,2025-07-24,found this page today already binged everything,Neutral,0.0228,-0.34
C00003_P040,P040,College & Hostel Life,OK SO TOO ACCURATE 💀,validation,relatable,12,2025-07-24,ok so too accurate,Relatable,0.9539,0.34
C00004_P040,P040,College & Hostel Life,that hit close to home 😅,validation,relatable,11,2025-07-24,that hit close to home,Relatable,0.9468,0.34
C00005_P040,P040,College & Hostel Life,this speaks for my whole generation 😅,validation,relatable,12,2025-07-24,this speaks for my whole generation,Relatable,0.9631,0.0
C00006_P040,P040,College & Hostel Life,i live this every single day ngl,validation,relatable,9,2025-07-24,i live this every single day ngl,Relatable,0.9435,0.0
C00007_P040,P040,College & Hostel Life,WHEN IS PART 2? :),generic,neutral,11,2025-07-24,when is part,Neutral,0.0285,-0.34
C00008_P040,P040,College & Hostel Life,first comment 👍,generic,neutral,7,2025-07-24,first comment,Neutral,0.0263,0.0
C00009_P040,P040,College & Hostel Life,this generation and its labels istg,sarcasm,neutral,10,2025-07-24,this generation and its labels istg,Neutral,0.0996,0.0
C00010_P040,P040,College & Hostel Life,this is my whole life 😅,validation,relatable,11,2025-07-24,this is my whole life,Relatable,0.9921,0.0
C00011_P040,P040,College & Hostel Life,not me screenshot of my head 😭,validation,relatable,12,2025-07-24,not me screenshot of my head,Relatable,0.9897,0.34
C00012_P040,P040,College & Hostel Life,every frame is my biography ong,validation,relatable,16,2025-07-24,every frame is my biography ong,Relatable,0.9766,0.0
C00013_P040,P040,College & Hostel Life,love this page bro,generic,neutral,11,2025-07-24,love this page bro,Neutral,0.0196,-0.34
C00014_P040,P040,College & Hostel Life,not to be dramatic but this post understood me better than my last three conversations lmao,validation,relatable,13,2025-07-24,not to be dramatic but this post understood me better than my last three conversations lmao,Relatable,0.9588,0.68
C00015_P040,P040,College & Hostel Life,8am classes should be illegal,personal_story,relatable,11,2025-07-24,am classes should be illegal,Relatable,0.884,0.0
C00016_P040,P040,College & Hostel Life,smooth transitions :),generic,neutral,12,2025-07-24,smooth transitions,Neutral,0.0534,0.0
C00017_P040,P040,College & Hostel Life,bro personal at this point 😅,validation,relatable,7,2025-07-24,bro personal at this point,Relatable,0.8877,0.0
C00018_P040,P040,College & Hostel Life,your page will blow up bro,generic,neutral,9,2025-07-24,your page will blow up bro,Neutral,0.015,-0.34
C00019_P040,P040,College & Hostel Life,i agree!,generic,neutral,10,2025-07-24,i agree!,Neutral,0.0316,0.2
C00020_P040,P040,College & Hostel Life,"earn 5000 daily, link in bio",spam,neutral,10,2025-07-24,earn daily link in bio,Neutral,0.0946,-0.68
C00021_P040,P040,College & Hostel Life,chcek my page 👍,generic,neutral,6,2025-07-24,chcek my page,Neutral,0.146,-0.34
C00022_P040,P040,College & Hostel Life,any tips for the 2am version of this?,question,neutral,8,2025-07-24,any tips for the am version of this,Neutral,0.104,-0.34
C00023_P040,P040,College & Hostel Life,that hit close to home lol,validation,relatable,9,2025-07-24,that hit close to home lol,Relatable,0.935,0.34
C00024_P040,P040,College & Hostel Life,stop describing me pls,validation,relatable,17,2025-07-24,stop describing me pls,Relatable,0.9644,0.34
C00025_P040,P040,College & Hostel Life,literally my whole life istg,validation,relatable,9,2025-07-24,literally my whole life istg,Relatable,0.9803,0.34
C00026_P040,P040,College & Hostel Life,song name please? :),generic,neutral,11,2025-07-24,song name please,Neutral,0.019,-0.34
C00027_P040,P040,College & Hostel Life,watched this five times already ong,validation,relatable,8,2025-07-24,watched this five times already ong,Relatable,0.9683,0.0
C00028_P040,P040,College & Hostel Life,our mess soup is just hot water with regret,personal_story,relatable,12,2025-07-24,our mess soup is just hot water with regret,Relatable,0.8672,0.0
C00029_P040,P040,College & Hostel Life,this is so me 🥲,validation,relatable,9,2025-07-24,this is so me,Relatable,0.9807,0.34
C00030_P040,P040,College & Hostel Life,the way my brain on a normal tuesday lmao,validation,relatable,8,2025-07-24,the way my brain on a normal tuesday lmao,Relatable,0.974,0.0
C00031_P040,P040,College & Hostel Life,ok so the story of my life,validation,relatable,11,2025-07-24,ok so the story of my life,Relatable,0.9745,0.0
C00032_P040,P040,College & Hostel Life,it's one thing to make a meme and another to describe my whole personality,validation,relatable,4,2025-07-24,it's one thing to make a meme and another to describe my whole personality,Relatable,0.9471,0.0
C00033_P040,P040,College & Hostel Life,growth service dm now,spam,neutral,4,2025-07-24,growth service dm now,Neutral,0.0928,-0.34
C00034_P040,P040,College & Hostel Life,GENUINELY HOW DO YOU KNOW MY LIFE 🥲🥲,validation,relatable,8,2025-07-24,genuinely how do you know my life,Relatable,0.9197,0.0
C00035_P040,P040,College & Hostel Life,check my page ++,generic,neutral,6,2025-07-24,check my page,Neutral,0.0322,-0.68
C00036_P040,P040,College & Hostel Life,the way literally me ong,validation,relatable,7,2025-07-24,the way literally me ong,Relatable,0.9789,0.68
C00037_P040,P040,College & Hostel Life,congratulations you discovered being human,sarcasm,neutral,9,2025-07-24,congratulations you discovered being human,Neutral,0.0685,0.0
C00038_P040,P040,College & Hostel Life,this is so me fr,validation,relatable,13,2025-07-24,this is so me fr,Relatable,0.984,0.34
C00039_P040,P040,College & Hostel Life,sending this to the group chat with no context bhai,validation,relatable,11,2025-07-24,sending this to the group chat with no context bhai,Relatable,0.9598,0.0
C00040_P040,P040,College & Hostel Life,I live this every single day...,validation,relatable,11,2025-07-24,i live this every single day,Relatable,0.9365,0.0
C00041_P040,P040,College & Hostel Life,it's one thing to make a meme and another to describe my whole personality 🥲,validation,relatable,9,2025-07-24,it's one thing to make a meme and another to describe my whole personality,Relatable,0.9471,0.0
C00042_P040,P040,College & Hostel Life,nice post 🔥,generic,neutral,15,2025-07-24,nice post,Neutral,0.0661,-0.34
C00043_P040,P040,College & Hostel Life,sir this is my diary page 😭,validation,relatable,10,2025-07-24,sir this is my diary page,Relatable,0.9648,-0.34
C00044_P040,P040,College & Hostel Life,ok but my biography fr,validation,relatable,7,2025-07-24,ok but my biography fr,Relatable,0.9642,0.0
C00045_P040,P040,College & Hostel Life,nice post!,generic,neutral,12,2025-07-24,nice post!,Neutral,0.0661,-0.14
C00046_P040,P040,College & Hostel Life,what's the song used here?,question,neutral,7,2025-07-24,what's the song used here,Neutral,0.0843,-0.34
C00047_P040,P040,College & Hostel Life,😍 ++,generic,neutral,10,2025-07-24,,Neutral,0.2792,0.0
C00048_P040,P040,College & Hostel Life,🔥🔥 🔥,generic,neutral,11,2025-07-24,,Neutral,0.2792,0.0
C00049_P040,P040,College & Hostel Life,bro my biography lmaoo,validation,relatable,14,2025-07-24,bro my biography lmaoo,Relatable,0.9212,0.0
C00050_P040,P040,College & Hostel Life,hello?? my brain on a normal tuesday 🥲🥲,validation,relatable,11,2025-07-24,hello my brain on a normal tuesday,Relatable,0.9609,0.0
C00051_P040,P040,College & Hostel Life,first comment,generic,neutral,12,2025-07-24,first comment,Neutral,0.0263,0.0
C00052_P040,P040,College & Hostel Life,sir this is my diary page istg,validation,relatable,19,2025-07-24,sir this is my diary page istg,Relatable,0.959,-0.34
C00053_P040,P040,College & Hostel Life,lol ok bro,generic,neutral,8,2025-07-24,lol ok bro,Neutral,0.0341,0.0
C00054_P040,P040,College & Hostel Life,I've never been so seen 🥲,validation,relatable,9,2025-07-24,i've never been so seen,Relatable,0.9208,0.34
C00055_P040,P040,College & Hostel Life,hurts but fair,ambiguous,relatable,10,2025-07-24,hurts but fair,Relatable,0.5599,0.34
C00056_P040,P040,College & Hostel Life,cool edit bro,generic,neutral,10,2025-07-24,cool edit bro,Neutral,0.0148,-0.68
C00057_P040,P040,College & Hostel Life,how do you deal with this though?,question,neutral,10,2025-07-24,how do you deal with this though,Neutral,0.1266,0.0
C00058_P040,P040,College & Hostel Life,this hit,ambiguous,neutral,15,2025-07-24,this hit,Neutral,0.1016,0.0
C00059_P040,P040,College & Hostel Life,why is this so me ong,validation,relatable,12,2025-07-24,why is this so me ong,Relatable,0.9644,0.34
C00060_P040,P040,College & Hostel Life,so true ++,generic,neutral,12,2025-07-24,so true,Neutral,0.0315,0.34
C00061_P040,P040,College & Hostel Life,this is screenshot of my head...,validation,relatable,9,2025-07-24,this is screenshot of my head,Relatable,0.9701,0.0
C00062_P040,P040,College & Hostel Life,I didn't consent to being exposed 💀,validation,relatable,14,2025-07-24,i didn't consent to being exposed,Relatable,0.9666,0.0
C00063_P040,P040,College & Hostel Life,do one about hostellers please,question,neutral,16,2025-07-24,do one about hostellers please,Neutral,0.0472,0.0
C00064_P040,P040,College & Hostel Life,FR MY EVERYDAY ROUTINE BHAI,validation,relatable,14,2025-07-24,fr my everyday routine bhai,Relatable,0.9657,0.0
C00065_P040,P040,College & Hostel Life,what app is this?,question,neutral,3,2025-07-24,what app is this,Neutral,0.0518,-0.34
C00000_P041,P041,Family Pressure,nah my everyday routine istg,validation,relatable,10,2025-07-26,nah my everyday routine istg,Relatable,0.9496,0.0
C00001_P041,P041,Family Pressure,the edit quality is insane,generic,neutral,10,2025-07-26,the edit quality is insane,Neutral,0.0239,-0.34
C00002_P041,P041,Family Pressure,"I'm the family NGO, free labour included",personal_story,relatable,10,2025-07-26,i'm the family ngo free labour included,Relatable,0.8586,-0.34
C00003_P041,P041,Family Pressure,fake deep,sarcasm,neutral,7,2025-07-26,fake deep,Neutral,0.0409,0.0
C00004_P041,P041,Family Pressure,which app is this? sis,generic,neutral,10,2025-07-26,which app is this sis,Neutral,0.0173,-0.34
C00005_P041,P041,Family Pressure,sending this to the group chat with no context lmaoo,validation,relatable,13,2025-07-26,sending this to the group chat with no context lmaoo,Relatable,0.9688,0.0
C00006_P041,P041,Family Pressure,ok but my brain on a normal tuesday no cap,validation,relatable,7,2025-07-26,ok but my brain on a normal tuesday no cap,Relatable,0.9695,0.0
C00007_P041,P041,Family Pressure,you read my diary 🥲🥲,validation,relatable,7,2025-07-26,you read my diary,Relatable,0.9682,0.0
C00008_P041,P041,Family Pressure,'log kya kahenge' has ruined more careers than failure ever did,personal_story,relatable,10,2025-07-26,'log kya kahenge' has ruined more careers than failure ever did,Relatable,0.8525,0.0
C00009_P041,P041,Family Pressure,love this page macha,generic,neutral,16,2025-07-26,love this page macha,Neutral,0.014,-0.34
C00010_P041,P041,Family Pressure,ok but it me ngl,validation,relatable,12,2025-07-26,ok but it me ngl,Relatable,0.9578,0.34
C00011_P041,P041,Family Pressure,ok so literally me lmao,validation,relatable,12,2025-07-26,ok so literally me lmao,Relatable,0.9683,0.68
C00012_P041,P041,Family Pressure,saved this for the next time it happens 💀,validation,relatable,10,2025-07-26,saved this for the next time it happens,Relatable,0.95,0.0
C00013_P041,P041,Family Pressure,im going to pretend i didn't read this,validation,relatable,11,2025-07-26,im going to pretend i didn't read this,Relatable,0.9555,0.0
C00014_P041,P041,Family Pressure,reporting this for personal damage ngl,validation,relatable,4,2025-07-26,reporting this for personal damage ngl,Relatable,0.9544,0.0
C00015_P041,P041,Family Pressure,I paused. sat down. processed. same. ong,validation,relatable,12,2025-07-26,i paused sat down processed same ong,Relatable,0.9688,0.34
C00016_P041,P041,Family Pressure,underrated page fr bro,generic,neutral,15,2025-07-26,underrated page fr bro,Neutral,0.0195,-0.34
C00017_P041,P041,Family Pressure,watched this five times already...,validation,relatable,12,2025-07-26,watched this five times already,Relatable,0.9518,0.0
C00018_P041,P041,Family Pressure,congratulations you discovered being human,sarcasm,neutral,14,2025-07-26,congratulations you discovered being human,Neutral,0.0685,0.0
C00019_P041,P041,Family Pressure,true that sis,generic,neutral,12,2025-07-26,true that sis,Neutral,0.0199,0.34
C00020_P041,P041,Family Pressure,hello?? literally me da,validation,relatable,7,2025-07-26,hello literally me da,Relatable,0.9696,0.68
C00021_P041,P041,Family Pressure,this is personal at tihs point lmaoo,validation,relatable,15,2025-07-26,this is personal at tihs point lmaoo,Relatable,0.8983,0.0
C00022_P041,P041,Family Pressure,"sent this to my best friend at 2am and she replied why is this us, I still have no answer fr fr",validation,relatable,6,2025-07-26,sent this to my best friend at am and she replied why is this us i still have no answer fr fr,Relatable,0.9612,0.0
C00023_P041,P041,Family Pressure,the way my whole life!!,validation,relatable,11,2025-07-26,the way my whole life!!,Relatable,0.9871,0.4
C00024_P041,P041,Family Pressure,background music name? !!,generic,neutral,8,2025-07-26,background music name !!,Neutral,0.0226,0.06
C00025_P041,P041,Family Pressure,DESERVES WAY MORE LIKES BTW,generic,neutral,5,2025-07-26,deserves way more likes btw,Neutral,0.0241,0.0
C00026_P041,P041,Family Pressure,genuinely how do you know my life 💀,validation,relatable,10,2025-07-26,genuinely how do you know my life,Relatable,0.9197,0.0
C00027_P041,P041,Family Pressure,"came here to laugh, stayed to confront myself lmoao",validation,relatable,9,2025-07-26,came here to laugh stayed to confront myself lmoao,Relatable,0.9669,0.34
C00028_P041,P041,Family Pressure,sending this to the group chat with no context 😭,validation,relatable,11,2025-07-26,sending this to the group chat with no context,Relatable,0.9566,0.0
C00029_P041,P041,Family Pressure,literally exactly what I go through da,validation,relatable,11,2025-07-26,literally exactly what i go through da,Relatable,0.9614,0.68
C00030_P041,P041,Family Pressure,painfully accurate bhai,validation,relatable,6,2025-07-26,painfully accurate bhai,Relatable,0.9448,0.68
C00031_P041,P041,Family Pressure,the timing of this post is suspicious 😅,validation,relatable,7,2025-07-26,the timing of this post is suspicious,Relatable,0.9637,0.0
C00032_P041,P041,Family Pressure,exactly.,ambiguous,neutral,11,2025-07-26,exactly,Neutral,0.3346,0.34
C00033_P041,P041,Family Pressure,"watched this, closed the app, opened it again, watched it again. yeah....",validation,relatable,10,2025-07-26,watched this closed the app opened it again watched it again yeah,Relatable,0.8896,-0.34
C00034_P041,P041,Family Pressure,hurts but fair,ambiguous,relatable,13,2025-07-26,hurts but fair,Relatable,0.5599,0.34
C00035_P041,P041,Family Pressure,ok but exactly what I go through!!,validation,relatable,12,2025-07-26,ok but exactly what i go through!!,Relatable,0.9451,0.74
C00036_P041,P041,Family Pressure,no yeah,ambiguous,neutral,14,2025-07-26,no yeah,Neutral,0.2512,0.0
C00037_P041,P041,Family Pressure,I'm in this post and I don't like it ong,validation,relatable,12,2025-07-26,i'm in this post and i don't like it ong,Relatable,0.9598,0.0
C00038_P041,P041,Family Pressure,smooth transitions sis,generic,neutral,10,2025-07-26,smooth transitions sis,Neutral,0.0262,0.0
C00039_P041,P041,Family Pressure,"why does this have no likes, underrated",question,neutral,12,2025-07-26,why does this have no likes underrated,Neutral,0.0679,0.0
C00040_P041,P041,Family Pressure,hello?? exactly what I go through lmaoo,validation,relatable,9,2025-07-26,hello exactly what i go through lmaoo,Relatable,0.9551,0.34
C00041_P041,P041,Family Pressure,oh.,ambiguous,neutral,9,2025-07-26,oh,Neutral,0.119,0.0
C00042_P041,P041,Family Pressure,the timing of this post is suspicious lmaoo,validation,relatable,13,2025-07-26,the timing of this post is suspicious lmaoo,Relatable,0.975,0.0
C00043_P041,P041,Family Pressure,I'm in this post and I don't like it ngl,validation,relatable,10,2025-07-26,i'm in this post and i don't like it ngl,Relatable,0.9593,0.0
C00044_P041,P041,Family Pressure,the way exactly what I go through 😅,validation,relatable,13,2025-07-26,the way exactly what i go through,Relatable,0.9712,0.34
C00045_P041,P041,Family Pressure,do one about hostellers please,question,neutral,14,2025-07-26,do one about hostellers please,Neutral,0.0472,0.0
C00046_P041,P041,Family Pressure,literally it me 🥲🥲,validation,relatable,14,2025-07-26,literally it me,Relatable,0.9686,0.68
C00047_P041,P041,Family Pressure,part 3 when?,question,neutral,15,2025-07-26,part when,Neutral,0.0328,-0.34
C00048_P041,P041,Family Pressure,"found this page today, already binged everything !!",generic,neutral,10,2025-07-26,found this page today already binged everything !!,Neutral,0.0228,0.06
C00049_P041,P041,Family Pressure,took the words right out of my mouth lmaoo,validation,relatable,9,2025-07-26,took the words right out of my mouth lmaoo,Relatable,0.9689,0.0
C00050_P041,P041,Family Pressure,🔥🔥 macha,generic,neutral,11,2025-07-26,macha,Neutral,0.0302,0.0
C00051_P041,P041,Family Pressure,haha true sis,generic,neutral,10,2025-07-26,haha true sis,Neutral,0.009,0.34
C00052_P041,P041,Family Pressure,I felt that da,validation,relatable,11,2025-07-26,i felt that da,Relatable,0.9314,0.34
C00053_P041,P041,Family Pressure,you read my diary bhai,validation,relatable,12,2025-07-26,you read my diary bhai,Relatable,0.9774,0.0
C00000_P042,P042,Self-Image & Comparison,superb 👍,generic,neutral,8,2025-07-27,superb,Neutral,0.0327,0.0
C00001_P042,P042,Self-Image & Comparison,ok but so me 🥲,validation,relatable,5,2025-07-27,ok but so me,Relatable,0.9444,0.34
C00002_P042,P042,Self-Image & Comparison,facts!,generic,neutral,12,2025-07-27,facts!,Neutral,0.0317,0.2
C00003_P042,P042,Self-Image & Comparison,"uninstalled Instagram twice, reinstalled in a day",personal_story,relatable,12,2025-07-27,uninstalled instagram twice reinstalled in a day,Relatable,0.8956,0.0
C00004_P042,P042,Self-Image & Comparison,first comment!,generic,neutral,9,2025-07-27,first comment!,Neutral,0.0263,0.2
C00005_P042,P042,Self-Image & Comparison,"watched this, closed the app, opened it again, watched it again. yeah. pls",validation,relatable,7,2025-07-27,watched this closed the app opened it again watched it again yeah pls,Relatable,0.9142,-0.34
C00006_P042,P042,Self-Image & Comparison,literally too real ?!,validation,relatable,10,2025-07-27,literally too real !,Relatable,0.8864,0.88
C00007_P042,P042,Self-Image & Comparison,too real,ambiguous,relatable,9,2025-07-27,too real,Relatable,0.8173,0.34
C00008_P042,P042,Self-Image & Comparison,saved this for the next time it happens!!,validation,relatable,12,2025-07-27,saved this for the next time it happens!!,Relatable,0.95,0.4
C00009_P042,P042,Self-Image & Comparison,the algorithm finally did something right macha,generic,neutral,11,2025-07-27,the algorithm finally did something right macha,Neutral,0.031,0.0
C00010_P042,P042,Self-Image & Comparison,literally too real!!,validation,relatable,10,2025-07-27,literally too real!!,Relatable,0.8864,0.74
C00011_P042,P042,Self-Image & Comparison,im going to pretend i didn't read this no cap,validation,relatable,8,2025-07-27,im going to pretend i didn't read this no cap,Relatable,0.9705,0.0
C00012_P042,P042,Self-Image & Comparison,love this page !!,generic,neutral,18,2025-07-27,love this page !!,Neutral,0.0197,0.06
C00013_P042,P042,Self-Image & Comparison,fr my last three years in one video fr,validation,relatable,10,2025-07-27,fr my last three years in one video fr,Relatable,0.9769,0.0
C00014_P042,P042,Self-Image & Comparison,unfortunately yes,ambiguous,relatable,12,2025-07-27,unfortunately yes,Relatable,0.5491,0.0
C00015_P042,P042,Self-Image & Comparison,reading this at 3am was a mistake fr fr,validation,relatable,8,2025-07-27,reading this at am was a mistake fr fr,Relatable,0.972,0.0
C00016_P042,P042,Self-Image & Comparison,dm for promotions !!,generic,neutral,11,2025-07-27,dm for promotions !!,Neutral,0.0208,0.06
C00017_P042,P042,Self-Image & Comparison,I'm in this post and I don't like it 😭😭,validation,relatable,5,2025-07-27,i'm in this post and i don't like it,Relatable,0.9555,0.0
C00018_P042,P042,Self-Image & Comparison,bro exactly what I go through 😭😭,validation,relatable,11,2025-07-27,bro exactly what i go through,Relatable,0.9105,0.34
C00019_P042,P042,Self-Image & Comparison,deserves way more likes sis,generic,neutral,16,2025-07-27,deserves way more likes sis,Neutral,0.0249,0.0
C00020_P042,P042,Self-Image & Comparison,part 2 please?,question,neutral,10,2025-07-27,part please,Neutral,0.0278,-0.34
C00021_P042,P042,Self-Image & Comparison,everyone my age is achieving things and I'm here,personal_story,relatable,6,2025-07-27,everyone my age is achieving things and i'm here,Relatable,0.8981,0.0
C00022_P042,P042,Self-Image & Comparison,ok boomer,sarcasm,neutral,6,2025-07-27,ok boomer,Neutral,0.0538,0.0
C00023_P042,P042,Self-Image & Comparison,wow so relatable 🙄,sarcasm,neutral,10,2025-07-27,wow so relatable,Neutral,0.0446,0.34
C00024_P042,P042,Self-Image & Comparison,bro a documentary about me 😭😭,validation,relatable,8,2025-07-27,bro a documentary about me,Relatable,0.9238,0.34
C00025_P042,P042,Self-Image & Comparison,😍 bro,generic,neutral,5,2025-07-27,bro,Neutral,0.0594,0.0
C00026_P042,P042,Self-Image & Comparison,nice post ++,generic,neutral,13,2025-07-27,nice post,Neutral,0.0661,-0.34
C00027_P042,P042,Self-Image & Comparison,wow,ambiguous,neutral,10,2025-07-27,wow,Neutral,0.214,0.0
C00028_P042,P042,Self-Image & Comparison,stop describing me pls,validation,relatable,9,2025-07-27,stop describing me pls,Relatable,0.9644,0.34
C00029_P042,P042,Self-Image & Comparison,personally attacked,ambiguous,neutral,15,2025-07-27,personally attacked,Neutral,0.238,0.34
C00000_P043,P043,Social Anxiety,wow okay,ambiguous,relatable,18,2025-07-29,wow okay,Neutral,0.408,0.0
C00001_P043,P043,Social Anxiety,i've never been so seen yaar,validation,relatable,9,2025-07-29,i've never been so seen yaar,Relatable,0.9304,0.34
C00002_P043,P043,Social Anxiety,love this page 👍,generic,neutral,16,2025-07-29,love this page,Neutral,0.0197,-0.34
C00003_P043,P043,Social Anxiety,this speaks for my whole generation ong,validation,relatable,10,2025-07-29,this speaks for my whole generation ong,Relatable,0.9754,0.0
C00004_P043,P043,Social Anxiety,I felt that 🥲,validation,relatable,10,2025-07-29,i felt that,Relatable,0.935,0.34
C00005_P043,P043,Social Anxiety,bro screenshot of my head lmaoo,validation,relatable,9,2025-07-29,bro screenshot of my head lmaoo,Relatable,0.949,0.0
C00006_P043,P043,Social Anxiety,song name please? ++,generic,neutral,11,2025-07-29,song name please,Neutral,0.019,-0.34
C00007_P043,P043,Social Anxiety,I paused. sat down. processde. same. 🥲🥲,validation,relatable,8,2025-07-29,i paused sat down processde same,Relatable,0.9121,0.34
C00008_P043,P043,Social Anxiety,uncomfortably accurate,ambiguous,neutral,11,2025-07-29,uncomfortably accurate,Neutral,0.1746,0.34
C00009_P043,P043,Social Anxiety,fr personal at this point yaar,validation,relatable,11,2025-07-29,fr personal at this point yaar,Relatable,0.9621,0.0
C00010_P043,P043,Social Anxiety,"I rehearse before ordering coffee, no exaggeration",personal_story,relatable,13,2025-07-29,i rehearse before ordering coffee no exaggeration,Relatable,0.8775,0.0
C00011_P043,P043,Social Anxiety,you read my diary no cap,validation,relatable,14,2025-07-29,you read my diary no cap,Relatable,0.9711,0.0
C00012_P043,P043,Social Anxiety,why is this too accurate 🥲🥲,validation,relatable,10,2025-07-29,why is this too accurate,Relatable,0.9734,0.34
C00013_P043,P043,Social Anxiety,facts bro,generic,neutral,9,2025-07-29,facts bro,Neutral,0.0378,0.0
C00014_P043,P043,Social Anxiety,the timing of this post is suspicious lol,validation,relatable,9,2025-07-29,the timing of this post is suspicious lol,Relatable,0.9555,0.0
C00015_P043,P043,Social Anxiety,that hit close to home...,validation,relatable,8,2025-07-29,that hit close to home,Relatable,0.9468,0.34
C00016_P043,P043,Social Anxiety,my hands shake when the phone rings too,personal_story,relatable,6,2025-07-29,my hands shake when the phone rings too,Relatable,0.9051,0.0
C00017_P043,P043,Social Anxiety,why is this my biography da,validation,relatable,10,2025-07-29,why is this my biography da,Relatable,0.9791,0.0
C00018_P043,P043,Social Anxiety,wait personal at this point lol,validation,relatable,9,2025-07-29,wait personal at this point lol,Relatable,0.9508,0.0
C00019_P043,P043,Social Anxiety,dm for promotions bro,generic,neutral,16,2025-07-29,dm for promotions bro,Neutral,0.02,-0.34
C00020_P043,P043,Social Anxiety,why does this feel personal lmaoo,validation,relatable,11,2025-07-29,why does this feel personal lmaoo,Relatable,0.9432,0.0
C00021_P043,P043,Social Anxiety,took the words right out of my mouth,validation,relatable,10,2025-07-29,took the words right out of my mouth,Relatable,0.9668,0.0
C00022_P043,P043,Social Anxiety,true that 🔥,generic,neutral,11,2025-07-29,true that,Neutral,0.0249,0.34
C00023_P043,P043,Social Anxiety,i relate to this too much fr fr,validation,relatable,8,2025-07-29,i relate to this too much fr fr,Relatable,0.9827,0.0
C00024_P043,P043,Social Anxiety,"came here to laugh, stayed to confront myself 🥲",validation,relatable,10,2025-07-29,came here to laugh stayed to confront myself,Relatable,0.9669,0.34
C00025_P043,P043,Social Anxiety,ok but a documentary about me 😅,validation,relatable,12,2025-07-29,ok but a documentary about me,Relatable,0.9572,0.34
C00026_P043,P043,Social Anxiety,I agree,generic,neutral,11,2025-07-29,i agree,Neutral,0.0316,0.0
C00000_P044,P044,Dating & Situationships,yes because everyone does this obviously,sarcasm,neutral,6,2025-07-30,yes because everyone does this obviously,Neutral,0.0767,0.0
C00001_P044,P044,Dating & Situationships,haha true 👍,generic,neutral,11,2025-07-30,haha true,Neutral,0.0086,0.34
C00002_P044,P044,Dating & Situationships,wow okay then,ambiguous,relatable,11,2025-07-30,wow okay then,Neutral,0.4985,0.0
C00003_P044,P044,Dating & Situationships,ok this one hurt,ambiguous,relatable,9,2025-07-30,ok this one hurt,Neutral,0.4574,0.34
C00004_P044,P044,Dating & Situationships,"sent this to my best friend at 2am and she replied why is this us, I still have no answer ?!",validation,relatable,16,2025-07-30,sent this to my best friend at am and she replied why is this us i still have no answer !,Relatable,0.9388,0.2
C00005_P044,P044,Dating & Situationships,"ok but this is literally everyone, nothing unique",sarcasm,neutral,15,2025-07-30,ok but this is literally everyone nothing unique,Neutral,0.088,0.34
C00006_P044,P044,Dating & Situationships,nah my last three years in one video fr fr,validation,relatable,12,2025-07-30,nah my last three years in one video fr fr,Relatable,0.983,0.0
C00007_P044,P044,Dating & Situationships,smooht transitions btw,generic,neutral,11,2025-07-30,smooht transitions btw,Neutral,0.0358,0.0
C00008_P044,P044,Dating & Situationships,so true sis,generic,neutral,14,2025-07-30,so true sis,Neutral,0.0234,0.34
C00009_P044,P044,Dating & Situationships,awesome work :),generic,neutral,7,2025-07-30,awesome work,Neutral,0.0299,-0.34
C00010_P044,P044,Dating & Situationships,can we get a version with english subtitles?,question,neutral,13,2025-07-30,can we get a version with english subtitles,Neutral,0.0604,0.0
C00011_P044,P044,Dating & Situationships,I reelate to this too much bhai,validation,relatable,7,2025-07-30,i reelate to this too much bhai,Relatable,0.956,0.0
C00012_P044,P044,Dating & Situationships,is this based on real events?,question,neutral,13,2025-07-30,is this based on real events,Neutral,0.0778,0.34
C00013_P044,P044,Dating & Situationships,keep it up btw,generic,neutral,9,2025-07-30,keep it up btw,Neutral,0.0227,0.0
C00014_P044,P044,Dating & Situationships,what app is this?,question,neutral,14,2025-07-30,what app is this,Neutral,0.0518,-0.34
C00015_P044,P044,Dating & Situationships,he said 'we'll see' and I said ok like a fool,personal_story,relatable,16,2025-07-30,he said 'we'll see' and i said ok like a fool,Relatable,0.8539,0.0
C00016_P044,P044,Dating & Situationships,"another relatable page, how original",sarcasm,neutral,8,2025-07-30,another relatable page how original,Neutral,0.0229,0.0
C00017_P044,P044,Dating & Situationships,stop describing me ong,validation,relatable,10,2025-07-30,stop describing me ong,Relatable,0.9679,0.34
C00018_P044,P044,Dating & Situationships,so true,generic,neutral,17,2025-07-30,so true,Neutral,0.0315,0.34
C00019_P044,P044,Dating & Situationships,your page will blow up,generic,neutral,11,2025-07-30,your page will blow up,Neutral,0.0171,-0.34
C00020_P044,P044,Dating & Situationships,reading this at 3am was a mistake...,validation,relatable,14,2025-07-30,reading this at am was a mistake,Relatable,0.9542,0.0
C00021_P044,P044,Dating & Situationships,😍 btw,generic,neutral,11,2025-07-30,btw,Neutral,0.0307,0.0
C00022_P044,P044,Dating & Situationships,check my page!,generic,neutral,10,2025-07-30,check my page!,Neutral,0.0322,-0.14
C00023_P044,P044,Dating & Situationships,it's one thing to make a meme and another to describe my whole personality,validation,relatable,9,2025-07-30,it's one thing to make a meme and another to describe my whole personality,Relatable,0.9471,0.0
C00024_P044,P044,Dating & Situationships,part 3 when?,question,neutral,8,2025-07-30,part when,Neutral,0.0328,-0.34
C00025_P044,P044,Dating & Situationships,do you take content requests?,question,neutral,13,2025-07-30,do you take content requests,Neutral,0.0476,0.0
C00026_P044,P044,Dating & Situationships,who allowed you to expose me ilke this 🥲,validation,relatable,10,2025-07-30,who allowed you to expose me ilke this,Relatable,0.9334,0.34
C00027_P044,P044,Dating & Situationships,this is so me ong,validation,relatable,11,2025-07-30,this is so me ong,Relatable,0.98,0.34
C00028_P044,P044,Dating & Situationships,this is the kind of post you save at 2am and rewatch when it happens again ngl,validation,relatable,11,2025-07-30,this is the kind of post you save at am and rewatch when it happens again ngl,Relatable,0.9445,0.0
C00029_P044,P044,Dating & Situationships,song name please?,generic,neutral,11,2025-07-30,song name please,Neutral,0.019,-0.34
C00030_P044,P044,Dating & Situationships,this felt personal,ambiguous,relatable,14,2025-07-30,this felt personal,Relatable,0.7053,0.34
C00031_P044,P044,Dating & Situationships,hello?? it me istg,validation,relatable,17,2025-07-30,hello it me istg,Relatable,0.964,0.34
C00032_P044,P044,Dating & Situationships,THE EDIT QUALITY IS INSANE !!,generic,neutral,10,2025-07-30,the edit quality is insane !!,Neutral,0.0239,0.06
C00033_P044,P044,Dating & Situationships,took the words right out of my mouth 💀,validation,relatable,14,2025-07-30,took the words right out of my mouth,Relatable,0.9668,0.0
C00034_P044,P044,Dating & Situationships,so true macha,generic,neutral,13,2025-07-30,so true macha,Neutral,0.0203,0.34
C00035_P044,P044,Dating & Situationships,took the words right out of my mouth no cap,validation,relatable,11,2025-07-30,took the words right out of my mouth no cap,Relatable,0.9758,0.0
C00036_P044,P044,Dating & Situationships,free followers in bio,generic,neutral,16,2025-07-30,free followers in bio,Neutral,0.0357,-0.68
C00037_P044,P044,Dating & Situationships,THE CAPTION THOUGH,ambiguous,neutral,8,2025-07-30,the caption though,Relatable,0.5925,0.0
C00038_P044,P044,Dating & Situationships,it's too accurate!!,validation,relatable,7,2025-07-30,it's too accurate!!,Relatable,0.9825,0.4
C00039_P044,P044,Dating & Situationships,mine left me on delivered for 3 days 😭,personal_story,relatable,14,2025-07-30,mine left me on delivered for days,Relatable,0.9144,0.34
C00040_P044,P044,Dating & Situationships,I'm in this post and I don't like it!!,validation,relatable,10,2025-07-30,i'm in this post and i don't like it!!,Relatable,0.9555,0.4
C00041_P044,P044,Dating & Situationships,i'm going to pretend i didn't read this 😅,validation,relatable,14,2025-07-30,i'm going to pretend i didn't read this,Relatable,0.9746,0.0
C00042_P044,P044,Dating & Situationships,where are you from?,question,neutral,15,2025-07-30,where are you from,Neutral,0.0668,0.0
C00043_P044,P044,Dating & Situationships,"why did this describe my entire existence in 30 seconds, i'm filing a complaint no cap",validation,relatable,6,2025-07-30,why did this describe my entire existence in seconds i'm filing a complaint no cap,Relatable,0.9426,0.0
C00044_P044,P044,Dating & Situationships,any tips for the 2am version of this?,question,neutral,14,2025-07-30,any tips for the am version of this,Neutral,0.104,-0.34
C00045_P044,P044,Dating & Situationships,deserves way more likes 👍,generic,neutral,10,2025-07-30,deserves way more likes,Neutral,0.0361,0.0
C00046_P044,P044,Dating & Situationships,that hit close to home no cap,validation,relatable,11,2025-07-30,that hit close to home no cap,Relatable,0.9718,0.34
C00047_P044,P044,Dating & Situationships,genuinely how do you know my life,validation,relatable,12,2025-07-30,genuinely how do you know my life,Relatable,0.9197,0.0
C00048_P044,P044,Dating & Situationships,part 2 please?,question,neutral,15,2025-07-30,part please,Neutral,0.0278,-0.34
C00049_P044,P044,Dating & Situationships,SADLY ACCURATE,ambiguous,neutral,5,2025-07-30,sadly accurate,Relatable,0.5629,0.34
C00050_P044,P044,Dating & Situationships,😍 👍,generic,neutral,11,2025-07-30,,Neutral,0.2792,0.0
C00051_P044,P044,Dating & Situationships,THE WAY THE STORY OF MY LIFE LMAOO,validation,relatable,12,2025-07-30,the way the story of my life lmaoo,Relatable,0.982,0.0
C00052_P044,P044,Dating & Situationships,stop describing me ?!,validation,relatable,12,2025-07-30,stop describing me !,Relatable,0.9611,0.54
C00053_P044,P044,Dating & Situationships,I feel seen,ambiguous,neutral,12,2025-07-30,i feel seen,Neutral,0.3236,0.34
C00054_P044,P044,Dating & Situationships,who hurt you bro,sarcasm,neutral,8,2025-07-30,who hurt you bro,Neutral,0.0399,0.34
C00055_P044,P044,Dating & Situationships,cool edit ++,generic,neutral,9,2025-07-30,cool edit,Neutral,0.0241,-0.68
C00056_P044,P044,Dating & Situationships,why is this so me 😭😭,validation,relatable,10,2025-07-30,why is this so me,Relatable,0.9539,0.34
C00057_P044,P044,Dating & Situationships,that's screenshot of my head fr fr,validation,relatable,13,2025-07-30,that's screenshot of my head fr fr,Relatable,0.9731,0.0
C00058_P044,P044,Dating & Situationships,do one about hostellers please,question,neutral,9,2025-07-30,do one about hostellers please,Neutral,0.0472,0.0
C00059_P044,P044,Dating & Situationships,every frame is my biography ong,validation,relatable,8,2025-07-30,every frame is my biography ong,Relatable,0.9766,0.0
C00060_P044,P044,Dating & Situationships,posted at the right time bro,generic,neutral,16,2025-07-30,posted at the right time bro,Neutral,0.0396,0.0
C00061_P044,P044,Dating & Situationships,the timing of this post is suspicious yaar,validation,relatable,4,2025-07-30,the timing of this post is suspicious yaar,Relatable,0.9648,0.0
C00062_P044,P044,Dating & Situationships,smooth transitions,generic,neutral,20,2025-07-30,smooth transitions,Neutral,0.0534,0.0
C00063_P044,P044,Dating & Situationships,that hit close to home lol,validation,relatable,12,2025-07-30,that hit close to home lol,Relatable,0.935,0.34
C00064_P044,P044,Dating & Situationships,i'm in this post and i don't like it fr fr,validation,relatable,14,2025-07-30,i'm in this post and i don't like it fr fr,Relatable,0.9798,0.0
C00065_P044,P044,Dating & Situationships,sending this to the group chat with no context pls,validation,relatable,9,2025-07-30,sending this to the group chat with no context pls,Relatable,0.9685,0.0
C00066_P044,P044,Dating & Situationships,the way i did this exact thing this morning and now i'm being called out publicly pls,validation,relatable,5,2025-07-30,the way i did this exact thing this morning and now i'm being called out publicly pls,Relatable,0.9254,0.34
C00067_P044,P044,Dating & Situationships,personally attacked,ambiguous,relatable,13,2025-07-30,personally attacked,Neutral,0.238,0.34
C00068_P044,P044,Dating & Situationships,why is this a documentary about me 🥲🥲,validation,relatable,14,2025-07-30,why is this a documentary about me,Relatable,0.9637,0.34
C00069_P044,P044,Dating & Situationships,which college is this?,question,neutral,13,2025-07-30,which college is this,Neutral,0.0804,0.0
C00070_P044,P044,Dating & Situationships,took the words right out of my mouth lmaoo,validation,relatable,8,2025-07-30,took the words right out of my mouth lmaoo,Relatable,0.9689,0.0
C00071_P044,P044,Dating & Situationships,dm for promotions,generic,neutral,13,2025-07-30,dm for promotions,Neutral,0.0208,-0.34
C00072_P044,P044,Dating & Situationships,lol ok ++,generic,neutral,13,2025-07-30,lol ok,Neutral,0.0618,0.0
C00073_P044,P044,Dating & Situationships,not me screenshot of my head 😅,validation,relatable,12,2025-07-30,not me screenshot of my head,Relatable,0.9897,0.34
C00074_P044,P044,Dating & Situationships,what's the song used here?,question,neutral,13,2025-07-30,what's the song used here,Neutral,0.0843,-0.34
C00075_P044,P044,Dating & Situationships,bro a documentary about me fr fr,validation,relatable,14,2025-07-30,bro a documentary about me fr fr,Relatable,0.9658,0.34
C00076_P044,P044,Dating & Situationships,that hit close to home!!,validation,relatable,12,2025-07-30,that hit close to home!!,Relatable,0.9468,0.4
C00077_P044,P044,Dating & Situationships,literally it me,validation,relatable,7,2025-07-30,literally it me,Relatable,0.9686,0.68
C00078_P044,P044,Dating & Situationships,hurts but fair,ambiguous,neutral,11,2025-07-30,hurts but fair,Relatable,0.5599,0.34
C00079_P044,P044,Dating & Situationships,"came here to laugh, stayed to confront myself fr",validation,relatable,7,2025-07-30,came here to laugh stayed to confront myself fr,Relatable,0.9717,0.34
C00080_P044,P044,Dating & Situationships,I've never been so seen 💀,validation,relatable,10,2025-07-30,i've never been so seen,Relatable,0.9208,0.34
C00081_P044,P044,Dating & Situationships,watched this five times already no cap,validation,relatable,10,2025-07-30,watched this five times already no cap,Relatable,0.965,0.0
C00082_P044,P044,Dating & Situationships,I paused. sat down. processed. same. da,validation,relatable,6,2025-07-30,i paused sat down processed same da,Relatable,0.9561,0.34
C00083_P044,P044,Dating & Situationships,stating the obvious since 2020,sarcasm,neutral,10,2025-07-30,stating the obvious since,Neutral,0.0468,0.0
C00084_P044,P044,Dating & Situationships,literally personal at this point lmao,validation,relatable,7,2025-07-30,literally personal at this point lmao,Relatable,0.9819,0.34
C00085_P044,P044,Dating & Situationships,smooth transitions bro,generic,neutral,13,2025-07-30,smooth transitions bro,Neutral,0.0328,0.0
C00086_P044,P044,Dating & Situationships,wait personal at this point 💀,validation,relatable,16,2025-07-30,wait personal at this point,Relatable,0.9474,0.0
C00087_P044,P044,Dating & Situationships,unfortunately yes,ambiguous,neutral,7,2025-07-30,unfortunately yes,Relatable,0.5491,0.0
C00088_P044,P044,Dating & Situationships,which app is this? btw,generic,neutral,16,2025-07-30,which app is this btw,Neutral,0.0174,-0.34
C00089_P044,P044,Dating & Situationships,sir this is my diary page da,validation,relatable,11,2025-07-30,sir this is my diary page da,Relatable,0.9655,-0.34
C00090_P044,P044,Dating & Situationships,background music name? macha,generic,neutral,9,2025-07-30,background music name macha,Neutral,0.0153,-0.34
C00091_P044,P044,Dating & Situationships,"came here to laugh, stayed to confront myself 🥲🥲",validation,relatable,7,2025-07-30,came here to laugh stayed to confront myself,Relatable,0.9669,0.34
C00092_P044,P044,Dating & Situationships,this is too real lmaoo,validation,relatable,11,2025-07-30,this is too real lmaoo,Relatable,0.9221,0.34
C00093_P044,P044,Dating & Situationships,who allowed you to expose me liiike this lmao,validation,relatable,13,2025-07-30,who allowed you to expose me liike this lmao,Relatable,0.9464,0.34
C00094_P044,P044,Dating & Situationships,first comment!,generic,neutral,12,2025-07-30,first comment!,Neutral,0.0263,0.2
C00095_P044,P044,Dating & Situationships,true bro,generic,neutral,6,2025-07-30,true bro,Neutral,0.0222,0.34
C00096_P044,P044,Dating & Situationships,ok this is a mood,ambiguous,relatable,7,2025-07-30,ok this is a mood,Neutral,0.3186,0.0
C00097_P044,P044,Dating & Situationships,haha bro,generic,neutral,10,2025-07-30,haha bro,Neutral,0.0307,0.0
C00098_P044,P044,Dating & Situationships,free followers in bio btw,generic,neutral,9,2025-07-30,free followers in bio btw,Neutral,0.0238,-0.68
C00099_P044,P044,Dating & Situationships,ok so my brain on a normal tuesday fr,validation,relatable,9,2025-07-30,ok so my brain on a normal tuesday fr,Relatable,0.9656,0.0
C00100_P044,P044,Dating & Situationships,first comment bro,generic,neutral,9,2025-07-30,first comment bro,Neutral,0.0249,0.0
C00101_P044,P044,Dating & Situationships,genuinely how do you know my life yaar,validation,relatable,13,2025-07-30,genuinely how do you know my life yaar,Relatable,0.9306,0.0
C00102_P044,P044,Dating & Situationships,i felt that 🥲,validation,relatable,15,2025-07-30,i felt that,Relatable,0.935,0.34
C00103_P044,P044,Dating & Situationships,underrated page fr bro,generic,neutral,10,2025-07-30,underrated page fr bro,Neutral,0.0195,-0.34
C00104_P044,P044,Dating & Situationships,saved this for the next time it happens lmaoo,validation,relatable,15,2025-07-30,saved this for the next time it happens lmaoo,Relatable,0.9567,0.0
C00105_P044,P044,Dating & Situationships,no because a documentary about me yaar,validation,relatable,9,2025-07-30,no because a documentary about me yaar,Relatable,0.9671,0.34
C00106_P044,P044,Dating & Situationships,nah a documentary about me lol,validation,relatable,11,2025-07-30,nah a documentary about me lol,Relatable,0.9663,0.34
C00107_P044,P044,Dating & Situationships,that's screenshot of my head istg,validation,relatable,9,2025-07-30,that's screenshot of my head istg,Relatable,0.949,0.0
C00108_P044,P044,Dating & Situationships,excuse me the story of my life!!,validation,relatable,12,2025-07-30,excuse me the story of my life!!,Relatable,0.9895,0.74
C00109_P044,P044,Dating & Situationships,I live this every single day fr fr,validation,relatable,17,2025-07-30,i live this every single day fr fr,Relatable,0.9638,0.0
C00110_P044,P044,Dating & Situationships,i felt that ?!,validation,relatable,11,2025-07-30,i felt that !,Relatable,0.935,0.54
C00111_P044,P044,Dating & Situationships,follow for follow?,generic,neutral,10,2025-07-30,follow for follow,Neutral,0.0253,-0.34
C00112_P044,P044,Dating & Situationships,no yeah,ambiguous,neutral,12,2025-07-30,no yeah,Neutral,0.2512,0.0
C00113_P044,P044,Dating & Situationships,nah my last three years in oneee video lmao,validation,relatable,7,2025-07-30,nah my last three years in onee video lmao,Relatable,0.9633,0.0
C00114_P044,P044,Dating & Situationships,love this page 👍,generic,neutral,14,2025-07-30,love this page,Neutral,0.0197,-0.34
C00115_P044,P044,Dating & Situationships,background music name? !!,generic,neutral,11,2025-07-30,background music name !!,Neutral,0.0226,0.06
C00116_P044,P044,Dating & Situationships,reading this at 3am was a mistake lmao,validation,relatable,10,2025-07-30,reading this at am was a mistake lmao,Relatable,0.9612,0.0
C00117_P044,P044,Dating & Situationships,"found this page today, already binged everything sis",generic,neutral,11,2025-07-30,found this page today already binged everything sis,Neutral,0.0174,-0.34
C00118_P044,P044,Dating & Situationships,dm for promotions :),generic,neutral,12,2025-07-30,dm for promotions,Neutral,0.0208,-0.34
C00119_P044,P044,Dating & Situationships,i didn't consent to being exposed istg,validation,relatable,7,2025-07-30,i didn't consent to being exposed istg,Relatable,0.9742,0.0
C00000_P045,P045,Money Struggles,this felt personal,ambiguous,relatable,13,2025-07-31,this felt personal,Relatable,0.7053,0.34
C00001_P045,P045,Money Struggles,the timing of this post is suspicious 🥲🥲,validation,relatable,9,2025-07-31,the timing of this post is suspicious,Relatable,0.9637,0.0
C00002_P045,P045,Money Struggles,"CAME HERE TO LAUGH, STAYED TO CONFRONT MYSELF 💀",validation,relatable,11,2025-07-31,came here to laugh stayed to confront myself,Relatable,0.9669,0.34
C00003_P045,P045,Money Struggles,your page will blow up sis,generic,neutral,9,2025-07-31,your page will blow up sis,Neutral,0.0138,-0.34
C00004_P045,P045,Money Struggles,🔥🔥,generic,neutral,8,2025-07-31,,Neutral,0.2792,0.0
C00005_P045,P045,Money Struggles,ok but my biography lmao,validation,relatable,12,2025-07-31,ok but my biography lmao,Relatable,0.9619,0.0
C00006_P045,P045,Money Struggles,yes because everyone does this obviously,sarcasm,neutral,6,2025-07-31,yes because everyone does this obviously,Neutral,0.0767,0.0
C00007_P045,P045,Money Struggles,deserves way more likes 🔥,generic,neutral,13,2025-07-31,deserves way more likes,Neutral,0.0361,0.0
C00008_P045,P045,Money Struggles,"sure, totally me",sarcasm,neutral,9,2025-07-31,sure totally me,Neutral,0.0829,0.34
C00009_P045,P045,Money Struggles,my therapist and my group chat will hear about this post,validation,relatable,2,2025-07-31,my therapist and my group chat will hear about this post,Relatable,0.9305,0.0
C00010_P045,P045,Money Struggles,reading this at 3am was a mistake fr fr,validation,relatable,11,2025-07-31,reading this at am was a mistake fr fr,Relatable,0.972,0.0
C00011_P045,P045,Money Struggles,you read my diary yaar,validation,relatable,6,2025-07-31,you read my diary yaar,Relatable,0.9641,0.0
C00012_P045,P045,Money Struggles,check my page btw,generic,neutral,9,2025-07-31,check my page btw,Neutral,0.0202,-0.68
C00013_P045,P045,Money Struggles,the timing of this post is suspicious 😅,validation,relatable,12,2025-07-31,the timing of this post is suspicious,Relatable,0.9637,0.0
C00014_P045,P045,Money Struggles,every frame is my biography 💀,validation,relatable,6,2025-07-31,every frame is my biography,Relatable,0.9774,0.0
C00015_P045,P045,Money Struggles,why is this my biography 💀,validation,relatable,14,2025-07-31,why is this my biography,Relatable,0.9689,0.0
C00016_P045,P045,Money Struggles,who hurt you bro,sarcasm,neutral,4,2025-07-31,who hurt you bro,Neutral,0.0399,0.34
C00017_P045,P045,Money Struggles,your page will blow up !!,generic,neutral,9,2025-07-31,your page will blow up !!,Neutral,0.0171,0.06
C00018_P045,P045,Money Struggles,not me a documentary about me no cap,validation,relatable,13,2025-07-31,not me a documentary about me no cap,Relatable,0.9875,0.34
C00019_P045,P045,Money Struggles,this speaks for my whole generation...,validation,relatable,9,2025-07-31,this speaks for my whole generation,Relatable,0.9631,0.0
C00020_P045,P045,Money Struggles,reporting this for personal damage anna,validation,relatable,7,2025-07-31,reporting this for personal damage anna,Relatable,0.9659,0.0
C00021_P045,P045,Money Struggles,Rs.200 is not small when you have Rs.400,personal_story,relatable,10,2025-07-31,rs is not small when you have rs,Relatable,0.8715,0.0
C00022_P045,P045,Money Struggles,I can't,ambiguous,relatable,9,2025-07-31,i can't,Neutral,0.4107,0.0
C00023_P045,P045,Money Struggles,I LIVE THIS EVERY SINGLE DAY NGL,validation,relatable,14,2025-07-31,i live this every single day ngl,Relatable,0.9435,0.0
C00024_P045,P045,Money Struggles,i paused. sat down. processed. same. ngl,validation,relatable,9,2025-07-31,i paused sat down processed same ngl,Relatable,0.9684,0.34
C00025_P045,P045,Money Struggles,awesome work :),generic,neutral,13,2025-07-31,awesome work,Neutral,0.0299,-0.34
C00026_P045,P045,Money Struggles,"came here to laugh, stayed to confront myself bhai",validation,relatable,15,2025-07-31,came here to laugh stayed to confront myself bhai,Relatable,0.968,0.34
C00027_P045,P045,Money Struggles,underrated page fr,generic,neutral,10,2025-07-31,underrated page fr,Neutral,0.0312,-0.34
C00028_P045,P045,Money Struggles,this is literally me...,validation,relatable,15,2025-07-31,this is literally me,Relatable,0.9766,0.68
C00029_P045,P045,Money Struggles,my account balance is a horror movie,personal_story,relatable,10,2025-07-31,my account balance is a horror movie,Relatable,0.8885,0.0
C00030_P045,P045,Money Struggles,cool edit!,generic,neutral,16,2025-07-31,cool edit!,Neutral,0.0241,-0.14
C00031_P045,P045,Money Struggles,free followers in bio,generic,neutral,7,2025-07-31,free followers in bio,Neutral,0.0357,-0.68
C00032_P045,P045,Money Struggles,the way exactly what I go through,validation,relatable,12,2025-07-31,the way exactly what i go through,Relatable,0.9712,0.34
C00033_P045,P045,Money Struggles,posted at the right time 👍,generic,neutral,11,2025-07-31,posted at the right time,Neutral,0.0522,0.0
C00034_P045,P045,Money Struggles,this is literally me 😭😭,validation,relatable,10,2025-07-31,this is literally me,Relatable,0.9766,0.68
C00035_P045,P045,Money Struggles,no literally,ambiguous,neutral,12,2025-07-31,no literally,Neutral,0.3675,0.34
C00036_P045,P045,Money Struggles,dm for promotions!,generic,neutral,12,2025-07-31,dm for promotions!,Neutral,0.0208,-0.14
C00037_P045,P045,Money Struggles,haha true ++,generic,neutral,4,2025-07-31,haha true,Neutral,0.0086,0.34
C00038_P045,P045,Money Struggles,it's too accurate 🥲🥲,validation,relatable,8,2025-07-31,it's too accurate,Relatable,0.9825,0.34
C00039_P045,P045,Money Struggles,but same though,ambiguous,relatable,12,2025-07-31,but same though,Neutral,0.3605,0.34
C00040_P045,P045,Money Struggles,i felt that anna,validation,relatable,12,2025-07-31,i felt that anna,Relatable,0.958,0.34
C00041_P045,P045,Money Struggles,love this page 👍,generic,neutral,16,2025-07-31,love this page,Neutral,0.0197,-0.34
C00042_P045,P045,Money Struggles,true 🔥,generic,neutral,13,2025-07-31,true,Neutral,0.0084,0.34
C00043_P045,P045,Money Struggles,true!,generic,neutral,16,2025-07-31,true!,Neutral,0.0084,0.2
C00044_P045,P045,Money Struggles,no because screenshot of my head no cap,validation,relatable,12,2025-07-31,no because screenshot of my head no cap,Relatable,0.9849,0.0
C00045_P045,P045,Money Struggles,superb sis,generic,neutral,9,2025-07-31,superb sis,Neutral,0.0282,0.0
C00046_P045,P045,Money Struggles,😍!,generic,neutral,7,2025-07-31,!,Neutral,0.2792,0.2
C00047_P045,P045,Money Struggles,I've never been so seen 😅,validation,relatable,13,2025-07-31,i've never been so seen,Relatable,0.9208,0.34
C00048_P045,P045,Money Struggles,award for most generic post goes to,sarcasm,neutral,12,2025-07-31,award for most generic post goes to,Neutral,0.0696,0.0
C00049_P045,P045,Money Struggles,this hit,ambiguous,neutral,6,2025-07-31,this hit,Neutral,0.1016,0.0
C00050_P045,P045,Money Struggles,love this page!,generic,neutral,10,2025-07-31,love this page!,Neutral,0.0197,0.2
C00051_P045,P045,Money Struggles,stop describing me,validation,relatable,16,2025-07-31,stop describing me,Relatable,0.9611,0.34
C00052_P045,P045,Money Struggles,oh.,ambiguous,neutral,11,2025-07-31,oh,Neutral,0.119,0.0
C00053_P045,P045,Money Struggles,repotring this for personal damage lol,validation,relatable,10,2025-07-31,repotring this for personal damage lol,Relatable,0.8992,0.0
C00054_P045,P045,Money Struggles,song name please?!,generic,neutral,10,2025-07-31,song name please !,Neutral,0.019,-0.14
C00055_P045,P045,Money Struggles,this speaks for my whole generation bhai,validation,relatable,8,2025-07-31,this speaks for my whole generation bhai,Relatable,0.9616,0.0
C00056_P045,P045,Money Struggles,yeah.,ambiguous,neutral,10,2025-07-31,yeah,Neutral,0.3148,0.0
C00057_P045,P045,Money Struggles,"hold on, screenshot of my head 😭😭",validation,relatable,10,2025-07-31,hold on screenshot of my head,Relatable,0.9756,0.0
C00058_P045,P045,Money Struggles,why is this the story of my life lmao,validation,relatable,6,2025-07-31,why is this the story of my life lmao,Relatable,0.9801,0.0
C00059_P045,P045,Money Struggles,I'm in this post and I don't like it,validation,relatable,13,2025-07-31,i'm in this post and i don't like it,Relatable,0.9555,0.0
C00060_P045,P045,Money Struggles,"another relatable page, how original",sarcasm,neutral,10,2025-07-31,another relatable page how original,Neutral,0.0229,0.0
C00061_P045,P045,Money Struggles,I live this every single day istg,validation,relatable,14,2025-07-31,i live this every single day istg,Relatable,0.9371,0.0
C00062_P045,P045,Money Struggles,"ok but this is literally everyone, nothing unique",sarcasm,neutral,14,2025-07-31,ok but this is literally everyone nothing unique,Neutral,0.088,0.34
C00063_P045,P045,Money Struggles,bro a documentary about me 🥲,validation,relatable,8,2025-07-31,bro a documentary about me,Relatable,0.9238,0.34
C00064_P045,P045,Money Struggles,this generation and its labels istg,sarcasm,neutral,12,2025-07-31,this generation and its labels istg,Neutral,0.0996,0.0
C00065_P045,P045,Money Struggles,excuse me my whole life no cap,validation,relatable,10,2025-07-31,excuse me my whole life no cap,Relatable,0.9925,0.34
C00066_P045,P045,Money Struggles,the timing of this post is suspicious da,validation,relatable,14,2025-07-31,the timing of this post is suspicious da,Relatable,0.9749,0.0
C00067_P045,P045,Money Struggles,reporting this for personal damage ngl,validation,relatable,8,2025-07-31,reporting this for personal damage ngl,Relatable,0.9544,0.0
C00068_P045,P045,Money Struggles,wow so relatable 🙄,sarcasm,neutral,12,2025-07-31,wow so relatable,Neutral,0.0446,0.34
C00069_P045,P045,Money Struggles,I've never been so seen!!,validation,relatable,12,2025-07-31,i've never been so seen!!,Relatable,0.9208,0.4
C00070_P045,P045,Money Struggles,I feel seen,ambiguous,neutral,9,2025-07-31,i feel seen,Neutral,0.3236,0.34
C00071_P045,P045,Money Struggles,not me screenshot of my head fr,validation,relatable,8,2025-07-31,not me screenshot of my head fr,Relatable,0.9902,0.34
C00072_P045,P045,Money Struggles,crying,ambiguous,relatable,12,2025-07-31,crying,Relatable,0.5878,0.34
C00073_P045,P045,Money Struggles,STOP DESCRIBING ME FR FR,validation,relatable,13,2025-07-31,stop describing me fr fr,Relatable,0.9796,0.34
C00074_P045,P045,Money Struggles,the edit quality is insane btw,generic,neutral,9,2025-07-31,the edit quality is insane btw,Neutral,0.0172,-0.34
C00075_P045,P045,Money Struggles,I agree bro,generic,neutral,12,2025-07-31,i agree bro,Neutral,0.0377,0.0
C00076_P045,P045,Money Struggles,sending this to the group chat with no context 😭😭,validation,relatable,10,2025-07-31,sending this to the group chat with no context,Relatable,0.9566,0.0
C00077_P045,P045,Money Struggles,genuinely how do you know my life no cap,validation,relatable,12,2025-07-31,genuinely how do you know my life no cap,Relatable,0.9513,0.0
C00078_P045,P045,Money Struggles,SUPERB,generic,neutral,8,2025-07-31,superb,Neutral,0.0327,0.0
C00079_P045,P045,Money Struggles,follow for follow? sis,generic,neutral,14,2025-07-31,follow for follow sis,Neutral,0.0135,-0.34
C00080_P045,P045,Money Struggles,the edit quality is insane !!,generic,neutral,9,2025-07-31,the edit quality is insane !!,Neutral,0.0239,0.06
C00081_P045,P045,Money Struggles,"found this page today, already binged everything macha",generic,neutral,10,2025-07-31,found this page today already binged everything macha,Neutral,0.016,-0.34
C00082_P045,P045,Money Struggles,fr the story of my life 😭😭,validation,relatable,6,2025-07-31,fr the story of my life,Relatable,0.9903,0.0
C00083_P045,P045,Money Struggles,this is just basic psychology,sarcasm,neutral,7,2025-07-31,this is just basic psychology,Neutral,0.0677,0.0
C00084_P045,P045,Money Struggles,I'm going to pretend I didn't read this 😭,validation,relatable,11,2025-07-31,i'm going to pretend i didn't read this,Relatable,0.9746,0.0
C00085_P045,P045,Money Struggles,reading this at 3am was a mistake istg,validation,relatable,9,2025-07-31,reading this at am was a mistake istg,Relatable,0.9648,0.0
C00086_P045,P045,Money Struggles,I didn't consent to being exposed,validation,relatable,14,2025-07-31,i didn't consent to being exposed,Relatable,0.9666,0.0
C00087_P045,P045,Money Struggles,fr personal at this point ong,validation,relatable,5,2025-07-31,fr personal at this point ong,Relatable,0.9765,0.0
C00088_P045,P045,Money Struggles,reporting this for personal damage ong,validation,relatable,10,2025-07-31,reporting this for personal damage ong,Relatable,0.9528,0.0
C00089_P045,P045,Money Struggles,I paused. sat down. processed. same.,validation,relatable,9,2025-07-31,i paused sat down processed same,Relatable,0.9534,0.34
C00090_P045,P045,Money Struggles,excuse me literally me ?!,validation,relatable,5,2025-07-31,excuse me literally me !,Relatable,0.9716,0.88
C00091_P045,P045,Money Struggles,watched this five times already istg,validation,relatable,7,2025-07-31,watched this five times already istg,Relatable,0.9485,0.0
C00092_P045,P045,Money Struggles,congratulations you discovered being human,sarcasm,neutral,10,2025-07-31,congratulations you discovered being human,Neutral,0.0685,0.0
C00093_P045,P045,Money Struggles,"hold on, too accurate...",validation,relatable,11,2025-07-31,hold on too accurate,Relatable,0.9662,0.34
C00094_P045,P045,Money Struggles,GREAT CONTENT 👍,generic,neutral,10,2025-07-31,great content,Neutral,0.0295,-0.34
C00095_P045,P045,Money Struggles,nah too accurtae 😭,validation,relatable,11,2025-07-31,nah too accurtae,Relatable,0.8827,0.0
C00096_P045,P045,Money Struggles,I felt that 😭😭,validation,relatable,11,2025-07-31,i felt that,Relatable,0.935,0.34
C00097_P045,P045,Money Struggles,which app is this? btw,generic,neutral,4,2025-07-31,which app is this btw,Neutral,0.0174,-0.34
C00098_P045,P045,Money Struggles,i felt that 😅,validation,relatable,10,2025-07-31,i felt that,Relatable,0.935,0.34
C00099_P045,P045,Money Struggles,WHO ALLOWED YOU TO EXPOSE ME LIKE THIS 🥲,validation,relatable,16,2025-07-31,who allowed you to expose me like this,Relatable,0.951,0.34
C00100_P045,P045,Money Struggles,"found this page today, already binged everything btw",generic,neutral,11,2025-07-31,found this page today already binged everything btw,Neutral,0.0169,-0.34
C00101_P045,P045,Money Struggles,aweosme work !!,generic,neutral,12,2025-07-31,aweosme work !!,Neutral,0.0666,0.4
C00102_P045,P045,Money Struggles,it's too accurate ?!,validation,relatable,9,2025-07-31,it's too accurate !,Relatable,0.9825,0.54
C00103_P045,P045,Money Struggles,the timing of this post is suspicious lol,validation,relatable,13,2025-07-31,the timing of this post is suspicious lol,Relatable,0.9555,0.0
C00104_P045,P045,Money Struggles,unfortunately yes,ambiguous,relatable,13,2025-07-31,unfortunately yes,Relatable,0.5491,0.0
C00105_P045,P045,Money Struggles,hello?? a documentary about me pls,validation,relatable,11,2025-07-31,hello a documentary about me pls,Relatable,0.9804,0.34
C00106_P045,P045,Money Struggles,do a collab with us 👍,generic,neutral,17,2025-07-31,do a collab with us,Neutral,0.0347,-0.34
C00107_P045,P045,Money Struggles,awesome work btw,generic,neutral,7,2025-07-31,awesome work btw,Neutral,0.0136,-0.34
C00108_P045,P045,Money Struggles,the ending 😭,ambiguous,relatable,5,2025-07-31,the ending,Relatable,0.6694,0.0
C00109_P045,P045,Money Struggles,the honesty is refreshing,ambiguous,neutral,13,2025-07-31,the honesty is refreshing,Neutral,0.4722,0.0
C00110_P045,P045,Money Struggles,reporting this for personal damage 😭,validation,relatable,13,2025-07-31,reporting this for personal damage,Relatable,0.9503,0.0
C00111_P045,P045,Money Struggles,ok so my brain on a normal tuesday no cap,validation,relatable,7,2025-07-31,ok so my brain on a normal tuesday no cap,Relatable,0.9697,0.0
C00112_P045,P045,Money Struggles,hello?? me in one post ong,validation,relatable,9,2025-07-31,hello me in one post ong,Relatable,0.9854,0.34
C00113_P045,P045,Money Struggles,true !!,generic,neutral,5,2025-07-31,true !!,Neutral,0.0084,0.74
C00114_P045,P045,Money Struggles,took the words right out of my mouth istg,validation,relatable,9,2025-07-31,took the words right out of my mouth istg,Relatable,0.9668,0.0
C00115_P045,P045,Money Struggles,your page will blow up macha,generic,neutral,13,2025-07-31,your page will blow up macha,Neutral,0.0123,-0.34
C00116_P045,P045,Money Struggles,sending this to the group chat with no context 😅,validation,relatable,11,2025-07-31,sending this to the group chat with no context,Relatable,0.9566,0.0
C00117_P045,P045,Money Struggles,this is the kind of post you save at 2am and rewatch when it happens again 😭😭,validation,relatable,10,2025-07-31,this is the kind of post you save at am and rewatch when it happens again,Relatable,0.9287,0.0
C00118_P045,P045,Money Struggles,literally a documentary about me 🥲,validation,relatable,10,2025-07-31,literally a documentary about me,Relatable,0.9695,0.68
C00119_P045,P045,Money Struggles,you read my diary no cap,validation,relatable,3,2025-07-31,you read my diary no cap,Relatable,0.9711,0.0
C00000_P046,P046,College & Hostel Life,instagram therapists at it again,sarcasm,neutral,13,2025-08-02,instagram therapists at it again,Neutral,0.0944,0.0
C00001_P046,P046,College & Hostel Life,can you make one about exams?,question,neutral,13,2025-08-02,can you make one about exams,Neutral,0.0733,0.0
C00002_P046,P046,College & Hostel Life,I paused. sat down. processed. same. 💀,validation,relatable,10,2025-08-02,i paused sat down processed same,Relatable,0.9534,0.34
C00003_P046,P046,College & Hostel Life,not me my brain on a normal tuuuesday bhai,validation,relatable,10,2025-08-02,not me my brain on a normal tuuesday bhai,Relatable,0.9892,0.34
C00004_P046,P046,College & Hostel Life,our mess soup is just hot water with regret,personal_story,relatable,9,2025-08-02,our mess soup is just hot water with regret,Relatable,0.8672,0.0
C00005_P046,P046,College & Hostel Life,free followers in bio macha,generic,neutral,6,2025-08-02,free followers in bio macha,Neutral,0.0187,-0.68
C00006_P046,P046,College & Hostel Life,posted at the right time btw,generic,neutral,9,2025-08-02,posted at the right time btw,Neutral,0.0322,0.0
C00007_P046,P046,College & Hostel Life,part 3 when?,question,neutral,9,2025-08-02,part when,Neutral,0.0328,-0.34
C00008_P046,P046,College & Hostel Life,haha ++,generic,neutral,11,2025-08-02,haha,Neutral,0.0245,0.0
C00009_P046,P046,College & Hostel Life,stating the obvious since 2020,sarcasm,neutral,13,2025-08-02,stating the obvious since,Neutral,0.0468,0.0
C00010_P046,P046,College & Hostel Life,A MOOD,ambiguous,relatable,10,2025-08-02,a mood,Neutral,0.3889,0.0
C00011_P046,P046,College & Hostel Life,yeah no,ambiguous,neutral,6,2025-08-02,yeah no,Neutral,0.1506,0.0
C00012_P046,P046,College & Hostel Life,where are you from?,question,neutral,16,2025-08-02,where are you from,Neutral,0.0668,0.0
C00013_P046,P046,College & Hostel Life,when is part 2? ++,generic,neutral,16,2025-08-02,when is part,Neutral,0.0285,-0.34
C00014_P046,P046,College & Hostel Life,THAT'S IT ME DA,validation,relatable,13,2025-08-02,that's it me da,Relatable,0.9515,0.34
C00015_P046,P046,College & Hostel Life,i paused. sat down. processed. same. yaar,validation,relatable,18,2025-08-02,i paused sat down processed same yaar,Relatable,0.9546,0.34
C00016_P046,P046,College & Hostel Life,i paused. sat down. processed. same. 💀,validation,relatable,11,2025-08-02,i paused sat down processed same,Relatable,0.9534,0.34
C00017_P046,P046,College & Hostel Life,why is nobody talking about how accurate this is,ambiguous,relatable,16,2025-08-02,why is nobody talking about how accurate this is,Relatable,0.56,0.34
C00018_P046,P046,College & Hostel Life,fr so me,validation,relatable,7,2025-08-02,fr so me,Relatable,0.9733,0.34
C00019_P046,P046,College & Hostel Life,not me my last three years in one video anna,validation,relatable,10,2025-08-02,not me my last three years in one video anna,Relatable,0.9882,0.34
C00020_P046,P046,College & Hostel Life,the honesty is refreshing,ambiguous,relatable,9,2025-08-02,the honesty is refreshing,Neutral,0.4722,0.0
C00021_P046,P046,College & Hostel Life,why does this feel personal lmaoo,validation,relatable,8,2025-08-02,why does this feel personal lmaoo,Relatable,0.9432,0.0
C00022_P046,P046,College & Hostel Life,every frame is my biography no cap,validation,relatable,8,2025-08-02,every frame is my biography no cap,Relatable,0.9872,0.0
C00023_P046,P046,College & Hostel Life,great content macha,generic,neutral,12,2025-08-02,great content macha,Neutral,0.02,-0.34
C00024_P046,P046,College & Hostel Life,the timing of this post is suspicious,validation,relatable,13,2025-08-02,the timing of this post is suspicious,Relatable,0.9637,0.0
C00025_P046,P046,College & Hostel Life,cool edit :),generic,neutral,11,2025-08-02,cool edit,Neutral,0.0241,-0.68
C00026_P046,P046,College & Hostel Life,ok but my whole life 😭😭,validation,relatable,8,2025-08-02,ok but my whole life,Relatable,0.9773,0.0
C00027_P046,P046,College & Hostel Life,keep it up bro,generic,neutral,13,2025-08-02,keep it up bro,Neutral,0.0318,0.0
C00028_P046,P046,College & Hostel Life,personally attacked,ambiguous,relatable,12,2025-08-02,personally attacked,Neutral,0.238,0.34
C00029_P046,P046,College & Hostel Life,check my page :),generic,neutral,10,2025-08-02,check my page,Neutral,0.0322,-0.68
C00000_P047,P047,Family Pressure,I'm crying,ambiguous,neutral,12,2025-08-03,i'm crying,Relatable,0.5878,0.34
C00001_P047,P047,Family Pressure,'log kya kahenge' has ruined more careers than failure ever did,personal_story,relatable,6,2025-08-03,'log kya kahenge' has ruined more careers than failure ever did,Relatable,0.8525,0.0
C00002_P047,P047,Family Pressure,not me it me fr,validation,relatable,8,2025-08-03,not me it me fr,Relatable,0.9867,0.34
C00003_P047,P047,Family Pressure,i relate to this too much no cap,validation,relatable,4,2025-08-03,i relate to this too much no cap,Relatable,0.9686,0.0
C00004_P047,P047,Family Pressure,bro literally me 🥲,validation,relatable,12,2025-08-03,bro literally me,Relatable,0.9172,0.68
C00005_P047,P047,Family Pressure,hello?? my biography ngl,validation,relatable,10,2025-08-03,hello my biography ngl,Relatable,0.9621,0.0
C00006_P047,P047,Family Pressure,so dramatic for no reason,sarcasm,neutral,8,2025-08-03,so dramatic for no reason,Neutral,0.0825,0.0
C00007_P047,P047,Family Pressure,bro personal at this point fr,validation,relatable,16,2025-08-03,bro personal at this point fr,Relatable,0.9191,0.0
C00008_P047,P047,Family Pressure,why does this feel personal,validation,relatable,11,2025-08-03,why does this feel personal,Relatable,0.9388,0.0
C00009_P047,P047,Family Pressure,true!,generic,neutral,9,2025-08-03,true!,Neutral,0.0084,0.2
C00010_P047,P047,Family Pressure,lol ok!,generic,neutral,11,2025-08-03,lol ok!,Neutral,0.0618,0.2
C00011_P047,P047,Family Pressure,it's too accurate bhai,validation,relatable,12,2025-08-03,it's too accurate bhai,Relatable,0.9771,0.34
C00012_P047,P047,Family Pressure,raeding this at 3am was a mistake lmao,validation,relatable,7,2025-08-03,raeding this at am was a mistake lmao,Relatable,0.9486,0.0
C00013_P047,P047,Family Pressure,this is my everyday routine no cap,validation,relatable,9,2025-08-03,this is my everyday routine no cap,Relatable,0.9875,0.0
C00014_P047,P047,Family Pressure,i paused. sat down. processed. same. 🥲🥲,validation,relatable,13,2025-08-03,i paused sat down processed same,Relatable,0.9534,0.34
C00015_P047,P047,Family Pressure,I can't,ambiguous,neutral,10,2025-08-03,i can't,Neutral,0.4107,0.0
C00016_P047,P047,Family Pressure,yes because everyone does this obviously,sarcasm,neutral,11,2025-08-03,yes because everyone does this obviously,Neutral,0.0767,0.0
C00017_P047,P047,Family Pressure,great content btw,generic,neutral,10,2025-08-03,great content btw,Neutral,0.0213,-0.34
C00018_P047,P047,Family Pressure,you read my diary 💀,validation,relatable,6,2025-08-03,you read my diary,Relatable,0.9682,0.0
C00019_P047,P047,Family Pressure,hello?? too accurate lmao,validation,relatable,8,2025-08-03,hello too accurate lmao,Relatable,0.9496,0.34
C00020_P047,P047,Family Pressure,dm for promotions 👍,generic,neutral,10,2025-08-03,dm for promotions,Neutral,0.0208,-0.34
C00000_P048,P048,Self-Image & Comparison,when is part 2? 🔥,generic,neutral,17,2025-08-04,when is part,Neutral,0.0285,-0.34
C00001_P048,P048,Self-Image & Comparison,it's too accurate 😭,validation,relatable,11,2025-08-04,it's too accurate,Relatable,0.9825,0.34
C00002_P048,P048,Self-Image & Comparison,"hold on, me in one post 😅",validation,relatable,9,2025-08-04,hold on me in one post,Relatable,0.9708,0.34
C00003_P048,P048,Self-Image & Comparison,literally exactly what I go through!!,validation,relatable,10,2025-08-04,literally exactly what i go through!!,Relatable,0.9614,1.0
C00004_P048,P048,Self-Image & Comparison,bro a documentary abotu me ?!,validation,relatable,11,2025-08-04,bro a documentary abotu me !,Relatable,0.8302,0.54
C00005_P048,P048,Self-Image & Comparison,watched this five times already istg,validation,relatable,7,2025-08-04,watched this five times already istg,Relatable,0.9485,0.0
C00006_P048,P048,Self-Image & Comparison,awesome work 🔥,generic,neutral,12,2025-08-04,awesome work,Neutral,0.0299,-0.34
C00007_P048,P048,Self-Image & Comparison,everyone my age is achieving things and I'm here,personal_story,relatable,17,2025-08-04,everyone my age is achieving things and i'm here,Relatable,0.8981,0.0
C00008_P048,P048,Self-Image & Comparison,"came here to laugh, stayed to confront myself yaar",validation,relatable,8,2025-08-04,came here to laugh stayed to confront myself yaar,Relatable,0.9683,0.34
C00009_P048,P048,Self-Image & Comparison,haha true 👍,generic,neutral,13,2025-08-04,haha true,Neutral,0.0086,0.34
C00010_P048,P048,Self-Image & Comparison,how long did this take to edit?,question,neutral,15,2025-08-04,how long did this take to edit,Neutral,0.0753,-0.34
C00011_P048,P048,Self-Image & Comparison,instagram therapists at it again,sarcasm,neutral,16,2025-08-04,instagram therapists at it again,Neutral,0.0944,0.0
C00012_P048,P048,Self-Image & Comparison,who hurt you bro,sarcasm,neutral,16,2025-08-04,who hurt you bro,Neutral,0.0399,0.34
C00013_P048,P048,Self-Image & Comparison,facts :),generic,neutral,11,2025-08-04,facts,Neutral,0.0317,0.0
C00014_P048,P048,Self-Image & Comparison,watched this five times already anna,validation,relatable,17,2025-08-04,watched this five times already anna,Relatable,0.9528,0.0
C00015_P048,P048,Self-Image & Comparison,first comment btw,generic,neutral,13,2025-08-04,first comment btw,Neutral,0.0208,0.0
C00016_P048,P048,Self-Image & Comparison,I felt that istg,validation,relatable,8,2025-08-04,i felt that istg,Relatable,0.9517,0.34
C00017_P048,P048,Self-Image & Comparison,this felt persoanl,ambiguous,relatable,11,2025-08-04,this felt persoanl,Relatable,0.6858,0.34
C00018_P048,P048,Self-Image & Comparison,oh.,ambiguous,neutral,12,2025-08-04,oh,Neutral,0.119,0.0
C00019_P048,P048,Self-Image & Comparison,"found this page today, already binged everything",generic,neutral,9,2025-08-04,found this page today already binged everything,Neutral,0.0228,-0.34
C00020_P048,P048,Self-Image & Comparison,I didn't consent to being exposed...,validation,relatable,12,2025-08-04,i didn't consent to being exposed,Relatable,0.9666,0.0
C00021_P048,P048,Self-Image & Comparison,the way a documentary about me anna,validation,relatable,12,2025-08-04,the way a documentary about me anna,Relatable,0.9778,0.34
C00022_P048,P048,Self-Image & Comparison,😍 ++,generic,neutral,8,2025-08-04,,Neutral,0.2792,0.0
C00023_P048,P048,Self-Image & Comparison,"uninstalled Instagram twice, reinstalled in a day",personal_story,relatable,11,2025-08-04,uninstalled instagram twice reinstalled in a day,Relatable,0.8956,0.0
C00024_P048,P048,Self-Image & Comparison,so dramatic for no reason,sarcasm,neutral,13,2025-08-04,so dramatic for no reason,Neutral,0.0825,0.0
C00025_P048,P048,Self-Image & Comparison,every frame is my biography anna,validation,relatable,11,2025-08-04,every frame is my biography anna,Relatable,0.9757,0.0
C00026_P048,P048,Self-Image & Comparison,"sent this to my best friend at 2am and she replied why is this us, i still have no answer 🥲",validation,relatable,5,2025-08-04,sent this to my best friend at am and she replied why is this us i still have no answer,Relatable,0.9388,0.0
C00027_P048,P048,Self-Image & Comparison,the way me in one pots fr fr,validation,relatable,4,2025-08-04,the way me in one pots fr fr,Relatable,0.9879,0.34
C00028_P048,P048,Self-Image & Comparison,bro exactly what I go through istg,validation,relatable,10,2025-08-04,bro exactly what i go through istg,Relatable,0.9207,0.34
C00029_P048,P048,Self-Image & Comparison,cool eidt macha,generic,neutral,15,2025-08-04,cool eidt macha,Neutral,0.029,-0.34
C00030_P048,P048,Self-Image & Comparison,ok so the story of my life 🥲🥲,validation,relatable,9,2025-08-04,ok so the story of my life,Relatable,0.9745,0.0
C00031_P048,P048,Self-Image & Comparison,bakcground music name? macha,generic,neutral,12,2025-08-04,bakcground music name macha,Neutral,0.0226,-0.34
C00032_P048,P048,Self-Image & Comparison,what app is this?,question,neutral,8,2025-08-04,what app is this,Neutral,0.0518,-0.34
C00033_P048,P048,Self-Image & Comparison,ok this is a mood,ambiguous,relatable,9,2025-08-04,ok this is a mood,Neutral,0.3186,0.0
C00034_P048,P048,Self-Image & Comparison,which app is this? !!,generic,neutral,14,2025-08-04,which app is this !!,Neutral,0.025,0.06
C00035_P048,P048,Self-Image & Comparison,no yeah,ambiguous,relatable,13,2025-08-04,no yeah,Neutral,0.2512,0.0
C00036_P048,P048,Self-Image & Comparison,facts!,generic,neutral,7,2025-08-04,facts!,Neutral,0.0317,0.2
C00037_P048,P048,Self-Image & Comparison,the last line though,ambiguous,neutral,10,2025-08-04,the last line though,Neutral,0.2926,0.0
C00038_P048,P048,Self-Image & Comparison,underrated page fr macha,generic,neutral,5,2025-08-04,underrated page fr macha,Neutral,0.0145,-0.34
C00039_P048,P048,Self-Image & Comparison,you read my diary ong,validation,relatable,11,2025-08-04,you read my diary ong,Relatable,0.9794,0.0
C00040_P048,P048,Self-Image & Comparison,the way my whole life 😭,validation,relatable,12,2025-08-04,the way my whole life,Relatable,0.9871,0.0
C00041_P048,P048,Self-Image & Comparison,I'm going to pretend I didn't read this anna,validation,relatable,7,2025-08-04,i'm going to pretend i didn't read this anna,Relatable,0.982,0.0
C00042_P048,P048,Self-Image & Comparison,this is screenshot of my head lol,validation,relatable,9,2025-08-04,this is screenshot of my head lol,Relatable,0.9617,0.0
C00043_P048,P048,Self-Image & Comparison,IS THIS BASED ON REAL EVENTS?,question,neutral,10,2025-08-04,is this based on real events,Neutral,0.0778,0.34
C00044_P048,P048,Self-Image & Comparison,great content !!,generic,neutral,15,2025-08-04,great content !!,Neutral,0.0295,0.06
C00045_P048,P048,Self-Image & Comparison,sending this to the group chat with no context ?!,validation,relatable,19,2025-08-04,sending this to the group chat with no context !,Relatable,0.9566,0.2
C00046_P048,P048,Self-Image & Comparison,"watched this, closed the app, opened it again, watched it again. yeah. yaar",validation,relatable,6,2025-08-04,watched this closed the app opened it again watched it again yeah yaar,Relatable,0.913,-0.34
C00047_P048,P048,Self-Image & Comparison,painfully accurate no cap,validation,relatable,13,2025-08-04,painfully accurate no cap,Relatable,0.9565,0.68
C00048_P048,P048,Self-Image & Comparison,"ANOTHER RELATABLE PAGE, HOW ORIGINAL",sarcasm,neutral,10,2025-08-04,another relatable page how original,Neutral,0.0229,0.0
C00049_P048,P048,Self-Image & Comparison,ok this one hurt,ambiguous,relatable,10,2025-08-04,ok this one hurt,Neutral,0.4574,0.34
C00050_P048,P048,Self-Image & Comparison,wow okay theen,ambiguous,relatable,13,2025-08-04,wow okay theen,Neutral,0.408,0.0
C00051_P048,P048,Self-Image & Comparison,mood.,ambiguous,neutral,15,2025-08-04,mood,Neutral,0.3889,0.0
C00052_P048,P048,Self-Image & Comparison,excuse me so me fr fr,validation,relatable,16,2025-08-04,excuse me so me fr fr,Relatable,0.9836,0.34
C00053_P048,P048,Self-Image & Comparison,reading this at 3am was a mistake pls,validation,relatable,11,2025-08-04,reading this at am was a mistake pls,Relatable,0.9566,0.0
C00054_P048,P048,Self-Image & Comparison,watched this five times already no cap,validation,relatable,10,2025-08-04,watched this five times already no cap,Relatable,0.965,0.0
C00055_P048,P048,Self-Image & Comparison,ok but my whole life...,validation,relatable,13,2025-08-04,ok but my whole life,Relatable,0.9773,0.0
C00056_P048,P048,Self-Image & Comparison,love this page !!,generic,neutral,9,2025-08-04,love this page !!,Neutral,0.0197,0.06
C00057_P048,P048,Self-Image & Comparison,wow okay,ambiguous,neutral,11,2025-08-04,wow okay,Neutral,0.408,0.0
C00058_P048,P048,Self-Image & Comparison,haha 🔥,generic,neutral,10,2025-08-04,haha,Neutral,0.0245,0.0
C00059_P048,P048,Self-Image & Comparison,excuse me so me 🥲,validation,relatable,12,2025-08-04,excuse me so me,Relatable,0.9691,0.34
C00060_P048,P048,Self-Image & Comparison,watched this five times already lol,validation,relatable,9,2025-08-04,watched this five times already lol,Relatable,0.9438,0.0
C00061_P048,P048,Self-Image & Comparison,haha true macha,generic,neutral,8,2025-08-04,haha true macha,Neutral,0.0077,0.34
C00062_P048,P048,Self-Image & Comparison,this speaks for my whole generation 🥲🥲,validation,relatable,15,2025-08-04,this speaks for my whole generation,Relatable,0.9631,0.0
C00063_P048,P048,Self-Image & Comparison,sir this is my diary page 🥲🥲,validation,relatable,7,2025-08-04,sir this is my diary page,Relatable,0.9648,-0.34
C00064_P048,P048,Self-Image & Comparison,"hold on, it me lmaoo",validation,relatable,11,2025-08-04,hold on it me lmaoo,Relatable,0.9721,0.34
C00065_P048,P048,Self-Image & Comparison,stating the obvious since 2020,sarcasm,neutral,8,2025-08-04,stating the obvious since,Neutral,0.0468,0.0
C00066_P048,P048,Self-Image & Comparison,sir this is my diary page bhai,validation,relatable,6,2025-08-04,sir this is my diary page bhai,Relatable,0.9634,-0.34
C00067_P048,P048,Self-Image & Comparison,ok so it me yaar,validation,relatable,6,2025-08-04,ok so it me yaar,Relatable,0.9779,0.34
C00068_P048,P048,Self-Image & Comparison,literally exactly what I go through da,validation,relatable,8,2025-08-04,literally exactly what i go through da,Relatable,0.9614,0.68
C00069_P048,P048,Self-Image & Comparison,"everyone overthinks, nothing special",sarcasm,neutral,14,2025-08-04,everyone overthinks nothing special,Neutral,0.0555,0.0
C00070_P048,P048,Self-Image & Comparison,this is me in one post lmao,validation,relatable,9,2025-08-04,this is me in one post lmao,Relatable,0.9694,0.34
C00071_P048,P048,Self-Image & Comparison,follow for follow? ++,generic,neutral,16,2025-08-04,follow for follow,Neutral,0.0253,-0.34
C00072_P048,P048,Self-Image & Comparison,stop describing me 🥲,validation,relatable,11,2025-08-04,stop describing me,Relatable,0.9611,0.34
C00073_P048,P048,Self-Image & Comparison,sending this to the group chat with no context lmaoo,validation,relatable,10,2025-08-04,sending this to the group chat with no context lmaoo,Relatable,0.9688,0.0
C00074_P048,P048,Self-Image & Comparison,posted at the right time 👍,generic,neutral,11,2025-08-04,posted at the right time,Neutral,0.0522,0.0
C00075_P048,P048,Self-Image & Comparison,literally my last three years in one video yaar,validation,relatable,11,2025-08-04,literally my last three years in one video yaar,Relatable,0.9758,0.34
C00076_P048,P048,Self-Image & Comparison,excuse me the story of my life,validation,relatable,13,2025-08-04,excuse me the story of my life,Relatable,0.9895,0.34
C00077_P048,P048,Self-Image & Comparison,literally me in one post 🥲,validation,relatable,9,2025-08-04,literally me in one post,Relatable,0.9883,0.68
C00078_P048,P048,Self-Image & Comparison,"found this page today, already binged everything btw",generic,neutral,10,2025-08-04,found this page today already binged everything btw,Neutral,0.0169,-0.34
C00079_P048,P048,Self-Image & Comparison,the waaay my brain on a normal tuesday 🥲🥲,validation,relatable,15,2025-08-04,the waay my brain on a normal tuesday,Relatable,0.9678,0.0
C00080_P048,P048,Self-Image & Comparison,I'm in this post and I don't like it 💀,validation,relatable,16,2025-08-04,i'm in this post and i don't like it,Relatable,0.9555,0.0
C00081_P048,P048,Self-Image & Comparison,reading this at 3am was a mistake,validation,relatable,15,2025-08-04,reading this at am was a mistake,Relatable,0.9542,0.0
C00082_P048,P048,Self-Image & Comparison,reading this at 3am was a mistake 🥲🥲,validation,relatable,10,2025-08-04,reading this at am was a mistake,Relatable,0.9542,0.0
C00083_P048,P048,Self-Image & Comparison,check my page,generic,neutral,13,2025-08-04,check my page,Neutral,0.0322,-0.68
C00084_P048,P048,Self-Image & Comparison,saved this for the next time it happens ngl,validation,relatable,11,2025-08-04,saved this for the next time it happens ngl,Relatable,0.9554,0.0
C00085_P048,P048,Self-Image & Comparison,sadly accurate,ambiguous,neutral,11,2025-08-04,sadly accurate,Relatable,0.5629,0.34
C00086_P048,P048,Self-Image & Comparison,nah my last three years in one video da,validation,relatable,8,2025-08-04,nah my last three years in one video da,Relatable,0.9748,0.0
C00087_P048,P048,Self-Image & Comparison,nah exactly what I go through istg,validation,relatable,11,2025-08-04,nah exactly what i go through istg,Relatable,0.9598,0.34
C00088_P048,P048,Self-Image & Comparison,the way too accurate istg,validation,relatable,8,2025-08-04,the way too accurate istg,Relatable,0.9638,0.34
C00089_P048,P048,Self-Image & Comparison,your page will blow up btw,generic,neutral,9,2025-08-04,your page will blow up btw,Neutral,0.0114,-0.34
C00090_P048,P048,Self-Image & Comparison,I live this every single day pls,validation,relatable,14,2025-08-04,i live this every single day pls,Relatable,0.9565,0.0
C00091_P048,P048,Self-Image & Comparison,FACTS BTW,generic,neutral,8,2025-08-04,facts btw,Neutral,0.0117,0.0
C00092_P048,P048,Self-Image & Comparison,your page will blow up 👍,generic,neutral,7,2025-08-04,your page will blow up,Neutral,0.0171,-0.34
C00093_P048,P048,Self-Image & Comparison,nah exactly what I go through lol,validation,relatable,7,2025-08-04,nah exactly what i go through lol,Relatable,0.9606,0.34
C00094_P048,P048,Self-Image & Comparison,make one about first job interviews please,question,neutral,16,2025-08-04,make one about first job interviews please,Neutral,0.0366,0.0
C00095_P048,P048,Self-Image & Comparison,facts ++,generic,neutral,11,2025-08-04,facts,Neutral,0.0317,0.0
C00096_P048,P048,Self-Image & Comparison,ok so me in one post!!,validation,relatable,10,2025-08-04,ok so me in one post!!,Relatable,0.9841,0.74
C00097_P048,P048,Self-Image & Comparison,literally screenshot of my head 😅,validation,relatable,13,2025-08-04,literally screenshot of my head,Relatable,0.9748,0.34
C00098_P048,P048,Self-Image & Comparison,deserves way more likes!,generic,neutral,14,2025-08-04,deserves way more likes!,Neutral,0.0361,0.2
C00099_P048,P048,Self-Image & Comparison,i felt that ?!,validation,relatable,9,2025-08-04,i felt that !,Relatable,0.935,0.54
C00100_P048,P048,Self-Image & Comparison,literally my last three years in one video 😭😭,validation,relatable,12,2025-08-04,literally my last three years in one video,Relatable,0.9765,0.34
C00101_P048,P048,Self-Image & Comparison,who allowed you to expose me like this istg,validation,relatable,13,2025-08-04,who allowed you to expose me like this istg,Relatable,0.9537,0.34
C00102_P048,P048,Self-Image & Comparison,no because my biography lmaoo,validation,relatable,12,2025-08-04,no because my biography lmaoo,Relatable,0.9618,0.0
C00103_P048,P048,Self-Image & Comparison,i paused. sat down. processed. same. ?!,validation,relatable,8,2025-08-04,i paused sat down processed same !,Relatable,0.9534,0.54
C00104_P048,P048,Self-Image & Comparison,every frame is my biography 💀,validation,relatable,14,2025-08-04,every frame is my biography,Relatable,0.9774,0.0
C00105_P048,P048,Self-Image & Comparison,why is this a documentary about me,validation,relatable,11,2025-08-04,why is this a documentary about me,Relatable,0.9637,0.34
C00106_P048,P048,Self-Image & Comparison,I didn't consent to being exposed pls,validation,relatable,9,2025-08-04,i didn't consent to being exposed pls,Relatable,0.9654,0.0
C00107_P048,P048,Self-Image & Comparison,not me a documentary about me da,validation,relatable,10,2025-08-04,not me a documentary about me da,Relatable,0.9845,0.34
C00108_P048,P048,Self-Image & Comparison,why is this too real ?!,validation,relatable,6,2025-08-04,why is this too real !,Relatable,0.9089,0.54
C00109_P048,P048,Self-Image & Comparison,love this page sis,generic,neutral,7,2025-08-04,love this page sis,Neutral,0.0164,-0.34
C00110_P048,P048,Self-Image & Comparison,uncomfortably accurate,ambiguous,neutral,13,2025-08-04,uncomfortably accurate,Neutral,0.1746,0.34
C00111_P048,P048,Self-Image & Comparison,but same though,ambiguous,neutral,1,2025-08-04,but same though,Neutral,0.3605,0.34
C00112_P048,P048,Self-Image & Comparison,deserves way more likes bro,generic,neutral,10,2025-08-04,deserves way more likes bro,Neutral,0.0304,0.0
C00113_P048,P048,Self-Image & Comparison,true 🔥,generic,neutral,11,2025-08-04,true,Neutral,0.0084,0.34
C00114_P048,P048,Self-Image & Comparison,"sent this to my best friend at 2am and she replied why is this us, I still have no answer da",validation,relatable,6,2025-08-04,sent this to my best friend at am and she replied why is this us i still have no answer da,Relatable,0.9514,0.0
C00115_P048,P048,Self-Image & Comparison,took the words right out of my muoth ngl,validation,relatable,17,2025-08-04,took the words right out of my muoth ngl,Relatable,0.9754,0.0
C00116_P048,P048,Self-Image & Comparison,"watched this, closed the app, opened it again, watched it again. yeah. 🥲🥲",validation,relatable,9,2025-08-04,watched this closed the app opened it again watched it again yeah,Relatable,0.8896,-0.34
C00117_P048,P048,Self-Image & Comparison,follow for follow? macha,generic,neutral,9,2025-08-04,follow for follow macha,Neutral,0.0186,-0.34
C00118_P048,P048,Self-Image & Comparison,sending this to the group chat with no context ong,validation,relatable,9,2025-08-04,sending this to the group chat with no context ong,Relatable,0.9693,0.0
C00119_P048,P048,Self-Image & Comparison,the edit quality is insane!,generic,neutral,9,2025-08-04,the edit quality is insane!,Neutral,0.0239,-0.14
C00000_P049,P049,Social Anxiety,this speaks for my whole generation,validation,relatable,9,2025-08-06,this speaks for my whole generation,Relatable,0.9631,0.0
C00001_P049,P049,Social Anxiety,bro exactly what i go through pls,validation,relatable,9,2025-08-06,bro exactly what i go through pls,Relatable,0.9266,0.34
C00002_P049,P049,Social Anxiety,i've never been so seen,validation,relatable,12,2025-08-06,i've never been so seen,Relatable,0.9208,0.34
C00003_P049,P049,Social Anxiety,my hands shake when the phone rings too,personal_story,relatable,13,2025-08-06,my hands shake when the phone rings too,Relatable,0.9051,0.0
C00004_P049,P049,Social Anxiety,painfully accurate da,validation,relatable,8,2025-08-06,painfully accurate da,Relatable,0.9373,0.68
C00005_P049,P049,Social Anxiety,song name please? !!,generic,neutral,10,2025-08-06,song name please !!,Neutral,0.019,0.06
C00006_P049,P049,Social Anxiety,every frame is my biography!!,validation,relatable,15,2025-08-06,every frame is my biography!!,Relatable,0.9774,0.4
C00007_P049,P049,Social Anxiety,"another relatable page, how original",sarcasm,neutral,13,2025-08-06,another relatable page how original,Neutral,0.0229,0.0
C00008_P049,P049,Social Anxiety,why does this feel personal!!,validation,relatable,18,2025-08-06,why does this feel personal!!,Relatable,0.9388,0.4
C00009_P049,P049,Social Anxiety,I felt that da,validation,relatable,13,2025-08-06,i felt that da,Relatable,0.9314,0.34
C00010_P049,P049,Social Anxiety,not me my everyday routine istg,validation,relatable,10,2025-08-06,not me my everyday routine istg,Relatable,0.9821,0.34
C00011_P049,P049,Social Anxiety,check my page sis,generic,neutral,11,2025-08-06,check my page sis,Neutral,0.0236,-0.68
C00012_P049,P049,Social Anxiety,nice psot,generic,neutral,12,2025-08-06,nice psot,Neutral,0.0934,-0.34
C00013_P049,P049,Social Anxiety,"HOLD ON, MY BIOGRAPHY...",validation,relatable,7,2025-08-06,hold on my biography,Relatable,0.9752,0.0
C00014_P049,P049,Social Anxiety,the edit quality is insane !!,generic,neutral,11,2025-08-06,the edit quality is insane !!,Neutral,0.0239,0.06
C00015_P049,P049,Social Anxiety,"I rehearse before ordering coffee, no exaggeration",personal_story,relatable,12,2025-08-06,i rehearse before ordering coffee no exaggeration,Relatable,0.8775,0.0
C00016_P049,P049,Social Anxiety,literally a documentary about me lol,validation,relatable,8,2025-08-06,literally a documentary about me lol,Relatable,0.9694,0.68
C00017_P049,P049,Social Anxiety,I relate to this too much no cap,validation,relatable,13,2025-08-06,i relate to this too much no cap,Relatable,0.9686,0.0
C00018_P049,P049,Social Anxiety,I'M GOING TO PRETEND I DIDN'T READ THIS LMAO,validation,relatable,11,2025-08-06,i'm going to pretend i didn't read this lmao,Relatable,0.9768,0.0
C00019_P049,P049,Social Anxiety,superb !!,generic,neutral,16,2025-08-06,superb !!,Neutral,0.0327,0.4
C00020_P049,P049,Social Anxiety,why is nobody talking about how accurate this is,ambiguous,relatable,6,2025-08-06,why is nobody talking about how accurate this is,Relatable,0.56,0.34
C00021_P049,P049,Social Anxiety,ok but a documentary about me 😅,validation,relatable,9,2025-08-06,ok but a documentary about me,Relatable,0.9572,0.34
C00022_P049,P049,Social Anxiety,the honesty is refreshing,ambiguous,neutral,11,2025-08-06,the honesty is refreshing,Neutral,0.4722,0.0
C00023_P049,P049,Social Anxiety,that hit close to home lmaoo,validation,relatable,9,2025-08-06,that hit close to home lmaoo,Relatable,0.9641,0.34
C00024_P049,P049,Social Anxiety,reading this at 3am was a mistake 🥲,validation,relatable,12,2025-08-06,reading this at am was a mistake,Relatable,0.9542,0.0
C00025_P049,P049,Social Anxiety,you read my diary fr,validation,relatable,13,2025-08-06,you read my diary fr,Relatable,0.9711,0.0
C00026_P049,P049,Social Anxiety,ok but too accurate!!,validation,relatable,7,2025-08-06,ok but too accurate!!,Relatable,0.955,0.4
C00027_P049,P049,Social Anxiety,not me litreally me,validation,relatable,11,2025-08-06,not me litreally me,Relatable,0.9858,0.34
C00028_P049,P049,Social Anxiety,this generation and its labels istg,sarcasm,neutral,11,2025-08-06,this generation and its labels istg,Neutral,0.0996,0.0
C00029_P049,P049,Social Anxiety,background music name? macha,generic,neutral,10,2025-08-06,background music name macha,Neutral,0.0153,-0.34
C00030_P049,P049,Social Anxiety,it's one thing to make a meme and another to describe my whole personality 😭,validation,relatable,15,2025-08-06,it's one thing to make a meme and another to describe my whole personality,Relatable,0.9471,0.0
C00031_P049,P049,Social Anxiety,😍 👍,generic,neutral,14,2025-08-06,,Neutral,0.2792,0.0
C00032_P049,P049,Social Anxiety,fr too accurate da,validation,relatable,12,2025-08-06,fr too accurate da,Relatable,0.9643,0.34
C00033_P049,P049,Social Anxiety,I didn't consent to being exposed 💀,validation,relatable,12,2025-08-06,i didn't consent to being exposed,Relatable,0.9666,0.0
C00034_P049,P049,Social Anxiety,this is my biography ?!,validation,relatable,10,2025-08-06,this is my biography !,Relatable,0.9902,0.2
C00035_P049,P049,Social Anxiety,dm for promotions 🔥,generic,neutral,15,2025-08-06,dm for promotions,Neutral,0.0208,-0.34
C00036_P049,P049,Social Anxiety,I'm going to pretend I didn't read this lmaoo,validation,relatable,12,2025-08-06,i'm going to pretend i didn't read this lmaoo,Relatable,0.9825,0.0
C00037_P049,P049,Social Anxiety,this is literally me 😭,validation,relatable,13,2025-08-06,this is literally me,Relatable,0.9766,0.68
C00038_P049,P049,Social Anxiety,I'm in this post and I don't like it 😭😭,validation,relatable,14,2025-08-06,i'm in this post and i don't like it,Relatable,0.9555,0.0
C00039_P049,P049,Social Anxiety,nah screenshot of my head istg,validation,relatable,9,2025-08-06,nah screenshot of my head istg,Relatable,0.9623,0.0
C00040_P049,P049,Social Anxiety,ok this one hurt,ambiguous,neutral,13,2025-08-06,ok this one hurt,Neutral,0.4574,0.34
C00041_P049,P049,Social Anxiety,lol ok !!,generic,neutral,8,2025-08-06,lol ok !!,Neutral,0.0618,0.4
C00042_P049,P049,Social Anxiety,no because literally me lmao,validation,relatable,10,2025-08-06,no because literally me lmao,Relatable,0.9633,0.68
C00043_P049,P049,Social Anxiety,I'm going to pretend I didn't read this ?!,validation,relatable,9,2025-08-06,i'm going to pretend i didn't read this !,Relatable,0.9746,0.2
C00044_P049,P049,Social Anxiety,so true macha,generic,neutral,17,2025-08-06,so true macha,Neutral,0.0203,0.34
C00045_P049,P049,Social Anxiety,i've never been so seen istg,validation,relatable,14,2025-08-06,i've never been so seen istg,Relatable,0.9257,0.34
C00046_P049,P049,Social Anxiety,I showed this to my roommate and we just sat in silence for a minute lol,validation,relatable,12,2025-08-06,i showed this to my roommate and we just sat in silence for a minute lol,Relatable,0.9191,0.34
C00047_P049,P049,Social Anxiety,why is this me in one post,validation,relatable,13,2025-08-06,why is this me in one post,Relatable,0.9774,0.34
C00048_P049,P049,Social Anxiety,the edit quality is insane bro,generic,neutral,11,2025-08-06,the edit quality is insane bro,Neutral,0.0209,-0.34
C00049_P049,P049,Social Anxiety,the algorithm finally did something right!,generic,neutral,16,2025-08-06,the algorithm finally did something right!,Neutral,0.0521,0.2
C00050_P049,P049,Social Anxiety,reading this at 3am was a mistake da,validation,relatable,11,2025-08-06,reading this at am was a mistake da,Relatable,0.957,0.0
C00051_P049,P049,Social Anxiety,cool edit !!,generic,neutral,10,2025-08-06,cool edit !!,Neutral,0.0241,-0.28
C00052_P049,P049,Social Anxiety,why does this feel eprsonal,validation,relatable,8,2025-08-06,why does this feel eprsonal,Relatable,0.8229,0.0
C00053_P049,P049,Social Anxiety,crying,ambiguous,relatable,13,2025-08-06,crying,Relatable,0.5878,0.34
C00054_P049,P049,Social Anxiety,haha bro,generic,neutral,13,2025-08-06,haha bro,Neutral,0.0307,0.0
C00055_P049,P049,Social Anxiety,watched this five times already,validation,relatable,10,2025-08-06,watched this five times already,Relatable,0.9518,0.0
C00056_P049,P049,Social Anxiety,this is literally me lol,validation,relatable,5,2025-08-06,this is literally me lol,Relatable,0.971,0.68
C00057_P049,P049,Social Anxiety,ok but personal at this point yaar,validation,relatable,14,2025-08-06,ok but personal at this point yaar,Relatable,0.9558,0.0
C00058_P049,P049,Social Anxiety,"came here to laugh, stayed to confront myself 🥲🥲",validation,relatable,5,2025-08-06,came here to laugh stayed to confront myself,Relatable,0.9669,0.34
C00059_P049,P049,Social Anxiety,I'm crying,ambiguous,relatable,12,2025-08-06,i'm crying,Relatable,0.5878,0.34
C00060_P049,P049,Social Anxiety,superb sis,generic,neutral,17,2025-08-06,superb sis,Neutral,0.0282,0.0
C00061_P049,P049,Social Anxiety,this is a documentary about me no cap,validation,relatable,10,2025-08-06,this is a documentary about me no cap,Relatable,0.977,0.34
C00062_P049,P049,Social Anxiety,reporting this for personal damage lmao,validation,relatable,9,2025-08-06,reporting this for personal damage lmao,Relatable,0.9532,0.0
C00063_P049,P049,Social Anxiety,the way exactly what I go through lmaoo,validation,relatable,12,2025-08-06,the way exactly what i go through lmaoo,Relatable,0.9728,0.34
C00064_P049,P049,Social Anxiety,nice post!,generic,neutral,13,2025-08-06,nice post!,Neutral,0.0661,-0.14
C00065_P049,P049,Social Anxiety,when is part 2? 👍,generic,neutral,11,2025-08-06,when is part,Neutral,0.0285,-0.34
C00066_P049,P049,Social Anxiety,the timing of this post is suspicious yaar,validation,relatable,16,2025-08-06,the timing of this post is suspicious yaar,Relatable,0.9648,0.0
C00067_P049,P049,Social Anxiety,ok but my brain on a normal tuesday 😅,validation,relatable,6,2025-08-06,ok but my brain on a normal tuesday,Relatable,0.9593,0.0
C00068_P049,P049,Social Anxiety,great content btw,generic,neutral,11,2025-08-06,great content btw,Neutral,0.0213,-0.34
C00069_P049,P049,Social Anxiety,not me it me 😅,validation,relatable,12,2025-08-06,not me it me,Relatable,0.9825,0.34
C00070_P049,P049,Social Anxiety,the timing of this post is suspicious anna,validation,relatable,14,2025-08-06,the timing of this post is suspicious anna,Relatable,0.9743,0.0
C00071_P049,P049,Social Anxiety,that hit close to home pls,validation,relatable,8,2025-08-06,that hit close to home pls,Relatable,0.9501,0.34
C00072_P049,P049,Social Anxiety,this speaks for my whole generation 🥲🥲,validation,relatable,13,2025-08-06,this speaks for my whole generation,Relatable,0.9631,0.0
C00073_P049,P049,Social Anxiety,"everyone overthinks, nothing special",sarcasm,neutral,11,2025-08-06,everyone overthinks nothing special,Neutral,0.0555,0.0
C00074_P049,P049,Social Anxiety,"found this page today, already binged everything :)",generic,neutral,10,2025-08-06,found this page today already binged everything,Neutral,0.0228,-0.34
C00075_P049,P049,Social Anxiety,exaclty this,ambiguous,neutral,8,2025-08-06,exaclty this,Relatable,0.599,0.0
C00076_P049,P049,Social Anxiety,hello?? it me istg,validation,relatable,14,2025-08-06,hello it me istg,Relatable,0.964,0.34
C00077_P049,P049,Social Anxiety,keep it up 👍,generic,neutral,8,2025-08-06,keep it up,Neutral,0.0382,0.0
C00078_P049,P049,Social Anxiety,realest thing on my feed today,ambiguous,neutral,9,2025-08-06,realest thing on my feed today,Relatable,0.5428,0.0
C00079_P049,P049,Social Anxiety,i live this every single day lmaoo,validation,relatable,9,2025-08-06,i live this every single day lmaoo,Relatable,0.9433,0.0
C00080_P049,P049,Social Anxiety,the caption though,ambiguous,neutral,14,2025-08-06,the caption though,Relatable,0.5925,0.0
C00081_P049,P049,Social Anxiety,congratulations you discovered being human,sarcasm,neutral,12,2025-08-06,congratulations you discovered being human,Neutral,0.0685,0.0
C00082_P049,P049,Social Anxiety,hello?? too accurate no cap,validation,relatable,13,2025-08-06,hello too accurate no cap,Relatable,0.9625,0.34
C00083_P049,P049,Social Anxiety,stop describing me 😅,validation,relatable,9,2025-08-06,stop describing me,Relatable,0.9611,0.34
C00084_P049,P049,Social Anxiety,which app is this? bro,generic,neutral,12,2025-08-06,which app is this bro,Neutral,0.0236,-0.34
C00085_P049,P049,Social Anxiety,free followers in bio,generic,neutral,11,2025-08-06,free followers in bio,Neutral,0.0357,-0.68
C00086_P049,P049,Social Anxiety,haha,generic,neutral,14,2025-08-06,haha,Neutral,0.0245,0.0
C00087_P049,P049,Social Anxiety,underrated page fr 🔥,generic,neutral,15,2025-08-06,underrated page fr,Neutral,0.0312,-0.34
C00088_P049,P049,Social Anxiety,no because exactly what i go through istg,validation,relatable,5,2025-08-06,no because exactly what i go through istg,Relatable,0.957,0.34
C00089_P049,P049,Social Anxiety,follow for follow?,generic,neutral,12,2025-08-06,follow for follow,Neutral,0.0253,-0.34
C00090_P049,P049,Social Anxiety,this is literally me no cap,validation,relatable,6,2025-08-06,this is literally me no cap,Relatable,0.979,0.68
C00091_P049,P049,Social Anxiety,nah too accurate fr,validation,relatable,11,2025-08-06,nah too accurate fr,Relatable,0.969,0.34
C00092_P049,P049,Social Anxiety,too real,ambiguous,relatable,9,2025-08-06,too real,Relatable,0.8173,0.34
C00093_P049,P049,Social Anxiety,saved this for the next time it happens...,validation,relatable,9,2025-08-06,saved this for the next time it happens,Relatable,0.95,0.0
C00094_P049,P049,Social Anxiety,I've never been so seen bhai,validation,relatable,10,2025-08-06,i've never been so seen bhai,Relatable,0.9432,0.34
C00095_P049,P049,Social Anxiety,this is literally me istg,validation,relatable,12,2025-08-06,this is literally me istg,Relatable,0.9674,0.68
C00096_P049,P049,Social Anxiety,painfully accurate 😭😭,validation,relatable,9,2025-08-06,painfully accurate,Relatable,0.9494,0.68
C00097_P049,P049,Social Anxiety,do a collab with us 🔥,generic,neutral,13,2025-08-06,do a collab with us,Neutral,0.0347,-0.34
C00098_P049,P049,Social Anxiety,ok so so me 💀,validation,relatable,10,2025-08-06,ok so so me,Relatable,0.931,0.34
C00099_P049,P049,Social Anxiety,why is this too real...,validation,relatable,7,2025-08-06,why is this too real,Relatable,0.9089,0.34
C00100_P049,P049,Social Anxiety,no because too accurate...,validation,relatable,13,2025-08-06,no because too accurate,Relatable,0.9477,0.34
C00101_P049,P049,Social Anxiety,my eevryday routine 💀,validation,relatable,9,2025-08-06,my eevryday routine,Relatable,0.9653,0.0
C00102_P049,P049,Social Anxiety,not me too real fr fr,validation,relatable,10,2025-08-06,not me too real fr fr,Relatable,0.969,0.68
C00103_P049,P049,Social Anxiety,the last line though,ambiguous,relatable,12,2025-08-06,the last line though,Neutral,0.2926,0.0
C00104_P049,P049,Social Anxiety,check my page!,generic,neutral,9,2025-08-06,check my page!,Neutral,0.0322,-0.14
C00105_P049,P049,Social Anxiety,no because personal at this point,validation,relatable,6,2025-08-06,no because personal at this point,Relatable,0.9459,0.0
C00106_P049,P049,Social Anxiety,awesome work ++,generic,neutral,10,2025-08-06,awesome work,Neutral,0.0299,-0.34
C00107_P049,P049,Social Anxiety,i'm in this post and i don't like it lmaoo,validation,relatable,16,2025-08-06,i'm in this post and i don't like it lmaoo,Relatable,0.9689,0.0
C00108_P049,P049,Social Anxiety,I didn't consent to being exposed 😭,validation,relatable,12,2025-08-06,i didn't consent to being exposed,Relatable,0.9666,0.0
C00109_P049,P049,Social Anxiety,yeah.,ambiguous,relatable,12,2025-08-06,yeah,Neutral,0.3148,0.0
C00110_P049,P049,Social Anxiety,your page will blow up 🔥,generic,neutral,12,2025-08-06,your page will blow up,Neutral,0.0171,-0.34
C00111_P049,P049,Social Anxiety,great content!,generic,neutral,8,2025-08-06,great content!,Neutral,0.0295,-0.14
C00112_P049,P049,Social Anxiety,award for most generic post goes to,sarcasm,neutral,10,2025-08-06,award for most generic post goes to,Neutral,0.0696,0.0
C00113_P049,P049,Social Anxiety,hello?? personal at this point ?!,validation,relatable,13,2025-08-06,hello personal at this point !,Relatable,0.9466,0.2
C00114_P049,P049,Social Anxiety,excuse me so me 😭,validation,relatable,7,2025-08-06,excuse me so me,Relatable,0.9691,0.34
C00115_P049,P049,Social Anxiety,nah my biography anna,validation,relatable,9,2025-08-06,nah my biography anna,Relatable,0.9653,0.0
C00116_P049,P049,Social Anxiety,my therapist nad my group chat will hear about this post istg,validation,relatable,9,2025-08-06,my therapist nad my group chat will hear about this post istg,Relatable,0.925,0.0
C00117_P049,P049,Social Anxiety,not this again,ambiguous,neutral,10,2025-08-06,not this again,Neutral,0.285,0.0
C00118_P049,P049,Social Anxiety,unfortunately yes,ambiguous,neutral,17,2025-08-06,unfortunately yes,Relatable,0.5491,0.0
C00119_P049,P049,Social Anxiety,sending this to the group chat with no context lol,validation,relatable,7,2025-08-06,sending this to the group chat with no context lol,Relatable,0.9597,0.0
C00000_P050,P050,Dating & Situationships,which app is this? btw,generic,neutral,13,2025-08-07,which app is this btw,Neutral,0.0174,-0.34
C00001_P050,P050,Dating & Situationships,this is just basic psychology,sarcasm,neutral,12,2025-08-07,this is just basic psychology,Neutral,0.0677,0.0
C00002_P050,P050,Dating & Situationships,crying,ambiguous,relatable,10,2025-08-07,crying,Relatable,0.5878,0.34
C00003_P050,P050,Dating & Situationships,the ending 😭,ambiguous,relatable,10,2025-08-07,the ending,Relatable,0.6694,0.0
C00004_P050,P050,Dating & Situationships,literally so me bhai,validation,relatable,10,2025-08-07,literally so me bhai,Relatable,0.964,0.68
C00005_P050,P050,Dating & Situationships,facts!,generic,neutral,9,2025-08-07,facts!,Neutral,0.0317,0.2
C00006_P050,P050,Dating & Situationships,keep it up 🔥,generic,neutral,8,2025-08-07,keep it up,Neutral,0.0382,0.0
C00007_P050,P050,Dating & Situationships,superb,generic,neutral,11,2025-08-07,superb,Neutral,0.0327,0.0
C00008_P050,P050,Dating & Situationships,"came here to laugh, stayed to confront myself",validation,relatable,9,2025-08-07,came here to laugh stayed to confront myself,Relatable,0.9669,0.34
C00000_P051,P051,Money Struggles,my acconut balance is a horror movie,personal_story,relatable,9,2025-08-08,my acconut balance is a horror movie,Relatable,0.8926,0.0
C00001_P051,P051,Money Struggles,wow so relatable 🙄,sarcasm,neutral,7,2025-08-08,wow so relatable,Neutral,0.0446,0.34
C00002_P051,P051,Money Struggles,who allowed you to expose me like this!!,validation,relatable,11,2025-08-08,who allowed you to expose me like this!!,Relatable,0.951,0.74
C00003_P051,P051,Money Struggles,😍 👍,generic,neutral,12,2025-08-08,,Neutral,0.2792,0.0
C00004_P051,P051,Money Struggles,realest thing on my feed today,ambiguous,relatable,12,2025-08-08,realest thing on my feed today,Relatable,0.5428,0.0
C00005_P051,P051,Money Struggles,sending this to the group chat with no context 🥲🥲,validation,relatable,9,2025-08-08,sending this to the group chat with no context,Relatable,0.9566,0.0
C00006_P051,P051,Money Struggles,why is this screenshot of my head ngl,validation,relatable,5,2025-08-08,why is this screenshot of my head ngl,Relatable,0.9713,0.0
C00007_P051,P051,Money Struggles,rs.200 is not small when you have rs.400,personal_story,relatable,16,2025-08-08,rs is not small when you have rs,Relatable,0.8715,0.0
C00008_P051,P051,Money Struggles,the way me in one post lol,validation,relatable,9,2025-08-08,the way me in one post lol,Relatable,0.9772,0.34
C00009_P051,P051,Money Struggles,deserves way more likes btw,generic,neutral,12,2025-08-08,deserves way more likes btw,Neutral,0.0241,0.0
C00010_P051,P051,Money Struggles,"ok but this is literally everyone, nothing unique",sarcasm,neutral,12,2025-08-08,ok but this is literally everyone nothing unique,Neutral,0.088,0.34
C00011_P051,P051,Money Struggles,this is just basic psychology,sarcasm,neutral,12,2025-08-08,this is just basic psychology,Neutral,0.0677,0.0
C00012_P051,P051,Money Struggles,i'm going to pretend i didn't read this ong,validation,relatable,9,2025-08-08,i'm going to pretend i didn't read this ong,Relatable,0.9829,0.0
C00013_P051,P051,Money Struggles,the timing of this post is suspicious,validation,relatable,9,2025-08-08,the timing of this post is suspicious,Relatable,0.9637,0.0
C00014_P051,P051,Money Struggles,true that,generic,neutral,11,2025-08-08,true that,Neutral,0.0249,0.34
C00015_P051,P051,Money Struggles,haha ++,generic,neutral,14,2025-08-08,haha,Neutral,0.0245,0.0
C00016_P051,P051,Money Struggles,not me literally me pls,validation,relatable,16,2025-08-08,not me literally me pls,Relatable,0.9814,0.68
C00017_P051,P051,Money Struggles,superb,generic,neutral,7,2025-08-08,superb,Neutral,0.0327,0.0
C00018_P051,P051,Money Struggles,superb :),generic,neutral,8,2025-08-08,superb,Neutral,0.0327,0.0
C00019_P051,P051,Money Struggles,saved this for the next time it happens 😅,validation,relatable,16,2025-08-08,saved this for the next time it happens,Relatable,0.95,0.0
C00020_P051,P051,Money Struggles,FOLLOW FOR FOLLOW?!,generic,neutral,13,2025-08-08,follow for follow !,Neutral,0.0253,-0.14
C00021_P051,P051,Money Struggles,ok but it me ong,validation,relatable,14,2025-08-08,ok but it me ong,Relatable,0.9642,0.34
C00022_P051,P051,Money Struggles,great content,generic,neutral,8,2025-08-08,great content,Neutral,0.0295,-0.34
C00023_P051,P051,Money Struggles,great content ++,generic,neutral,11,2025-08-08,great content,Neutral,0.0295,-0.34
C00024_P051,P051,Money Struggles,keep it up,generic,neutral,12,2025-08-08,keep it up,Neutral,0.0382,0.0
C00025_P051,P051,Money Struggles,facts :),generic,neutral,12,2025-08-08,facts,Neutral,0.0317,0.0
C00026_P051,P051,Money Struggles,the way exactly what i go through 🥲🥲,validation,relatable,10,2025-08-08,the way exactly what i go through,Relatable,0.9712,0.34
C00027_P051,P051,Money Struggles,I feel seen,ambiguous,neutral,5,2025-08-08,i feel seen,Neutral,0.3236,0.34
C00028_P051,P051,Money Struggles,I relate to tihs too much pls,validation,relatable,11,2025-08-08,i relate to tihs too much pls,Relatable,0.9253,0.0
C00029_P051,P051,Money Struggles,why does this feel personal,validation,relatable,9,2025-08-08,why does this feel personal,Relatable,0.9388,0.0
C00030_P051,P051,Money Struggles,hello?? it me 😭,validation,relatable,10,2025-08-08,hello it me,Relatable,0.971,0.34
C00031_P051,P051,Money Struggles,wait my whole life lmao,validation,relatable,16,2025-08-08,wait my whole life lmao,Relatable,0.9802,0.0
C00032_P051,P051,Money Struggles,I came to instagram to turn my brain off and instead you described it perfectly 😅,validation,relatable,10,2025-08-08,i came to instagram to turn my brain off and instead you described it perfectly,Relatable,0.9285,0.0
C00033_P051,P051,Money Struggles,genuinely how do you know my life no cap,validation,relatable,14,2025-08-08,genuinely how do you know my life no cap,Relatable,0.9513,0.0
C00034_P051,P051,Money Struggles,every frame is my biography ong,validation,relatable,8,2025-08-08,every frame is my biography ong,Relatable,0.9766,0.0
C00035_P051,P051,Money Struggles,genuinely how do yoou know my life pls,validation,relatable,12,2025-08-08,genuinely how do yoou know my life pls,Relatable,0.9258,0.0
C00036_P051,P051,Money Struggles,true 🔥,generic,neutral,17,2025-08-08,true,Neutral,0.0084,0.34
C00037_P051,P051,Money Struggles,watched this five times already anna,validation,relatable,7,2025-08-08,watched this five times already anna,Relatable,0.9528,0.0
C00038_P051,P051,Money Struggles,I didn't consent to being exposed 🥲,validation,relatable,4,2025-08-08,i didn't consent to being exposed,Relatable,0.9666,0.0
C00039_P051,P051,Money Struggles,ok but my whole life ?!,validation,relatable,10,2025-08-08,ok but my whole life !,Relatable,0.9773,0.2
C00040_P051,P051,Money Struggles,cant even,ambiguous,relatable,7,2025-08-08,cant even,Neutral,0.4987,0.0
C00041_P051,P051,Money Struggles,not me my brain on a normal tuesday!!,validation,relatable,13,2025-08-08,not me my brain on a normal tuesday!!,Relatable,0.9862,0.74
C00000_P052,P052,College & Hostel Life,"we feature meme pages, dm us",spam,neutral,4,2025-08-10,we feature meme pages dm us,Neutral,0.0882,-0.34
C00001_P052,P052,College & Hostel Life,can you do one on exam results?,question,neutral,11,2025-08-10,can you do one on exam results,Neutral,0.1137,0.0
C00002_P052,P052,College & Hostel Life,any tips for the 2am version of this?,question,neutral,12,2025-08-10,any tips for the am version of this,Neutral,0.104,-0.34
C00003_P052,P052,College & Hostel Life,the edit quality is insane bro,generic,neutral,12,2025-08-10,the edit quality is insane bro,Neutral,0.0209,-0.34
C00004_P052,P052,College & Hostel Life,"came here to laugh, stayed to confront myself",validation,relatable,9,2025-08-10,came here to laugh stayed to confront myself,Relatable,0.9669,0.34
C00005_P052,P052,College & Hostel Life,watched this five times already lmaoo,validation,relatable,12,2025-08-10,watched this five times already lmaoo,Relatable,0.9538,0.0
C00006_P052,P052,College & Hostel Life,too real,ambiguous,neutral,7,2025-08-10,too real,Relatable,0.8173,0.34
C00007_P052,P052,College & Hostel Life,our mess soup is just hot water with regret,personal_story,relatable,8,2025-08-10,our mess soup is just hot water with regret,Relatable,0.8672,0.0
C00008_P052,P052,College & Hostel Life,I'm in this post and I don't like it ong,validation,relatable,14,2025-08-10,i'm in this post and i don't like it ong,Relatable,0.9598,0.0
C00009_P052,P052,College & Hostel Life,posted at the right time,generic,neutral,13,2025-08-10,posted at the right time,Neutral,0.0522,0.0
C00010_P052,P052,College & Hostel Life,get free followers at InstaBoost,spam,neutral,5,2025-08-10,get free followers at instaboost,Neutral,0.085,-0.34
C00011_P052,P052,College & Hostel Life,do you take content requests?,question,neutral,9,2025-08-10,do you take content requests,Neutral,0.0476,0.0
C00012_P052,P052,College & Hostel Life,this is just basic psychology,sarcasm,neutral,8,2025-08-10,this is just basic psychology,Neutral,0.0677,0.0
C00013_P052,P052,College & Hostel Life,THE WAY THE STORY OF MY LIFE!!,validation,relatable,9,2025-08-10,the way the story of my life!!,Relatable,0.9826,0.4
C00014_P052,P052,College & Hostel Life,I didn't consent to being exposed ong,validation,relatable,9,2025-08-10,i didn't consent to being exposed ong,Relatable,0.9778,0.0
C00015_P052,P052,College & Hostel Life,😍!,generic,neutral,6,2025-08-10,!,Neutral,0.2792,0.2
C00016_P052,P052,College & Hostel Life,excuse me it me lol,validation,relatable,10,2025-08-10,excuse me it me lol,Relatable,0.9729,0.34
C00017_P052,P052,College & Hostel Life,ok but screenshot of my head 🥲🥲,validation,relatable,13,2025-08-10,ok but screenshot of my head,Relatable,0.9744,0.0
C00000_P053,P053,Family Pressure,not me so me lol,validation,relatable,13,2025-08-11,not me so me lol,Relatable,0.9776,0.34
C00001_P053,P053,Family Pressure,uncomfortably accurate,ambiguous,relatable,11,2025-08-11,uncomfortably accurate,Neutral,0.1746,0.34
C00002_P053,P053,Family Pressure,is this based on real events?,question,neutral,7,2025-08-11,is this based on real events,Neutral,0.0778,0.34
C00003_P053,P053,Family Pressure,wow so relatable 🙄,sarcasm,neutral,10,2025-08-11,wow so relatable,Neutral,0.0446,0.34
C00004_P053,P053,Family Pressure,true bro,generic,neutral,15,2025-08-11,true bro,Neutral,0.0222,0.34
C00005_P053,P053,Family Pressure,love this page 🔥,generic,neutral,11,2025-08-11,love this page,Neutral,0.0197,-0.34
C00006_P053,P053,Family Pressure,do a collab with us,generic,neutral,11,2025-08-11,do a collab with us,Neutral,0.0347,-0.34
C00007_P053,P053,Family Pressure,that's my whole life 🥲,validation,relatable,9,2025-08-11,that's my whole life,Relatable,0.9682,0.0
C00008_P053,P053,Family Pressure,AWARD FOR MOST GENERIC POST GOES TO,sarcasm,neutral,10,2025-08-11,award for most generic post goes to,Neutral,0.0696,0.0
C00009_P053,P053,Family Pressure,ok but too accurate lmao,validation,relatable,15,2025-08-11,ok but too accurate lmao,Relatable,0.9563,0.34
C00010_P053,P053,Family Pressure,do a collab with us 👍,generic,neutral,12,2025-08-11,do a collab with us,Neutral,0.0347,-0.34
C00011_P053,P053,Family Pressure,the edit quality is insane macha,generic,neutral,13,2025-08-11,the edit quality is insane macha,Neutral,0.0165,-0.34
C00012_P053,P053,Family Pressure,I live this every single day istg,validation,relatable,10,2025-08-11,i live this every single day istg,Relatable,0.9371,0.0
C00013_P053,P053,Family Pressure,log kya kahenge' has ruined more careers than failure ever did,personal_story,relatable,12,2025-08-11,log kya kahenge' has ruined more careers than failure ever did,Relatable,0.8525,0.0
C00014_P053,P053,Family Pressure,this is so me,validation,relatable,9,2025-08-11,this is so me,Relatable,0.9807,0.34
C00015_P053,P053,Family Pressure,painfully accurate ngl,validation,relatable,12,2025-08-11,painfully accurate ngl,Relatable,0.9406,0.68
C00016_P053,P053,Family Pressure,great content sis,generic,neutral,10,2025-08-11,great content sis,Neutral,0.0222,-0.34
C00017_P053,P053,Family Pressure,that hit close to home 😅,validation,relatable,10,2025-08-11,that hit close to home,Relatable,0.9468,0.34
C00018_P053,P053,Family Pressure,"watched this, closed the app, opened it again, watched it again. yeah. pls",validation,relatable,12,2025-08-11,watched this closed the app opened it again watched it again yeah pls,Relatable,0.9142,-0.34
C00019_P053,P053,Family Pressure,this speaks for my whole generation istg,validation,relatable,15,2025-08-11,this speaks for my whole generation istg,Relatable,0.9716,0.0
C00020_P053,P053,Family Pressure,LITERALLY EXACTLY WHAT I GO THROUGH!!,validation,relatable,6,2025-08-11,literally exactly what i go through!!,Relatable,0.9614,1.0
C00021_P053,P053,Family Pressure,this felt personal,ambiguous,neutral,14,2025-08-11,this felt personal,Relatable,0.7053,0.34
C00022_P053,P053,Family Pressure,not me me in one post,validation,relatable,9,2025-08-11,not me me in one post,Relatable,0.9812,0.34
C00023_P053,P053,Family Pressure,mood.,ambiguous,relatable,10,2025-08-11,mood,Neutral,0.3889,0.0
C00024_P053,P053,Family Pressure,I paused. sat down. processed. same.,validation,relatable,5,2025-08-11,i paused sat down processed same,Relatable,0.9534,0.34
C00025_P053,P053,Family Pressure,crying,ambiguous,neutral,9,2025-08-11,crying,Relatable,0.5878,0.34
C00026_P053,P053,Family Pressure,this is the kind of post you save at 2am and rewatch when it happens again lmao,validation,relatable,11,2025-08-11,this is the kind of post you save at am and rewatch when it happens again lmao,Relatable,0.945,0.0
C00027_P053,P053,Family Pressure,haha true btw,generic,neutral,6,2025-08-11,haha true btw,Neutral,0.0079,0.34
C00028_P053,P053,Family Pressure,do a collab with us :),generic,neutral,11,2025-08-11,do a collab with us,Neutral,0.0347,-0.34
C00029_P053,P053,Family Pressure,true that,generic,neutral,15,2025-08-11,true that,Neutral,0.0249,0.34
C00030_P053,P053,Family Pressure,"I'm the family NGO, free labour included",personal_story,relatable,7,2025-08-11,i'm the family ngo free labour included,Relatable,0.8586,-0.34
C00031_P053,P053,Family Pressure,I feel seen,ambiguous,relatable,13,2025-08-11,i feel seen,Neutral,0.3236,0.34
C00032_P053,P053,Family Pressure,my therapist and my group chat will hear about this post lmaoo,validation,relatable,10,2025-08-11,my therapist and my group chat will hear about this post lmaoo,Relatable,0.9433,0.0
C00033_P053,P053,Family Pressure,🔥🔥!,generic,neutral,12,2025-08-11,!,Neutral,0.2792,0.2
C00034_P053,P053,Family Pressure,haha 🔥,generic,neutral,9,2025-08-11,haha,Neutral,0.0245,0.0
C00035_P053,P053,Family Pressure,this is literally em istg,validation,relatable,8,2025-08-11,this is literally em istg,Relatable,0.8259,0.34
C00036_P053,P053,Family Pressure,true that sis,generic,neutral,8,2025-08-11,true that sis,Neutral,0.0199,0.34
C00037_P053,P053,Family Pressure,nah a documentary about me fr,validation,relatable,7,2025-08-11,nah a documentary about me fr,Relatable,0.9761,0.34
C00038_P053,P053,Family Pressure,not me so me lmaoo,validation,relatable,8,2025-08-11,not me so me lmaoo,Relatable,0.9801,0.34
C00039_P053,P053,Family Pressure,make one about first job interviews please,question,neutral,12,2025-08-11,make one about first job interviews please,Neutral,0.0366,0.0
C00040_P053,P053,Family Pressure,watched this five times already 😭😭,validation,relatable,14,2025-08-11,watched this five times already,Relatable,0.9518,0.0
C00041_P053,P053,Family Pressure,this one,ambiguous,relatable,13,2025-08-11,this one,Neutral,0.405,0.0
C00042_P053,P053,Family Pressure,your page will blow up btw,generic,neutral,12,2025-08-11,your page will blow up btw,Neutral,0.0114,-0.34
C00043_P053,P053,Family Pressure,this is so me yaar,validation,relatable,7,2025-08-11,this is so me yaar,Relatable,0.9771,0.34
C00044_P053,P053,Family Pressure,check my page!,generic,neutral,9,2025-08-11,check my page!,Neutral,0.0322,-0.14
C00045_P053,P053,Family Pressure,that hit close to home lmao,validation,relatable,9,2025-08-11,that hit close to home lmao,Relatable,0.9652,0.34
C00046_P053,P053,Family Pressure,fr personal at this point anna,validation,relatable,9,2025-08-11,fr personal at this point anna,Relatable,0.9655,0.0
C00047_P053,P053,Family Pressure,first commetn !!,generic,neutral,11,2025-08-11,first commetn !!,Neutral,0.0443,0.4
C00048_P053,P053,Family Pressure,so true btw,generic,neutral,11,2025-08-11,so true btw,Neutral,0.0209,0.34
C00049_P053,P053,Family Pressure,i came to instagram to turn my brain off and instead you described it perfectly 😭,validation,relatable,10,2025-08-11,i came to instagram to turn my brain off and instead you described it perfectly,Relatable,0.9285,0.0
C00050_P053,P053,Family Pressure,free followers in bio,generic,neutral,10,2025-08-11,free followers in bio,Neutral,0.0357,-0.68
C00051_P053,P053,Family Pressure,deserves way more likes!,generic,neutral,14,2025-08-11,deserves way more likes!,Neutral,0.0361,0.2
C00052_P053,P053,Family Pressure,check my page,generic,neutral,13,2025-08-11,check my page,Neutral,0.0322,-0.68
C00053_P053,P053,Family Pressure,this is the kind of post you save at 2am and rewatch when it happens again ong,validation,relatable,9,2025-08-11,this is the kind of post you save at am and rewatch when it happens again ong,Relatable,0.9402,0.0
C00054_P053,P053,Family Pressure,why does this feel personal 😭😭,validation,relatable,15,2025-08-11,why does this feel personal,Relatable,0.9388,0.0
C00055_P053,P053,Family Pressure,not me my brain on a normal tuesday,validation,relatable,16,2025-08-11,not me my brain on a normal tuesday,Relatable,0.9862,0.34
C00056_P053,P053,Family Pressure,I agree sis,generic,neutral,9,2025-08-11,i agree sis,Neutral,0.013,0.0
C00057_P053,P053,Family Pressure,unfortunately yes,ambiguous,relatable,10,2025-08-11,unfortunately yes,Relatable,0.5491,0.0
C00058_P053,P053,Family Pressure,reporting this for personal damage yaar,validation,relatable,11,2025-08-11,reporting this for personal damage yaar,Relatable,0.9653,0.0
C00059_P053,P053,Family Pressure,ok but my whole life fr,validation,relatable,16,2025-08-11,ok but my whole life fr,Relatable,0.9805,0.0
C00060_P053,P053,Family Pressure,took the words right out of my mouth 💀,validation,relatable,14,2025-08-11,took the words right out of my mouth,Relatable,0.9668,0.0
C00061_P053,P053,Family Pressure,first comment macha,generic,neutral,7,2025-08-11,first comment macha,Neutral,0.0117,0.0
C00062_P053,P053,Family Pressure,wait a documentary about me pls,validation,relatable,10,2025-08-11,wait a documentary about me pls,Relatable,0.9691,0.34
C00063_P053,P053,Family Pressure,"hold on, too accurate...",validation,relatable,11,2025-08-11,hold on too accurate,Relatable,0.9662,0.34
C00064_P053,P053,Family Pressure,oh.,ambiguous,neutral,11,2025-08-11,oh,Neutral,0.119,0.0
C00065_P053,P053,Family Pressure,no because too real istg,validation,relatable,8,2025-08-11,no because too real istg,Relatable,0.8845,0.34
C00066_P053,P053,Family Pressure,LITERALLY TOO REAL NGL,validation,relatable,14,2025-08-11,literally too real ngl,Relatable,0.9304,0.68
C00067_P053,P053,Family Pressure,first comment 👍,generic,neutral,12,2025-08-11,first comment,Neutral,0.0263,0.0
C00068_P053,P053,Family Pressure,exactly.,ambiguous,relatable,14,2025-08-11,exactly,Neutral,0.3346,0.34
C00069_P053,P053,Family Pressure,"came here to laugh, stayed to confront myself no cap",validation,relatable,14,2025-08-11,came here to laugh stayed to confront myself no cap,Relatable,0.9753,0.34
C00070_P053,P053,Family Pressure,watched this five times already lol,validation,relatable,13,2025-08-11,watched this five times already lol,Relatable,0.9438,0.0
C00071_P053,P053,Family Pressure,the algorithm finally did something right 👍,generic,neutral,10,2025-08-11,the algorithm finally did something right,Neutral,0.0521,0.0
C00072_P053,P053,Family Pressure,"hold on, so me no cap",validation,relatable,12,2025-08-11,hold on so me no cap,Relatable,0.9747,0.34
C00073_P053,P053,Family Pressure,so true sis,generic,neutral,8,2025-08-11,so true sis,Neutral,0.0234,0.34
C00074_P053,P053,Family Pressure,took the words right out of my mouth no cap,validation,relatable,12,2025-08-11,took the words right out of my mouth no cap,Relatable,0.9758,0.0
C00075_P053,P053,Family Pressure,I felt that...,validation,relatable,8,2025-08-11,i felt that,Relatable,0.935,0.34
C00076_P053,P053,Family Pressure,THE HONESTY IS REFRESHING,ambiguous,neutral,12,2025-08-11,the honesty is refreshing,Neutral,0.4722,0.0
C00077_P053,P053,Family Pressure,the edit quality is insane,generic,neutral,9,2025-08-11,the edit quality is insane,Neutral,0.0239,-0.34
C00078_P053,P053,Family Pressure,literally thee story of my life bhai,validation,relatable,7,2025-08-11,literally thee story of my life bhai,Relatable,0.9838,0.34
C00079_P053,P053,Family Pressure,part 2 please?,question,neutral,8,2025-08-11,part please,Neutral,0.0278,-0.34
C00080_P053,P053,Family Pressure,no because personal at this point lol,validation,relatable,3,2025-08-11,no because personal at this point lol,Relatable,0.9497,0.0
C00081_P053,P053,Family Pressure,this is so me 😅,validation,relatable,12,2025-08-11,this is so me,Relatable,0.9807,0.34
C00082_P053,P053,Family Pressure,cool edit btw,generic,neutral,13,2025-08-11,cool edit btw,Neutral,0.0198,-0.68
C00083_P053,P053,Family Pressure,so true ++,generic,neutral,11,2025-08-11,so true,Neutral,0.0315,0.34
C00084_P053,P053,Family Pressure,dm for promotions btw,generic,neutral,8,2025-08-11,dm for promotions btw,Neutral,0.0167,-0.34
C00085_P053,P053,Family Pressure,do a collab with us bro,generic,neutral,7,2025-08-11,do a collab with us bro,Neutral,0.0234,-0.34
C00086_P053,P053,Family Pressure,this is literally me ?!,validation,relatable,5,2025-08-11,this is literally me !,Relatable,0.9766,0.88
C00087_P053,P053,Family Pressure,why does this feel personal ngl,validation,relatable,8,2025-08-11,why does this feel personal ngl,Relatable,0.9474,0.0
C00088_P053,P053,Family Pressure,can you make one abotu exams?,question,neutral,15,2025-08-11,can you make one abotu exams,Neutral,0.0912,0.0
C00089_P053,P053,Family Pressure,ok but too accurate!!,validation,relatable,9,2025-08-11,ok but too accurate!!,Relatable,0.955,0.4
C00090_P053,P053,Family Pressure,wait screenshot of my head ?!,validation,relatable,10,2025-08-11,wait screenshot of my head !,Relatable,0.9674,0.2
C00091_P053,P053,Family Pressure,it's too accurate no acp,validation,relatable,7,2025-08-11,it's too accurate no acp,Relatable,0.9649,0.34
C00092_P053,P053,Family Pressure,nah my brain on a normal tuesday,validation,relatable,8,2025-08-11,nah my brain on a normal tuesday,Relatable,0.962,0.0
C00093_P053,P053,Family Pressure,the edit quality is insane sis,generic,neutral,11,2025-08-11,the edit quality is insane sis,Neutral,0.0135,-0.34
C00094_P053,P053,Family Pressure,cool edit,generic,neutral,12,2025-08-11,cool edit,Neutral,0.0241,-0.68
C00095_P053,P053,Family Pressure,🔥🔥 ++,generic,neutral,9,2025-08-11,,Neutral,0.2792,0.0
C00096_P053,P053,Family Pressure,took the words right out of my mouth ong,validation,relatable,6,2025-08-11,took the words right out of my mouth ong,Relatable,0.9693,0.0
C00097_P053,P053,Family Pressure,I relate to this too much 😅,validation,relatable,10,2025-08-11,i relate to this too much,Relatable,0.9599,0.0
C00098_P053,P053,Family Pressure,reading this at 3am was a mistake lmao,validation,relatable,9,2025-08-11,reading this at am was a mistake lmao,Relatable,0.9612,0.0
C00099_P053,P053,Family Pressure,every frame is my biography bhai,validation,relatable,8,2025-08-11,every frame is my biography bhai,Relatable,0.9752,0.0
C00100_P053,P053,Family Pressure,this is my biography yaar,validation,relatable,16,2025-08-11,this is my biography yaar,Relatable,0.9812,0.0
C00101_P053,P053,Family Pressure,ok boomer,sarcasm,neutral,12,2025-08-11,ok boomer,Neutral,0.0538,0.0
C00102_P053,P053,Family Pressure,why is this the story of my life bhai,validation,relatable,11,2025-08-11,why is this the story of my life bhai,Relatable,0.9783,0.0
C00103_P053,P053,Family Pressure,reporting this for personal damage fr fr,validation,relatable,10,2025-08-11,reporting this for personal damage fr fr,Relatable,0.9725,0.0
C00104_P053,P053,Family Pressure,deep. very deep.,sarcasm,neutral,10,2025-08-11,deep very deep,Neutral,0.0437,0.0
C00105_P053,P053,Family Pressure,ok so personal at this point ngl,validation,relatable,11,2025-08-11,ok so personal at this point ngl,Relatable,0.957,0.0
C00106_P053,P053,Family Pressure,ok so exactly what i go through lmao,validation,relatable,12,2025-08-11,ok so exactly what i go through lmao,Relatable,0.968,0.34
C00107_P053,P053,Family Pressure,love this page,generic,neutral,12,2025-08-11,love this page,Neutral,0.0197,-0.34
C00108_P053,P053,Family Pressure,THIS IS A DOCUMENTARY ABOUT ME LMAO,validation,relatable,8,2025-08-11,this is a documentary about me lmao,Relatable,0.9728,0.34
C00109_P053,P053,Family Pressure,fr my last three years in one video 💀,validation,relatable,11,2025-08-11,fr my last three years in one video,Relatable,0.9787,0.0
C00110_P053,P053,Family Pressure,painfully accurate da,validation,relatable,10,2025-08-11,painfully accurate da,Relatable,0.9373,0.68
C00111_P053,P053,Family Pressure,this is literally me,validation,relatable,14,2025-08-11,this is literally me,Relatable,0.9766,0.68
C00112_P053,P053,Family Pressure,which app is this? 🔥,generic,neutral,12,2025-08-11,which app is this,Neutral,0.025,-0.34
C00113_P053,P053,Family Pressure,"hold on, the story of my life da",validation,relatable,11,2025-08-11,hold on the story of my life da,Relatable,0.9917,0.0
C00114_P053,P053,Family Pressure,deserves way more likes !!,generic,neutral,7,2025-08-11,deserves way more likes !!,Neutral,0.0361,0.4
C00115_P053,P053,Family Pressure,i agree,generic,neutral,11,2025-08-11,i agree,Neutral,0.0316,0.0
C00116_P053,P053,Family Pressure,stop describing me yaar,validation,relatable,7,2025-08-11,stop describing me yaar,Relatable,0.9639,0.34
C00117_P053,P053,Family Pressure,the way I did this exact thing this morning and now I'm being called out publicly 🥲🥲,validation,relatable,9,2025-08-11,the way i did this exact thing this morning and now i'm being called out publicly,Relatable,0.905,0.34
C00118_P053,P053,Family Pressure,underrated page fr !!,generic,neutral,8,2025-08-11,underrated page fr !!,Neutral,0.0312,0.06
C00119_P053,P053,Family Pressure,I didn't consent to being exposed fr,validation,relatable,12,2025-08-11,i didn't consent to being exposed fr,Relatable,0.9725,0.0
C00000_P054,P054,Self-Image & Comparison,do a collab with us 👍,generic,neutral,7,2025-08-13,do a collab with us,Neutral,0.0347,-0.34
C00001_P054,P054,Self-Image & Comparison,song name please?,generic,neutral,11,2025-08-13,song name please,Neutral,0.019,-0.34
C00002_P054,P054,Self-Image & Comparison,this is literally me 😭😭,validation,relatable,11,2025-08-13,this is literally me,Relatable,0.9766,0.68
C00003_P054,P054,Self-Image & Comparison,who allowed you to expose me like this 😭,validation,relatable,12,2025-08-13,who allowed you to expose me like this,Relatable,0.951,0.34
C00004_P054,P054,Self-Image & Comparison,deep. very deep.,sarcasm,neutral,12,2025-08-13,deep very deep,Neutral,0.0437,0.0
C00005_P054,P054,Self-Image & Comparison,love this page!,generic,neutral,9,2025-08-13,love this page!,Neutral,0.0197,0.2
C00006_P054,P054,Self-Image & Comparison,wait my biography...,validation,relatable,4,2025-08-13,wait my biography,Relatable,0.9727,0.0
C00007_P054,P054,Self-Image & Comparison,deserves way more likes btw,generic,neutral,12,2025-08-13,deserves way more likes btw,Neutral,0.0241,0.0
C00008_P054,P054,Self-Image & Comparison,"why does this have no likes, underrated",question,neutral,11,2025-08-13,why does this have no likes underrated,Neutral,0.0679,0.0
C00009_P054,P054,Self-Image & Comparison,haha sis,generic,neutral,14,2025-08-13,haha sis,Neutral,0.0296,0.0
C00010_P054,P054,Self-Image & Comparison,everyone my age is achieving things and I'm here,personal_story,relatable,14,2025-08-13,everyone my age is achieving things and i'm here,Relatable,0.8981,0.0
C00011_P054,P054,Self-Image & Comparison,the way I did this exact thing this morning and now I'm being called out publicly pls,validation,relatable,14,2025-08-13,the way i did this exact thing this morning and now i'm being called out publicly pls,Relatable,0.9254,0.34
C00012_P054,P054,Self-Image & Comparison,so dramatic for no reason,sarcasm,neutral,11,2025-08-13,so dramatic for no reason,Neutral,0.0825,0.0
C00013_P054,P054,Self-Image & Comparison,can we get a version with english subtitles?,question,neutral,9,2025-08-13,can we get a version with english subtitles,Neutral,0.0604,0.0
C00014_P054,P054,Self-Image & Comparison,underrated page fr,generic,neutral,13,2025-08-13,underrated page fr,Neutral,0.0312,-0.34
C00015_P054,P054,Self-Image & Comparison,NOT ME SO ME ANNA,validation,relatable,10,2025-08-13,not me so me anna,Relatable,0.9782,0.34
C00016_P054,P054,Self-Image & Comparison,nah me in one post lmao,validation,relatable,8,2025-08-13,nah me in one post lmao,Relatable,0.9639,0.34
C00017_P054,P054,Self-Image & Comparison,it hit,ambiguous,relatable,14,2025-08-13,it hit,Relatable,0.5524,0.0
C00018_P054,P054,Self-Image & Comparison,"uninstalled Instagram twice, reinstalled in a day",personal_story,relatable,14,2025-08-13,uninstalled instagram twice reinstalled in a day,Relatable,0.8956,0.0
C00019_P054,P054,Self-Image & Comparison,hello?? screenshot of my head ong,validation,relatable,10,2025-08-13,hello screenshot of my head ong,Relatable,0.9781,0.0
C00020_P054,P054,Self-Image & Comparison,this speaks for my whole generation 😭😭,validation,relatable,7,2025-08-13,this speaks for my whole generation,Relatable,0.9631,0.0
C00021_P054,P054,Self-Image & Comparison,PART 3 WHEN?,question,neutral,10,2025-08-13,part when,Neutral,0.0328,-0.34
C00022_P054,P054,Self-Image & Comparison,true that sis,generic,neutral,13,2025-08-13,true that sis,Neutral,0.0199,0.34
C00023_P054,P054,Self-Image & Comparison,true,generic,neutral,15,2025-08-13,true,Neutral,0.0084,0.34
C00024_P054,P054,Self-Image & Comparison,🔥🔥,generic,neutral,8,2025-08-13,,Neutral,0.2792,0.0
C00025_P054,P054,Self-Image & Comparison,ok boomer,sarcasm,neutral,6,2025-08-13,ok boomer,Neutral,0.0538,0.0
C00026_P054,P054,Self-Image & Comparison,who hurt you bro,sarcasm,neutral,14,2025-08-13,who hurt you bro,Neutral,0.0399,0.34
C00027_P054,P054,Self-Image & Comparison,I paused. sat down. processed. same. 🥲,validation,relatable,10,2025-08-13,i paused sat down processed same,Relatable,0.9534,0.34
C00028_P054,P054,Self-Image & Comparison,which college is this?,question,neutral,11,2025-08-13,which college is this,Neutral,0.0804,0.0
C00029_P054,P054,Self-Image & Comparison,love this page macha,generic,neutral,17,2025-08-13,love this page macha,Neutral,0.014,-0.34
C00000_P055,P055,Social Anxiety,i've never been so seen istg,validation,relatable,10,2025-08-14,i've never been so seen istg,Relatable,0.9257,0.34
C00001_P055,P055,Social Anxiety,this speaks for my whole generation lol,validation,relatable,20,2025-08-14,this speaks for my whole generation lol,Relatable,0.9651,0.0
C00002_P055,P055,Social Anxiety,the way I did this exact thing this morning and now I'm being called out publicly lmao,validation,relatable,11,2025-08-14,the way i did this exact thing this morning and now i'm being called out publicly lmao,Relatable,0.9268,0.34
C00003_P055,P055,Social Anxiety,"found this page today, already binged everything btw",generic,neutral,9,2025-08-14,found this page today already binged everything btw,Neutral,0.0169,-0.34
C00004_P055,P055,Social Anxiety,seen.,ambiguous,relatable,8,2025-08-14,seen,Neutral,0.4816,0.34
C00005_P055,P055,Social Anxiety,no because it me lol,validation,relatable,10,2025-08-14,no because it me lol,Relatable,0.974,0.34
C00006_P055,P055,Social Anxiety,"found this page today, already binged everything ++",generic,neutral,10,2025-08-14,found this page today already binged everything,Neutral,0.0228,-0.34
C00007_P055,P055,Social Anxiety,free followers in bio 👍,generic,neutral,7,2025-08-14,free followers in bio,Neutral,0.0357,-0.68
C00008_P055,P055,Social Anxiety,superb 👍,generic,neutral,10,2025-08-14,superb,Neutral,0.0327,0.0
C00009_P055,P055,Social Anxiety,which app is this? 👍,generic,neutral,10,2025-08-14,which app is this,Neutral,0.025,-0.34
C00010_P055,P055,Social Anxiety,aewsome work :),generic,neutral,12,2025-08-14,aewsome work,Neutral,0.0666,0.0
C00011_P055,P055,Social Anxiety,I paused. sat down. processed. same....,validation,relatable,12,2025-08-14,i paused sat down processed same,Relatable,0.9534,0.34
C00012_P055,P055,Social Anxiety,painfully accurate...,validation,relatable,12,2025-08-14,painfully accurate,Relatable,0.9494,0.68
C00013_P055,P055,Social Anxiety,the edit quality is insane macha,generic,neutral,4,2025-08-14,the edit quality is insane macha,Neutral,0.0165,-0.34
C00014_P055,P055,Social Anxiety,but same though,ambiguous,neutral,8,2025-08-14,but same though,Neutral,0.3605,0.34
C00015_P055,P055,Social Anxiety,cool edit!,generic,neutral,12,2025-08-14,cool edit!,Neutral,0.0241,-0.14
C00016_P055,P055,Social Anxiety,ok but it me 💀,validation,relatable,11,2025-08-14,ok but it me,Relatable,0.9543,0.34
C00017_P055,P055,Social Anxiety,lol ok ++,generic,neutral,4,2025-08-14,lol ok,Neutral,0.0618,0.0
C00018_P055,P055,Social Anxiety,genuinely how do you know my life bhai,validation,relatable,13,2025-08-14,genuinely how do you know my life bhai,Relatable,0.9324,0.0
C00019_P055,P055,Social Anxiety,background music name? macha,generic,neutral,13,2025-08-14,background music name macha,Neutral,0.0153,-0.34
C00020_P055,P055,Social Anxiety,"came here to laugh, stayed to confront myself pls",validation,relatable,11,2025-08-14,came here to laugh stayed to confront myself pls,Relatable,0.9705,0.34
C00021_P055,P055,Social Anxiety,"watched this, closed the app, opened it again, watched it again. yeah. no cap",validation,relatable,6,2025-08-14,watched this closed the app opened it again watched it again yeah no cap,Relatable,0.8941,-0.34
C00022_P055,P055,Social Anxiety,that hit close to home 😭😭,validation,relatable,13,2025-08-14,that hit close to home,Relatable,0.9468,0.34
C00023_P055,P055,Social Anxiety,song name please?!,generic,neutral,11,2025-08-14,song name please !,Neutral,0.019,-0.14
C00024_P055,P055,Social Anxiety,true that sis,generic,neutral,13,2025-08-14,true that sis,Neutral,0.0199,0.34
C00025_P055,P055,Social Anxiety,"CAME HERE TO LAUGH, STAYED TO CONFRONT MYSELF...",validation,relatable,13,2025-08-14,came here to laugh stayed to confront myself,Relatable,0.9669,0.34
C00026_P055,P055,Social Anxiety,the way literally me ong,validation,relatable,13,2025-08-14,the way literally me ong,Relatable,0.9789,0.68
C00027_P055,P055,Social Anxiety,deserves way more likes !!,generic,neutral,11,2025-08-14,deserves way more likes !!,Neutral,0.0361,0.4
C00028_P055,P055,Social Anxiety,it's the accuracy for me,ambiguous,relatable,8,2025-08-14,it's the accuracy for me,Relatable,0.5221,0.68
C00029_P055,P055,Social Anxiety,that's my biography anna,validation,relatable,12,2025-08-14,that's my biography anna,Relatable,0.9432,0.0
C00030_P055,P055,Social Anxiety,fr so me yaar,validation,relatable,12,2025-08-14,fr so me yaar,Relatable,0.9714,0.34
C00031_P055,P055,Social Anxiety,this is it me 😭😭,validation,relatable,13,2025-08-14,this is it me,Relatable,0.9723,0.34
C00032_P055,P055,Social Anxiety,it's too accurate ?!,validation,relatable,8,2025-08-14,it's too accurate !,Relatable,0.9825,0.54
C00033_P055,P055,Social Anxiety,ok but so me 🥲,validation,relatable,8,2025-08-14,ok but so me,Relatable,0.9444,0.34
C00034_P055,P055,Social Anxiety,reading this at 3am was a mistake no cap,validation,relatable,15,2025-08-14,reading this at am was a mistake no cap,Relatable,0.9752,0.0
C00035_P055,P055,Social Anxiety,not me personal at this point 🥲,validation,relatable,13,2025-08-14,not me personal at this point,Relatable,0.9826,0.34
C00036_P055,P055,Social Anxiety,fr my whole life 🥲,validation,relatable,15,2025-08-14,fr my whole life,Relatable,0.9893,0.0
C00037_P055,P055,Social Anxiety,i'm in this post and i don't like it,validation,relatable,13,2025-08-14,i'm in this post and i don't like it,Relatable,0.9555,0.0
C00038_P055,P055,Social Anxiety,why is this screenshot of my head lol,validation,relatable,11,2025-08-14,why is this screenshot of my head lol,Relatable,0.9652,0.0
C00000_P056,P056,Dating & Situationships,haha true!,generic,neutral,9,2025-08-15,haha true!,Neutral,0.0086,0.2
C00001_P056,P056,Dating & Situationships,a mood,ambiguous,relatable,9,2025-08-15,a mood,Neutral,0.3889,0.0
C00002_P056,P056,Dating & Situationships,wow so relatable 🙄,sarcasm,neutral,8,2025-08-15,wow so relatable,Neutral,0.0446,0.34
C00003_P056,P056,Dating & Situationships,do a collab with us,generic,neutral,10,2025-08-15,do a collab with us,Neutral,0.0347,-0.34
C00004_P056,P056,Dating & Situationships,do one about hostellers please,question,neutral,15,2025-08-15,do one about hostellers please,Neutral,0.0472,0.0
C00005_P056,P056,Dating & Situationships,hurts but fair,ambiguous,relatable,11,2025-08-15,hurts but fair,Relatable,0.5599,0.34
C00000_P057,P057,Money Struggles,superb 🔥,generic,neutral,9,2025-08-17,superb,Neutral,0.0327,0.0
C00001_P057,P057,Money Struggles,the way literally me yaar,validation,relatable,9,2025-08-17,the way literally me yaar,Relatable,0.9763,0.68
C00002_P057,P057,Money Struggles,wait a documentary about me 💀,validation,relatable,8,2025-08-17,wait a documentary about me,Relatable,0.9643,0.34
C00003_P057,P057,Money Struggles,stating the obvious since 2020,sarcasm,neutral,12,2025-08-17,stating the obvious since,Neutral,0.0468,0.0
C00004_P057,P057,Money Struggles,my account balance is a horror movie,personal_story,relatable,8,2025-08-17,my account balance is a horror movie,Relatable,0.8885,0.0
C00005_P057,P057,Money Struggles,the edit quality is insane !!,generic,neutral,11,2025-08-17,the edit quality is insane !!,Neutral,0.0239,0.06
C00006_P057,P057,Money Struggles,which app is this? bro,generic,neutral,9,2025-08-17,which app is this bro,Neutral,0.0236,-0.34
C00007_P057,P057,Money Struggles,this is the kind of post you save at 2am and rewatch when it happens again 💀,validation,relatable,12,2025-08-17,this is the kind of post you save at am and rewatch when it happens again,Relatable,0.9287,0.0
C00008_P057,P057,Money Struggles,no because exactly what I go through fr fr,validation,relatable,13,2025-08-17,no because exactly what i go through fr fr,Relatable,0.9735,0.34
C00009_P057,P057,Money Struggles,excuse me my biograhpy 💀,validation,relatable,13,2025-08-17,excuse me my biograhpy,Relatable,0.9738,0.34
C00010_P057,P057,Money Struggles,hello?? my last three years in one video istg,validation,relatable,13,2025-08-17,hello my last three years in one video istg,Relatable,0.9699,0.0
C00011_P057,P057,Money Struggles,this is it me...,validation,relatable,8,2025-08-17,this is it me,Relatable,0.9723,0.34
C00012_P057,P057,Money Struggles,oh.,ambiguous,neutral,7,2025-08-17,oh,Neutral,0.119,0.0
C00013_P057,P057,Money Struggles,wait the story of my life istg,validation,relatable,12,2025-08-17,wait the story of my life istg,Relatable,0.9823,0.0
C00014_P057,P057,Money Struggles,i agree,generic,neutral,10,2025-08-17,i agree,Neutral,0.0316,0.0
C00015_P057,P057,Money Struggles,fr it me anna,validation,relatable,10,2025-08-17,fr it me anna,Relatable,0.9714,0.34
C00016_P057,P057,Money Struggles,awesome work !!,generic,neutral,6,2025-08-17,awesome work !!,Neutral,0.0299,0.06
C00017_P057,P057,Money Struggles,personal at this point lol,validation,relatable,9,2025-08-17,personal at this point lol,Relatable,0.9582,0.0
C00018_P057,P057,Money Struggles,the timing of this post is suspicious ?!,validation,relatable,6,2025-08-17,the timing of this post is suspicious !,Relatable,0.9637,0.2
C00019_P057,P057,Money Struggles,not to be dramatic but this post understood me better than my last three conversations...,validation,relatable,14,2025-08-17,not to be dramatic but this post understood me better than my last three conversations,Relatable,0.9465,0.68
C00020_P057,P057,Money Struggles,I didn't consent to being exposed,validation,relatable,9,2025-08-17,i didn't consent to being exposed,Relatable,0.9666,0.0
C00021_P057,P057,Money Struggles,"found this page today, already binged everything sis",generic,neutral,11,2025-08-17,found this page today already binged everything sis,Neutral,0.0174,-0.34
C00022_P057,P057,Money Struggles,ok but my everyday routine ong,validation,relatable,6,2025-08-17,ok but my everyday routine ong,Relatable,0.9691,0.0
C00023_P057,P057,Money Struggles,your page will blow up btw,generic,neutral,12,2025-08-17,your page will blow up btw,Neutral,0.0114,-0.34
C00024_P057,P057,Money Struggles,the way my whole life 🥲,validation,relatable,9,2025-08-17,the way my whole life,Relatable,0.9871,0.0
C00025_P057,P057,Money Struggles,who allowed you to expose me like this lol,validation,relatable,15,2025-08-17,who allowed you to expose me like this lol,Relatable,0.9467,0.34
C00026_P057,P057,Money Struggles,fr too real da,validation,relatable,14,2025-08-17,fr too real da,Relatable,0.9062,0.34
C00027_P057,P057,Money Struggles,not me so me 🥲,validation,relatable,9,2025-08-17,not me so me,Relatable,0.9798,0.34
C00028_P057,P057,Money Struggles,underrated page fr 👍,generic,neutral,15,2025-08-17,underrated page fr,Neutral,0.0312,-0.34
C00029_P057,P057,Money Struggles,great content macha,generic,neutral,19,2025-08-17,great content macha,Neutral,0.02,-0.34
C00030_P057,P057,Money Struggles,every frame is my biography 😭,validation,relatable,14,2025-08-17,every frame is my biography,Relatable,0.9774,0.0
C00031_P057,P057,Money Struggles,the algorithm finally did something right btw,generic,neutral,14,2025-08-17,the algorithm finally did something right btw,Neutral,0.0353,0.0
C00032_P057,P057,Money Struggles,THIS ONE,ambiguous,neutral,9,2025-08-17,this one,Neutral,0.405,0.0
C00033_P057,P057,Money Struggles,I didn't consent to being exposed anna,validation,relatable,11,2025-08-17,i didn't consent to being exposed anna,Relatable,0.9665,0.0
C00034_P057,P057,Money Struggles,too real,ambiguous,neutral,6,2025-08-17,too real,Relatable,0.8173,0.34
C00035_P057,P057,Money Struggles,fake deep,sarcasm,neutral,7,2025-08-17,fake deep,Neutral,0.0409,0.0
C00036_P057,P057,Money Struggles,the way my last three years in one video fr fr,validation,relatable,21,2025-08-17,the way my last three years in one video fr fr,Relatable,0.9873,0.0
C00037_P057,P057,Money Struggles,I didn't conesnt to being exposed fr fr,validation,relatable,9,2025-08-17,i didn't conesnt to being exposed fr fr,Relatable,0.9717,0.0
C00038_P057,P057,Money Struggles,my therapist and my group chat will hear about this post,validation,relatable,13,2025-08-17,my therapist and my group chat will hear about this post,Relatable,0.9305,0.0
C00039_P057,P057,Money Struggles,exactly.,ambiguous,neutral,13,2025-08-17,exactly,Neutral,0.3346,0.34
C00040_P057,P057,Money Struggles,I FELT THAT 🥲🥲,validation,relatable,14,2025-08-17,i felt that,Relatable,0.935,0.34
C00041_P057,P057,Money Struggles,when is part 2? 👍,generic,neutral,20,2025-08-17,when is part,Neutral,0.0285,-0.34
C00042_P057,P057,Money Struggles,check my page !!,generic,neutral,9,2025-08-17,check my page !!,Neutral,0.0322,-0.28
C00043_P057,P057,Money Struggles,I'm crying,ambiguous,relatable,6,2025-08-17,i'm crying,Relatable,0.5878,0.34
C00044_P057,P057,Money Struggles,ok but me in one psot 💀,validation,relatable,10,2025-08-17,ok but me in one psot,Relatable,0.9253,0.34
C00045_P057,P057,Money Struggles,not the last line,ambiguous,neutral,7,2025-08-17,not the last line,Neutral,0.3305,0.0
C00046_P057,P057,Money Struggles,background music name?,generic,neutral,5,2025-08-17,background music name,Neutral,0.0226,-0.34
C00047_P057,P057,Money Struggles,true 👍,generic,neutral,10,2025-08-17,true,Neutral,0.0084,0.34
C00048_P057,P057,Money Struggles,saved this for the next time it happens da,validation,relatable,13,2025-08-17,saved this for the next time it happens da,Relatable,0.9566,0.0
C00049_P057,P057,Money Struggles,so true,generic,neutral,11,2025-08-17,so true,Neutral,0.0315,0.34
C00050_P057,P057,Money Struggles,not me it me 💀,validation,relatable,9,2025-08-17,not me it me,Relatable,0.9825,0.34
C00051_P057,P057,Money Struggles,superb macha,generic,neutral,12,2025-08-17,superb macha,Neutral,0.0289,0.0
C00052_P057,P057,Money Struggles,reading this at 3am was a mistake 🥲🥲,validation,relatable,9,2025-08-17,reading this at am was a mistake,Relatable,0.9542,0.0
C00053_P057,P057,Money Struggles,no literally,ambiguous,relatable,5,2025-08-17,no literally,Neutral,0.3675,0.34
C00054_P057,P057,Money Struggles,the timing of this post is suspicious pls,validation,relatable,13,2025-08-17,the timing of this post is suspicious pls,Relatable,0.9643,0.0
C00055_P057,P057,Money Struggles,i felt that 😭,validation,relatable,12,2025-08-17,i felt that,Relatable,0.935,0.34
C00056_P057,P057,Money Struggles,superb bro,generic,neutral,13,2025-08-17,superb bro,Neutral,0.0385,0.0
C00057_P057,P057,Money Struggles,haha true,generic,neutral,6,2025-08-17,haha true,Neutral,0.0086,0.34
C00058_P057,P057,Money Struggles,i showed this to my roommate and we just sat in silence for a minute lol,validation,relatable,14,2025-08-17,i showed this to my roommate and we just sat in silence for a minute lol,Relatable,0.9191,0.34
C00059_P057,P057,Money Struggles,sir this is my diary page,validation,relatable,12,2025-08-17,sir this is my diary page,Relatable,0.9648,-0.34
C00060_P057,P057,Money Struggles,so dramatic for no reason,sarcasm,neutral,11,2025-08-17,so dramatic for no reason,Neutral,0.0825,0.0
C00061_P057,P057,Money Struggles,I live this every single day fr,validation,relatable,12,2025-08-17,i live this every single day fr,Relatable,0.9485,0.0
C00062_P057,P057,Money Struggles,when is part 2?,generic,neutral,14,2025-08-17,when is part,Neutral,0.0285,-0.34
C00063_P057,P057,Money Struggles,I agree ++,generic,neutral,11,2025-08-17,i agree,Neutral,0.0316,0.0
C00064_P057,P057,Money Struggles,deserves way more likes 👍,generic,neutral,11,2025-08-17,deserves way more likes,Neutral,0.0361,0.0
C00065_P057,P057,Money Struggles,true that :),generic,neutral,18,2025-08-17,true that,Neutral,0.0249,0.34
C00066_P057,P057,Money Struggles,the way a documentary about me fr,validation,relatable,13,2025-08-17,the way a documentary about me fr,Relatable,0.9834,0.34
C00067_P057,P057,Money Struggles,why is this a mood,ambiguous,neutral,10,2025-08-17,why is this a mood,Relatable,0.6564,0.0
C00068_P057,P057,Money Struggles,true ++,generic,neutral,12,2025-08-17,true,Neutral,0.0084,0.34
C00069_P057,P057,Money Struggles,KEEP IT UP BRO,generic,neutral,10,2025-08-17,keep it up bro,Neutral,0.0318,0.0
C00070_P057,P057,Money Struggles,that hit close to home 💀,validation,relatable,9,2025-08-17,that hit close to home,Relatable,0.9468,0.34
C00071_P057,P057,Money Struggles,the edit quality is insane!,generic,neutral,11,2025-08-17,the edit quality is insane!,Neutral,0.0239,-0.14
C00072_P057,P057,Money Struggles,this is literally me lol,validation,relatable,15,2025-08-17,this is literally me lol,Relatable,0.971,0.68
C00073_P057,P057,Money Struggles,true!,generic,neutral,15,2025-08-17,true!,Neutral,0.0084,0.2
C00074_P057,P057,Money Struggles,"another relatable page, how original",sarcasm,neutral,9,2025-08-17,another relatable page how original,Neutral,0.0229,0.0
C00075_P057,P057,Money Struggles,took the words right out of my mouth on cap,validation,relatable,11,2025-08-17,took the words right out of my mouth on cap,Relatable,0.9785,0.0
C00076_P057,P057,Money Struggles,literally my biography,validation,relatable,8,2025-08-17,literally my biography,Relatable,0.9825,0.34
C00077_P057,P057,Money Struggles,I'm going to pretend I didn't read this!!,validation,relatable,19,2025-08-17,i'm going to pretend i didn't read this!!,Relatable,0.9746,0.4
C00078_P057,P057,Money Struggles,this is me in one post lmao,validation,relatable,17,2025-08-17,this is me in one post lmao,Relatable,0.9694,0.34
C00079_P057,P057,Money Struggles,free followers in bio sis,generic,neutral,12,2025-08-17,free followers in bio sis,Neutral,0.0239,-0.68
C00080_P057,P057,Money Struggles,this is so me bhai,validation,relatable,13,2025-08-17,this is so me bhai,Relatable,0.9777,0.34
C00081_P057,P057,Money Struggles,haha!,generic,neutral,12,2025-08-17,haha!,Neutral,0.0245,0.2
C00082_P057,P057,Money Struggles,hello?? personal at this point ngl,validation,relatable,11,2025-08-17,hello personal at this point ngl,Relatable,0.9537,0.0
C00083_P057,P057,Money Struggles,🔥🔥 SIS,generic,neutral,6,2025-08-17,sis,Neutral,0.037,0.0
C00084_P057,P057,Money Struggles,I paused. sat down. processed. same. da,validation,relatable,10,2025-08-17,i paused sat down processed same da,Relatable,0.9561,0.34
C00085_P057,P057,Money Struggles,I LIVE THIS EVERY SINGLE DAY 😅,validation,relatable,12,2025-08-17,i live this every single day,Relatable,0.9365,0.0
C00086_P057,P057,Money Struggles,why does this feel personal istg,validation,relatable,12,2025-08-17,why does this feel personal istg,Relatable,0.9399,0.0
C00087_P057,P057,Money Struggles,cant even,ambiguous,relatable,10,2025-08-17,cant even,Neutral,0.4987,0.0
C00088_P057,P057,Money Struggles,OKAY BUT SAME,ambiguous,relatable,16,2025-08-17,okay but same,Neutral,0.4851,0.34
C00089_P057,P057,Money Struggles,yes because everyone does this obviously,sarcasm,neutral,8,2025-08-17,yes because everyone does this obviously,Neutral,0.0767,0.0
C00090_P057,P057,Money Struggles,award for most generic post goes to,sarcasm,neutral,11,2025-08-17,award for most generic post goes to,Neutral,0.0696,0.0
C00091_P057,P057,Money Struggles,gneuinely how do you know my life ngl,validation,relatable,12,2025-08-17,gneuinely how do you know my life ngl,Relatable,0.9097,0.0
C00092_P057,P057,Money Struggles,hello?? my last three years in one video,validation,relatable,12,2025-08-17,hello my last three years in one video,Relatable,0.9717,0.0
C00093_P057,P057,Money Struggles,I'm going to pretend I didn't read this lmao,validation,relatable,12,2025-08-17,i'm going to pretend i didn't read this lmao,Relatable,0.9768,0.0
C00094_P057,P057,Money Struggles,the way my biography,validation,relatable,9,2025-08-17,the way my biography,Relatable,0.9813,0.0
C00095_P057,P057,Money Struggles,i agree bro,generic,neutral,8,2025-08-17,i agree bro,Neutral,0.0377,0.0
C00096_P057,P057,Money Struggles,Rs.200 is not small when you have Rs.400,personal_story,relatable,12,2025-08-17,rs is not small when you have rs,Relatable,0.8715,0.0
C00097_P057,P057,Money Struggles,ok boomer,sarcasm,neutral,11,2025-08-17,ok boomer,Neutral,0.0538,0.0
C00098_P057,P057,Money Struggles,i relate to this too much 😭😭,validation,relatable,8,2025-08-17,i relate to this too much,Relatable,0.9599,0.0
C00099_P057,P057,Money Struggles,the algorithm finally did something right bro,generic,neutral,12,2025-08-17,the algorithm finally did something right bro,Neutral,0.0414,0.0
C00100_P057,P057,Money Struggles,congratulations you discovered being human,sarcasm,neutral,10,2025-08-17,congratulations you discovered being human,Neutral,0.0685,0.0
C00101_P057,P057,Money Struggles,stop describing me!!,validation,relatable,12,2025-08-17,stop describing me!!,Relatable,0.9611,0.4
C00102_P057,P057,Money Struggles,song name please? 👍,generic,neutral,14,2025-08-17,song name please,Neutral,0.019,-0.34
C00103_P057,P057,Money Struggles,I paused. sat down. processed. same. 🥲🥲,validation,relatable,8,2025-08-17,i paused sat down processed same,Relatable,0.9534,0.34
C00104_P057,P057,Money Struggles,keep it up !!,generic,neutral,5,2025-08-17,keep it up !!,Neutral,0.0382,0.4
C00105_P057,P057,Money Struggles,every frame is my biography yaar,validation,relatable,13,2025-08-17,every frame is my biography yaar,Relatable,0.9748,0.0
C00106_P057,P057,Money Struggles,this is literally me da,validation,relatable,12,2025-08-17,this is literally me da,Relatable,0.9737,0.68
C00107_P057,P057,Money Struggles,smooth transitions bro,generic,neutral,12,2025-08-17,smooth transitions bro,Neutral,0.0328,0.0
C00108_P057,P057,Money Struggles,who allowed you to expose me like this fr,validation,relatable,14,2025-08-17,who allowed you to expose me like this fr,Relatable,0.9681,0.34
C00109_P057,P057,Money Struggles,nice post,generic,neutral,13,2025-08-17,nice post,Neutral,0.0661,-0.34
C00110_P057,P057,Money Struggles,which app is this? :),generic,neutral,16,2025-08-17,which app is this,Neutral,0.025,-0.34
C00111_P057,P057,Money Struggles,I didn't consent to being exposed 😭,validation,relatable,11,2025-08-17,i didn't consent to being exposed,Relatable,0.9666,0.0
C00112_P057,P057,Money Struggles,hello?? personal at this point lmao,validation,relatable,11,2025-08-17,hello personal at this point lmao,Relatable,0.9652,0.0
C00113_P057,P057,Money Struggles,painfully accurate ?!,validation,relatable,10,2025-08-17,painfully accurate !,Relatable,0.9494,0.88
C00114_P057,P057,Money Struggles,every frame is my biography 💀,validation,relatable,8,2025-08-17,every frame is my biography,Relatable,0.9774,0.0
C00115_P057,P057,Money Struggles,free followers in bio!,generic,neutral,11,2025-08-17,free followers in bio!,Neutral,0.0357,-0.14
C00116_P057,P057,Money Struggles,personally attacked,ambiguous,neutral,9,2025-08-17,personally attacked,Neutral,0.238,0.34
C00117_P057,P057,Money Struggles,awesome work 🔥,generic,neutral,15,2025-08-17,awesome work,Neutral,0.0299,-0.34
C00118_P057,P057,Money Struggles,which app is this? 🔥,generic,neutral,11,2025-08-17,which app is this,Neutral,0.025,-0.34
C00119_P057,P057,Money Struggles,ok but the story of my life ?!,validation,relatable,11,2025-08-17,ok but the story of my life !,Relatable,0.9817,0.2
C00000_P058,P058,College & Hostel Life,growth service dm now,spam,neutral,12,2025-08-18,growth service dm now,Neutral,0.0928,-0.34
C00001_P058,P058,College & Hostel Life,but same though,ambiguous,neutral,14,2025-08-18,but same though,Neutral,0.3605,0.34
C00002_P058,P058,College & Hostel Life,do you take content requests?,question,neutral,14,2025-08-18,do you take content requests,Neutral,0.0476,0.0
C00003_P058,P058,College & Hostel Life,why is nobody talking about how accurate this is,ambiguous,neutral,12,2025-08-18,why is nobody talking about how accurate this is,Relatable,0.56,0.34
C00004_P058,P058,College & Hostel Life,lool ok 👍,generic,neutral,8,2025-08-18,lool ok,Neutral,0.175,0.0
C00005_P058,P058,College & Hostel Life,this is so me ?!,validation,relatable,14,2025-08-18,this is so me !,Relatable,0.9807,0.54
C00006_P058,P058,College & Hostel Life,our mess soup is just hot water with regret,personal_story,relatable,14,2025-08-18,our mess soup is just hot water with regret,Relatable,0.8672,0.0
C00007_P058,P058,College & Hostel Life,hurts but fair,ambiguous,neutral,8,2025-08-18,hurts but fair,Relatable,0.5599,0.34
C00008_P058,P058,College & Hostel Life,"why does this have no likes, underrated",question,neutral,13,2025-08-18,why does this have no likes underrated,Neutral,0.0679,0.0
C00009_P058,P058,College & Hostel Life,saved this for the next time it happens lmaoo,validation,relatable,9,2025-08-18,saved this for the next time it happens lmaoo,Relatable,0.9567,0.0
C00010_P058,P058,College & Hostel Life,nah exactly what I go through fr,validation,relatable,13,2025-08-18,nah exactly what i go through fr,Relatable,0.9658,0.34
C00011_P058,P058,College & Hostel Life,this is literally me no cap,validation,relatable,20,2025-08-18,this is literally me no cap,Relatable,0.979,0.68
C00012_P058,P058,College & Hostel Life,follow for follow?!,generic,neutral,6,2025-08-18,follow for follow !,Neutral,0.0253,-0.14
C00013_P058,P058,College & Hostel Life,🚀🚀 grow your account fast,spam,neutral,15,2025-08-18,grow your account fast,Neutral,0.1072,0.0
C00014_P058,P058,College & Hostel Life,cool edit,generic,neutral,12,2025-08-18,cool edit,Neutral,0.0241,-0.68
C00015_P058,P058,College & Hostel Life,took the words right out of my mouth 😅,validation,relatable,17,2025-08-18,took the words right out of my mouth,Relatable,0.9668,0.0
C00016_P058,P058,College & Hostel Life,excuse me my last three years in one video 😭,validation,relatable,10,2025-08-18,excuse me my last three years in one video,Relatable,0.9861,0.34
C00017_P058,P058,College & Hostel Life,excuse me me in one psot lmao,validation,relatable,14,2025-08-18,excuse me me in one psot lmao,Relatable,0.9631,0.34
C00018_P058,P058,College & Hostel Life,8am classes should be illegal,personal_story,relatable,6,2025-08-18,am classes should be illegal,Relatable,0.884,0.0
C00019_P058,P058,College & Hostel Life,nah exactly what I go through,validation,relatable,9,2025-08-18,nah exactly what i go through,Relatable,0.9582,0.34
C00020_P058,P058,College & Hostel Life,reading this at 3am was a mistake lmao,validation,relatable,6,2025-08-18,reading this at am was a mistake lmao,Relatable,0.9612,0.0
C00021_P058,P058,College & Hostel Life,real,ambiguous,relatable,17,2025-08-18,real,Relatable,0.5979,0.34
C00022_P058,P058,College & Hostel Life,bro exactly what i go through yaar,validation,relatable,13,2025-08-18,bro exactly what i go through yaar,Relatable,0.9384,0.34
C00023_P058,P058,College & Hostel Life,true 👍,generic,neutral,14,2025-08-18,true,Neutral,0.0084,0.34
C00000_P059,P059,Family Pressure,"found this page today, already binged veerything btw",generic,neutral,9,2025-08-19,found this page today already binged veerything btw,Neutral,0.0156,-0.34
C00001_P059,P059,Family Pressure,ok but my last three years in one video ngl,validation,relatable,10,2025-08-19,ok but my last three years in one video ngl,Relatable,0.9792,0.0
C00002_P059,P059,Family Pressure,I'm in this post and I don't like it istg,validation,relatable,9,2025-08-19,i'm in this post and i don't like it istg,Relatable,0.9654,0.0
C00003_P059,P059,Family Pressure,genuinely how do you know my life pls,validation,relatable,7,2025-08-19,genuinely how do you know my life pls,Relatable,0.9307,0.0
C00004_P059,P059,Family Pressure,"sent this to my best friend at 2am and she replied why is this us, I still have no answer yaar",validation,relatable,8,2025-08-19,sent this to my best friend at am and she replied why is this us i still have no answer yaar,Relatable,0.9504,0.0
C00005_P059,P059,Family Pressure,make one about first job interviews please,question,neutral,8,2025-08-19,make one about first job interviews please,Neutral,0.0366,0.0
C00000_P060,P060,Self-Image & Comparison,follow for follow? !!,generic,neutral,9,2025-08-21,follow for follow !!,Neutral,0.0253,0.06
C00001_P060,P060,Self-Image & Comparison,which app is this? :),generic,neutral,13,2025-08-21,which app is this,Neutral,0.025,-0.34
C00002_P060,P060,Self-Image & Comparison,not this again,ambiguous,relatable,9,2025-08-21,not this again,Neutral,0.285,0.0
C00003_P060,P060,Self-Image & Comparison,literally my biography 😅,validation,relatable,9,2025-08-21,literally my biography,Relatable,0.9825,0.34
C00000_P061,P061,Social Anxiety,when is part 2? 👍,generic,neutral,8,2025-08-22,when is part,Neutral,0.0285,-0.34
C00001_P061,P061,Social Anxiety,hmm,ambiguous,relatable,13,2025-08-22,hmm,Neutral,0.1748,0.0
C00002_P061,P061,Social Anxiety,i'm in this post and i don't like it,validation,relatable,8,2025-08-22,i'm in this post and i don't like it,Relatable,0.9555,0.0
C00003_P061,P061,Social Anxiety,sir this is my diary page bhai,validation,relatable,10,2025-08-22,sir this is my diary page bhai,Relatable,0.9634,-0.34
C00004_P061,P061,Social Anxiety,this is me in one post lmao,validation,relatable,14,2025-08-22,this is me in one post lmao,Relatable,0.9694,0.34
C00005_P061,P061,Social Anxiety,ok so my biography pls,validation,relatable,8,2025-08-22,ok so my biography pls,Relatable,0.961,0.0
C00006_P061,P061,Social Anxiety,im going to pretend i didn't read this lmao,validation,relatable,7,2025-08-22,im going to pretend i didn't read this lmao,Relatable,0.9632,0.0
C00007_P061,P061,Social Anxiety,my hands shake when the phone rings too,personal_story,relatable,11,2025-08-22,my hands shake when the phone rings too,Relatable,0.9051,0.0
C00008_P061,P061,Social Anxiety,ok but my whole life istg,validation,relatable,9,2025-08-22,ok but my whole life istg,Relatable,0.972,0.0
C00000_P062,P062,Dating & Situationships,awesome work,generic,neutral,11,2025-08-24,awesome work,Neutral,0.0299,-0.34
C00001_P062,P062,Dating & Situationships,"hold on, too real...",validation,relatable,7,2025-08-24,hold on too real,Relatable,0.8944,0.34
C00002_P062,P062,Dating & Situationships,"came here to laugh, stayed to confront myself fr fr",validation,relatable,10,2025-08-24,came here to laugh stayed to confront myself fr fr,Relatable,0.9793,0.34
C00003_P062,P062,Dating & Situationships,awesome owrk btw,generic,neutral,9,2025-08-24,awesome owrk btw,Neutral,0.027,-0.34
C00004_P062,P062,Dating & Situationships,this is so me,validation,relatable,14,2025-08-24,this is so me,Relatable,0.9807,0.34
C00005_P062,P062,Dating & Situationships,keep it up :),generic,neutral,6,2025-08-24,keep it up,Neutral,0.0382,0.0
C00006_P062,P062,Dating & Situationships,do a collab with us!,generic,neutral,10,2025-08-24,do a collab with us!,Neutral,0.0347,-0.14
C00007_P062,P062,Dating & Situationships,mine left me on delivered for 3 days 😭,personal_story,relatable,10,2025-08-24,mine left me on delivered for days,Relatable,0.9144,0.34
C00008_P062,P062,Dating & Situationships,when is part 2? !!,generic,neutral,13,2025-08-24,when is part !!,Neutral,0.0285,0.06
C00009_P062,P062,Dating & Situationships,the algorithm finally did something right 👍,generic,neutral,11,2025-08-24,the algorithm finally did something right,Neutral,0.0521,0.0
C00010_P062,P062,Dating & Situationships,it's too aaaccurate 🥲🥲,validation,relatable,12,2025-08-24,it's too aaccurate,Relatable,0.9029,0.0
C00011_P062,P062,Dating & Situationships,excuse me a documentary about me...,validation,relatable,13,2025-08-24,excuse me a documentary about me,Relatable,0.9768,0.34
C00012_P062,P062,Dating & Situationships,I'm going to pretend I didn't read this!!,validation,relatable,14,2025-08-24,i'm going to pretend i didn't read this!!,Relatable,0.9746,0.4
C00013_P062,P062,Dating & Situationships,superb bro,generic,neutral,9,2025-08-24,superb bro,Neutral,0.0385,0.0
C00014_P062,P062,Dating & Situationships,he said 'we'll see' and I said ok like a fool,personal_story,relatable,11,2025-08-24,he said 'we'll see' and i said ok like a fool,Relatable,0.8539,0.0
C00015_P062,P062,Dating & Situationships,where are you from?,question,neutral,14,2025-08-24,where are you from,Neutral,0.0668,0.0
C00016_P062,P062,Dating & Situationships,can we get a version with english subtitles?,question,neutral,18,2025-08-24,can we get a version with english subtitles,Neutral,0.0604,0.0
C00017_P062,P062,Dating & Situationships,nah the story of my life anna,validation,relatable,14,2025-08-24,nah the story of my life anna,Relatable,0.9832,0.0
C00018_P062,P062,Dating & Situationships,what camera do you use?,question,neutral,10,2025-08-24,what camera do you use,Neutral,0.0565,0.0
C00019_P062,P062,Dating & Situationships,i've never been so seen ?!,validation,relatable,8,2025-08-24,i've never been so seen !,Relatable,0.9208,0.54
C00020_P062,P062,Dating & Situationships,background music name?,generic,neutral,11,2025-08-24,background music name,Neutral,0.0226,-0.34
C00021_P062,P062,Dating & Situationships,literally me fr,validation,relatable,13,2025-08-24,literally me fr,Relatable,0.9868,0.68
C00022_P062,P062,Dating & Situationships,i relate to this too much!!,validation,relatable,11,2025-08-24,i relate to this too much!!,Relatable,0.9599,0.4
C00023_P062,P062,Dating & Situationships,ok but too real ong,validation,relatable,11,2025-08-24,ok but too real ong,Relatable,0.8942,0.34
C00024_P062,P062,Dating & Situationships,THIS IS SO ME 😭😭,validation,relatable,14,2025-08-24,this is so me,Relatable,0.9807,0.34
C00025_P062,P062,Dating & Situationships,do one about hostellers please,question,neutral,10,2025-08-24,do one about hostellers please,Neutral,0.0472,0.0
C00026_P062,P062,Dating & Situationships,took the words right out of my mouth ?!,validation,relatable,14,2025-08-24,took the words right out of my mouth !,Relatable,0.9668,0.2
C00027_P062,P062,Dating & Situationships,I've never been so seen ?!,validation,relatable,10,2025-08-24,i've never been so seen !,Relatable,0.9208,0.54
C00028_P062,P062,Dating & Situationships,what app is this?,question,neutral,9,2025-08-24,what app is this,Neutral,0.0518,-0.34
C00029_P062,P062,Dating & Situationships,I'm going to pretend I didn't read this bhai,validation,relatable,10,2025-08-24,i'm going to pretend i didn't read this bhai,Relatable,0.9815,0.0
C00030_P062,P062,Dating & Situationships,THE TIMING OF THIS POST IS SUSPICIOUS ?!,validation,relatable,13,2025-08-24,the timing of this post is suspicious !,Relatable,0.9637,0.2
C00031_P062,P062,Dating & Situationships,you read my diary fr fr,validation,relatable,7,2025-08-24,you read my diary fr fr,Relatable,0.9788,0.0
C00032_P062,P062,Dating & Situationships,smooth transitions !!,generic,neutral,8,2025-08-24,smooth transitions !!,Neutral,0.0534,0.4
C00033_P062,P062,Dating & Situationships,ok so too real 🥲🥲,validation,relatable,16,2025-08-24,ok so too real,Relatable,0.8527,0.34
C00034_P062,P062,Dating & Situationships,this is literally me fr fr,validation,relatable,8,2025-08-24,this is literally me fr fr,Relatable,0.985,0.68
C00035_P062,P062,Dating & Situationships,not to be dramatic but this post understood me better than my last three conversations...,validation,relatable,11,2025-08-24,not to be dramatic but this post understood me better than my last three conversations,Relatable,0.9465,0.68
C00036_P062,P062,Dating & Situationships,how long did this take to edit?,question,neutral,11,2025-08-24,how long did this take to edit,Neutral,0.0753,-0.34
C00037_P062,P062,Dating & Situationships,dm for promotions ++,generic,neutral,11,2025-08-24,dm for promotions,Neutral,0.0208,-0.34
C00038_P062,P062,Dating & Situationships,REAL,ambiguous,relatable,12,2025-08-24,real,Relatable,0.5979,0.34
C00039_P062,P062,Dating & Situationships,it's one thing to make a meme and another to describe my whole personality ?!,validation,relatable,9,2025-08-24,it's one thing to make a meme and another to describe my whole personality !,Relatable,0.9471,0.2
C00040_P062,P062,Dating & Situationships,the way a documentary about me anna,validation,relatable,11,2025-08-24,the way a documentary about me anna,Relatable,0.9778,0.34
C00041_P062,P062,Dating & Situationships,this generation and its labels istg,sarcasm,neutral,10,2025-08-24,this generation and its labels istg,Neutral,0.0996,0.0
C00042_P062,P062,Dating & Situationships,THE EDIT QUALITY IS INSANE MACHA,generic,neutral,12,2025-08-24,the edit quality is insane macha,Neutral,0.0165,-0.34
C00043_P062,P062,Dating & Situationships,this is the kind of post you save at 2am and rewatch when it happens again bhai,validation,relatable,8,2025-08-24,this is the kind of post you save at am and rewatch when it happens again bhai,Relatable,0.9428,0.0
C00044_P062,P062,Dating & Situationships,no because too accurate yaar,validation,relatable,11,2025-08-24,no because too accurate yaar,Relatable,0.9507,0.34
C00045_P062,P062,Dating & Situationships,sending this to the group chat with no context lol,validation,relatable,8,2025-08-24,sending this to the group chat with no context lol,Relatable,0.9597,0.0
C00046_P062,P062,Dating & Situationships,follow for follow? ++,generic,neutral,9,2025-08-24,follow for follow,Neutral,0.0253,-0.34
C00047_P062,P062,Dating & Situationships,I relate to this too much bhai,validation,relatable,8,2025-08-24,i relate to this too much bhai,Relatable,0.9586,0.0
C00048_P062,P062,Dating & Situationships,wow so rleatable 🙄,sarcasm,neutral,8,2025-08-24,wow so rleatable,Neutral,0.1391,0.0
C00049_P062,P062,Dating & Situationships,I showed this to my roommate and we just sat in silence for a miunte anna,validation,relatable,14,2025-08-24,i showed this to my roommate and we just sat in silence for a miunte anna,Relatable,0.9357,0.34
C00050_P062,P062,Dating & Situationships,literally my whole life ngl,validation,relatable,9,2025-08-24,literally my whole life ngl,Relatable,0.984,0.34
C00051_P062,P062,Dating & Situationships,why is this my whole life lol,validation,relatable,15,2025-08-24,why is this my whole life lol,Relatable,0.9802,0.0
C00052_P062,P062,Dating & Situationships,yes because everyone does this obviously,sarcasm,neutral,17,2025-08-24,yes because everyone does this obviously,Neutral,0.0767,0.0
C00053_P062,P062,Dating & Situationships,this is my 13th reason (affectionate),ambiguous,neutral,11,2025-08-24,this is my th reason affectionate,Neutral,0.4951,0.0
C00054_P062,P062,Dating & Situationships,background music name?!,generic,neutral,8,2025-08-24,background music name !,Neutral,0.0226,-0.14
C00055_P062,P062,Dating & Situationships,kinda yes,ambiguous,neutral,10,2025-08-24,kinda yes,Relatable,0.7286,0.0
C00056_P062,P062,Dating & Situationships,I felt that ngl,validation,relatable,13,2025-08-24,i felt that ngl,Relatable,0.9602,0.34
C00057_P062,P062,Dating & Situationships,I relate to this too much...,validation,relatable,10,2025-08-24,i relate to this too much,Relatable,0.9599,0.0
C00058_P062,P062,Dating & Situationships,part 3 when?,question,neutral,7,2025-08-24,part when,Neutral,0.0328,-0.34
C00059_P062,P062,Dating & Situationships,underrated page fr !!,generic,neutral,11,2025-08-24,underrated page fr !!,Neutral,0.0312,0.06
C00060_P062,P062,Dating & Situationships,wait exactly what I go through 😅,validation,relatable,14,2025-08-24,wait exactly what i go through,Relatable,0.9527,0.34
C00061_P062,P062,Dating & Situationships,instagram therapists at it again,sarcasm,neutral,13,2025-08-24,instagram therapists at it again,Neutral,0.0944,0.0
C00062_P062,P062,Dating & Situationships,"another relatable page, how original",sarcasm,neutral,8,2025-08-24,another relatable page how original,Neutral,0.0229,0.0
C00063_P062,P062,Dating & Situationships,literally my last three years in one video ong,validation,relatable,12,2025-08-24,literally my last three years in one video ong,Relatable,0.977,0.34
C00064_P062,P062,Dating & Situationships,that hit close to home 😭,validation,relatable,8,2025-08-24,that hit close to home,Relatable,0.9468,0.34
C00065_P062,P062,Dating & Situationships,this is so me 😅,validation,relatable,8,2025-08-24,this is so me,Relatable,0.9807,0.34
C00066_P062,P062,Dating & Situationships,I paused. sat down. processed. samee!!,validation,relatable,14,2025-08-24,i paused sat down processed samee!!,Relatable,0.9384,0.4
C00067_P062,P062,Dating & Situationships,uncomfortably accurate,ambiguous,neutral,9,2025-08-24,uncomfortably accurate,Neutral,0.1746,0.34
C00068_P062,P062,Dating & Situationships,NO LITERALLY,ambiguous,relatable,9,2025-08-24,no literally,Neutral,0.3675,0.34
C00069_P062,P062,Dating & Situationships,this hit,ambiguous,neutral,2,2025-08-24,this hit,Neutral,0.1016,0.0
C00070_P062,P062,Dating & Situationships,sir this is my diary page no cap,validation,relatable,14,2025-08-24,sir this is my diary page no cap,Relatable,0.9709,-0.34
C00071_P062,P062,Dating & Situationships,sir this is my diary page,validation,relatable,13,2025-08-24,sir this is my diary page,Relatable,0.9648,-0.34
C00072_P062,P062,Dating & Situationships,"why does this have no likes, underrated",question,neutral,12,2025-08-24,why does this have no likes underrated,Neutral,0.0679,0.0
C00073_P062,P062,Dating & Situationships,lol ok,generic,neutral,13,2025-08-24,lol ok,Neutral,0.0618,0.0
C00074_P062,P062,Dating & Situationships,award for most generic post goes to,sarcasm,neutral,8,2025-08-24,award for most generic post goes to,Neutral,0.0696,0.0
C00075_P062,P062,Dating & Situationships,deep. very deep.,sarcasm,neutral,10,2025-08-24,deep very deep,Neutral,0.0437,0.0
C00076_P062,P062,Dating & Situationships,this speaks for my whole generation 😅,validation,relatable,10,2025-08-24,this speaks for my whole generation,Relatable,0.9631,0.0
C00077_P062,P062,Dating & Situationships,not me a documentary about me 😭😭,validation,relatable,7,2025-08-24,not me a documentary about me,Relatable,0.9836,0.34
C00078_P062,P062,Dating & Situationships,ok so personal at this point anna,validation,relatable,11,2025-08-24,ok so personal at this point anna,Relatable,0.9555,0.0
C00079_P062,P062,Dating & Situationships,mood.,ambiguous,relatable,15,2025-08-24,mood,Neutral,0.3889,0.0
C00080_P062,P062,Dating & Situationships,make one about first job interviews please,question,neutral,6,2025-08-24,make one about first job interviews please,Neutral,0.0366,0.0
C00081_P062,P062,Dating & Situationships,I shoewd this to my roommate and we just sat in silence for a minute!!,validation,relatable,9,2025-08-24,i shoewd this to my roommate and we just sat in silence for a minute!!,Relatable,0.9181,0.74
C00082_P062,P062,Dating & Situationships,awesome work 🔥,generic,neutral,8,2025-08-24,awesome work,Neutral,0.0299,-0.34
C00083_P062,P062,Dating & Situationships,"hold on, screenshot of my head fr fr",validation,relatable,9,2025-08-24,hold on screenshot of my head fr fr,Relatable,0.9846,0.0
C00084_P062,P062,Dating & Situationships,this is literally me 🥲🥲,validation,relatable,15,2025-08-24,this is literally me,Relatable,0.9766,0.68
C00085_P062,P062,Dating & Situationships,saved this for the next time it happens,validation,relatable,10,2025-08-24,saved this for the next time it happens,Relatable,0.95,0.0
C00086_P062,P062,Dating & Situationships,why does this feel personal ong,validation,relatable,10,2025-08-24,why does this feel personal ong,Relatable,0.9605,0.0
C00087_P062,P062,Dating & Situationships,i'm in this post and i don't like it 🥲🥲,validation,relatable,13,2025-08-24,i'm in this post and i don't like it,Relatable,0.9555,0.0
C00088_P062,P062,Dating & Situationships,"sure, totally me",sarcasm,neutral,8,2025-08-24,sure totally me,Neutral,0.0829,0.34
C00089_P062,P062,Dating & Situationships,i didn't consent to being exposed 🥲,validation,relatable,11,2025-08-24,i didn't consent to being exposed,Relatable,0.9666,0.0
C00090_P062,P062,Dating & Situationships,"came here to laugh, stayed to confront myself yaar",validation,relatable,10,2025-08-24,came here to laugh stayed to confront myself yaar,Relatable,0.9683,0.34
C00091_P062,P062,Dating & Situationships,ok but my everyday routine 💀,validation,relatable,11,2025-08-24,ok but my everyday routine,Relatable,0.9527,0.0
C00092_P062,P062,Dating & Situationships,painfully accurate istg,validation,relatable,22,2025-08-24,painfully accurate istg,Relatable,0.9221,0.68
C00093_P062,P062,Dating & Situationships,I'm in this post and I don't like it 😭,validation,relatable,13,2025-08-24,i'm in this post and i don't like it,Relatable,0.9555,0.0
C00094_P062,P062,Dating & Situationships,fr personal at this point lmaoo,validation,relatable,10,2025-08-24,fr personal at this point lmaoo,Relatable,0.9646,0.0
C00095_P062,P062,Dating & Situationships,😍 ++,generic,neutral,14,2025-08-24,,Neutral,0.2792,0.0
C00096_P062,P062,Dating & Situationships,TOOK THE WORDS RIGHT OUT OF MY MOUTH 😅,validation,relatable,8,2025-08-24,took the words right out of my mouth,Relatable,0.9668,0.0
C00097_P062,P062,Dating & Situationships,wait my whole life!!,validation,relatable,6,2025-08-24,wait my whole life!!,Relatable,0.9816,0.4
C00098_P062,P062,Dating & Situationships,when is part 2? macha,generic,neutral,8,2025-08-24,when is part macha,Neutral,0.0134,-0.34
C00099_P062,P062,Dating & Situationships,which app is this? ++,generic,neutral,9,2025-08-24,which app is this,Neutral,0.025,-0.34
C00100_P062,P062,Dating & Situationships,your page will blow up 🔥,generic,neutral,11,2025-08-24,your page will blow up,Neutral,0.0171,-0.34
C00101_P062,P062,Dating & Situationships,is that your real voice?,question,neutral,12,2025-08-24,is that your real voice,Neutral,0.1107,0.34
C00102_P062,P062,Dating & Situationships,no because my brain on a normal tuesday yaar,validation,relatable,15,2025-08-24,no because my brain on a normal tuesday yaar,Relatable,0.9696,0.0
C00103_P062,P062,Dating & Situationships,any tips for the 2am version of this?,question,neutral,11,2025-08-24,any tips for the am version of this,Neutral,0.104,-0.34
C00104_P062,P062,Dating & Situationships,hello?? screenshot of my head ngl,validation,relatable,11,2025-08-24,hello screenshot of my head ngl,Relatable,0.9659,0.0
C00105_P062,P062,Dating & Situationships,the timing of this post is suspicious!!,validation,relatable,6,2025-08-24,the timing of this post is suspicious!!,Relatable,0.9637,0.4
C00106_P062,P062,Dating & Situationships,"found this page today, already binged everything bro",generic,neutral,6,2025-08-24,found this page today already binged everything bro,Neutral,0.0201,-0.34
C00107_P062,P062,Dating & Situationships,when is part 2? ++,generic,neutral,11,2025-08-24,when is part,Neutral,0.0285,-0.34
C00108_P062,P062,Dating & Situationships,😍 bro,generic,neutral,10,2025-08-24,bro,Neutral,0.0594,0.0
C00109_P062,P062,Dating & Situationships,not this again,ambiguous,relatable,14,2025-08-24,not this again,Neutral,0.285,0.0
C00110_P062,P062,Dating & Situationships,the algorithm finally did something right sis,generic,neutral,8,2025-08-24,the algorithm finally did something right sis,Neutral,0.0362,0.0
C00111_P062,P062,Dating & Situationships,PART 2 PLEASE?,question,neutral,5,2025-08-24,part please,Neutral,0.0278,-0.34
C00112_P062,P062,Dating & Situationships,THIS IS SO ME BHAI,validation,relatable,10,2025-08-24,this is so me bhai,Relatable,0.9777,0.34
C00113_P062,P062,Dating & Situationships,dm for promotions :),generic,neutral,9,2025-08-24,dm for promotions,Neutral,0.0208,-0.34
C00114_P062,P062,Dating & Situationships,check my page bro,generic,neutral,6,2025-08-24,check my page bro,Neutral,0.0282,-0.68
C00115_P062,P062,Dating & Situationships,"hold on, my biography 💀",validation,relatable,13,2025-08-24,hold on my biography,Relatable,0.9752,0.0
C00116_P062,P062,Dating & Situationships,the way personal at this point 😅,validation,relatable,7,2025-08-24,the way personal at this point,Relatable,0.9654,0.0
C00117_P062,P062,Dating & Situationships,I've never been so seen anna,validation,relatable,12,2025-08-24,i've never been so seen anna,Relatable,0.9445,0.34
C00118_P062,P062,Dating & Situationships,first comment sis,generic,neutral,9,2025-08-24,first comment sis,Neutral,0.0217,0.0
C00119_P062,P062,Dating & Situationships,no because my last three years in one video bhai,validation,relatable,8,2025-08-24,no because my last three years in one video bhai,Relatable,0.9706,0.0
C00000_P063,P063,Money Struggles,"found this page today, already binged everything :)",generic,neutral,13,2025-08-25,found this page today already binged everything,Neutral,0.0228,-0.34
C00001_P063,P063,Money Struggles,hello?? my last three years in one video 😭,validation,relatable,9,2025-08-25,hello my last three years in one video,Relatable,0.9717,0.0
C00002_P063,P063,Money Struggles,literally my biography istg,validation,relatable,12,2025-08-25,literally my biography istg,Relatable,0.9674,0.34
C00003_P063,P063,Money Struggles,ok so literally me 💀,validation,relatable,11,2025-08-25,ok so literally me,Relatable,0.9614,0.68
C00004_P063,P063,Money Struggles,saved this for the next time it happens...,validation,relatable,15,2025-08-25,saved this for the next time it happens,Relatable,0.95,0.0
C00005_P063,P063,Money Struggles,check my page!,generic,neutral,10,2025-08-25,check my page!,Neutral,0.0322,-0.14
C00006_P063,P063,Money Struggles,this is me in one post 🥲,validation,relatable,6,2025-08-25,this is me in one post,Relatable,0.9681,0.34
C00007_P063,P063,Money Struggles,cool edit macha,generic,neutral,5,2025-08-25,cool edit macha,Neutral,0.0107,-0.68
C00008_P063,P063,Money Struggles,underrated page fr,generic,neutral,14,2025-08-25,underrated page fr,Neutral,0.0312,-0.34
C00000_P064,P064,College & Hostel Life,love this page 🔥,generic,neutral,15,2025-08-26,love this page,Neutral,0.0197,-0.34
C00001_P064,P064,College & Hostel Life,THIS IS JUST BASIC PSYCHOLOGY,sarcasm,neutral,9,2025-08-26,this is just basic psychology,Neutral,0.0677,0.0
C00002_P064,P064,College & Hostel Life,sir this is my diary page 💀,validation,relatable,12,2025-08-26,sir this is my diary page,Relatable,0.9648,-0.34
C00003_P064,P064,College & Hostel Life,our mess soup is just hot water with regret,personal_story,relatable,12,2025-08-26,our mess soup is just hot water with regret,Relatable,0.8672,0.0
C00004_P064,P064,College & Hostel Life,"sent this to my best friend at 2am and she replied why is this us, I still have no answer 🥲",validation,relatable,9,2025-08-26,sent this to my best friend at am and she replied why is this us i still have no answer,Relatable,0.9388,0.0
C00005_P064,P064,College & Hostel Life,deserves way more likes sis,generic,neutral,14,2025-08-26,deserves way more likes sis,Neutral,0.0249,0.0
C00006_P064,P064,College & Hostel Life,🔥🔥 btw,generic,neutral,16,2025-08-26,btw,Neutral,0.0307,0.0
C00007_P064,P064,College & Hostel Life,background music name? 👍,generic,neutral,14,2025-08-26,background music name,Neutral,0.0226,-0.34
C00008_P064,P064,College & Hostel Life,reporting this for personal damage...,validation,relatable,13,2025-08-26,reporting this for personal damage,Relatable,0.9503,0.0
C00009_P064,P064,College & Hostel Life,the timing of this post is suspicious ong,validation,relatable,9,2025-08-26,the timing of this post is suspicious ong,Relatable,0.9755,0.0
C00010_P064,P064,College & Hostel Life,how are you so consistent with posting?,question,neutral,9,2025-08-26,how are you so consistent with posting,Neutral,0.0712,0.0
C00011_P064,P064,College & Hostel Life,ok so a documentary about me fr fr,validation,relatable,16,2025-08-26,ok so a documentary about me fr fr,Relatable,0.9806,0.34
C00012_P064,P064,College & Hostel Life,8am classes should be illegal,personal_story,relatable,4,2025-08-26,am classes should be illegal,Relatable,0.884,0.0
C00013_P064,P064,College & Hostel Life,ok this is a mood,ambiguous,neutral,12,2025-08-26,ok this is a mood,Neutral,0.3186,0.0
C00014_P064,P064,College & Hostel Life,why is nobody talking about how accurate this is,ambiguous,relatable,12,2025-08-26,why is nobody talking about how accurate this is,Relatable,0.56,0.34
C00015_P064,P064,College & Hostel Life,song name please? :),generic,neutral,12,2025-08-26,song name please,Neutral,0.019,-0.34
C00016_P064,P064,College & Hostel Life,"why did this describe my entire existence in 30 seconds, i'm filing a complaint no cap",validation,relatable,18,2025-08-26,why did this describe my entire existence in seconds i'm filing a complaint no cap,Relatable,0.9426,0.0
C00017_P064,P064,College & Hostel Life,saved this for the next time it happens yaar,validation,relatable,9,2025-08-26,saved this for the next time it happens yaar,Relatable,0.9538,0.0
C00018_P064,P064,College & Hostel Life,🔥🔥 ++,generic,neutral,9,2025-08-26,,Neutral,0.2792,0.0
C00019_P064,P064,College & Hostel Life,so true ++,generic,neutral,7,2025-08-26,so true,Neutral,0.0315,0.34
C00020_P064,P064,College & Hostel Life,BRO IT ME ONG,validation,relatable,10,2025-08-26,bro it me ong,Relatable,0.9243,0.34
C00021_P064,P064,College & Hostel Life,collab? dm us,spam,neutral,9,2025-08-26,collab dm us,Neutral,0.0504,-0.68
C00022_P064,P064,College & Hostel Life,check dm,spam,neutral,10,2025-08-26,check dm,Neutral,0.0206,-0.68
C00023_P064,P064,College & Hostel Life,can we egt a version with english subtitles?,question,neutral,14,2025-08-26,can we egt a version with english subtitles,Neutral,0.0772,0.0
C00024_P064,P064,College & Hostel Life,do a collab with us 🔥,generic,neutral,15,2025-08-26,do a collab with us,Neutral,0.0347,-0.34
C00025_P064,P064,College & Hostel Life,please check my new page 🙏,spam,neutral,8,2025-08-26,please check my new page,Neutral,0.065,-0.68
C00026_P064,P064,College & Hostel Life,growth service dm now,spam,neutral,10,2025-08-26,growth service dm now,Neutral,0.0928,-0.34
C00027_P064,P064,College & Hostel Life,took the words right out of my mouth,validation,relatable,15,2025-08-26,took the words right out of my mouth,Relatable,0.9668,0.0
C00028_P064,P064,College & Hostel Life,posted at the right time!,generic,neutral,6,2025-08-26,posted at the right time!,Neutral,0.0522,0.2
C00029_P064,P064,College & Hostel Life,I'm going to pretend I didn't read this!!,validation,relatable,7,2025-08-26,i'm going to pretend i didn't read this!!,Relatable,0.9746,0.4
C00030_P064,P064,College & Hostel Life,every frame is my biography,validation,relatable,8,2025-08-26,every frame is my biography,Relatable,0.9774,0.0
C00031_P064,P064,College & Hostel Life,a mood,ambiguous,neutral,11,2025-08-26,a mood,Neutral,0.3889,0.0
C00032_P064,P064,College & Hostel Life,i relate to this too much 🥲🥲,validation,relatable,8,2025-08-26,i relate to this too much,Relatable,0.9599,0.0
C00033_P064,P064,College & Hostel Life,I felt that lol,validation,relatable,17,2025-08-26,i felt that lol,Relatable,0.9333,0.34
C00034_P064,P064,College & Hostel Life,the algorithm finally did something right 🔥,generic,neutral,10,2025-08-26,the algorithm finally did something right,Neutral,0.0521,0.0
C00035_P064,P064,College & Hostel Life,stating the obvious since 2020,sarcasm,neutral,11,2025-08-26,stating the obvious since,Neutral,0.0468,0.0
C00036_P064,P064,College & Hostel Life,I agree,generic,neutral,9,2025-08-26,i agree,Neutral,0.0316,0.0
C00037_P064,P064,College & Hostel Life,ok but my brain on a normal tuesday 😭,validation,relatable,10,2025-08-26,ok but my brain on a normal tuesday,Relatable,0.9593,0.0
C00038_P064,P064,College & Hostel Life,reporting this for personal damage fr,validation,relatable,12,2025-08-26,reporting this for personal damage fr,Relatable,0.9614,0.0
C00039_P064,P064,College & Hostel Life,keep it up btw,generic,neutral,13,2025-08-26,keep it up btw,Neutral,0.0227,0.0
C00040_P064,P064,College & Hostel Life,ok so my brain on a normal tuesday 😅,validation,relatable,13,2025-08-26,ok so my brain on a normal tuesday,Relatable,0.9596,0.0
C00041_P064,P064,College & Hostel Life,wow so relatable 🙄,sarcasm,neutral,11,2025-08-26,wow so relatable,Neutral,0.0446,0.34
C00042_P064,P064,College & Hostel Life,love this page btw,generic,neutral,15,2025-08-26,love this page btw,Neutral,0.0138,-0.34
C00043_P064,P064,College & Hostel Life,i'm in this post and i don't like it lmaoo,validation,relatable,13,2025-08-26,i'm in this post and i don't like it lmaoo,Relatable,0.9689,0.0
C00044_P064,P064,College & Hostel Life,sending this to the group chat with no context da,validation,relatable,13,2025-08-26,sending this to the group chat with no context da,Relatable,0.9688,0.0
C00045_P064,P064,College & Hostel Life,true,generic,neutral,6,2025-08-26,true,Neutral,0.0084,0.34
C00046_P064,P064,College & Hostel Life,ok so screenshot of my head lol,validation,relatable,4,2025-08-26,ok so screenshot of my head lol,Relatable,0.9698,0.0
C00047_P064,P064,College & Hostel Life,follow for follow? !!,generic,neutral,8,2025-08-26,follow for follow !!,Neutral,0.0253,0.06
C00048_P064,P064,College & Hostel Life,sir this is my diary page bhai,validation,relatable,12,2025-08-26,sir this is my diary page bhai,Relatable,0.9634,-0.34
C00049_P064,P064,College & Hostel Life,personally attacked,ambiguous,relatable,10,2025-08-26,personally attacked,Neutral,0.238,0.34
C00050_P064,P064,College & Hostel Life,lol ok macha,generic,neutral,10,2025-08-26,lol ok macha,Neutral,0.0371,0.0
C00051_P064,P064,College & Hostel Life,dm for promotions!,generic,neutral,14,2025-08-26,dm for promotions!,Neutral,0.0208,-0.14
C00052_P064,P064,College & Hostel Life,this is my biography lol,validation,relatable,15,2025-08-26,this is my biography lol,Relatable,0.9744,0.0
C00053_P064,P064,College & Hostel Life,background music name?,generic,neutral,15,2025-08-26,background music name,Neutral,0.0226,-0.34
C00000_P065,P065,Family Pressure,took the words right out of my mouth lmaoo,validation,relatable,10,2025-08-28,took the words right out of my mouth lmaoo,Relatable,0.9689,0.0
C00001_P065,P065,Family Pressure,"hold on, my last three years in one video lmaoo",validation,relatable,14,2025-08-28,hold on my last three years in one video lmaoo,Relatable,0.9782,0.0
C00002_P065,P065,Family Pressure,no because personal at this point fr,validation,relatable,7,2025-08-28,no because personal at this point fr,Relatable,0.9587,0.0
C00003_P065,P065,Family Pressure,this speaks for my whole generation 🥲,validation,relatable,13,2025-08-28,this speaks for my whole generation,Relatable,0.9631,0.0
C00004_P065,P065,Family Pressure,make one about first job interviews please,question,neutral,11,2025-08-28,make one about first job interviews please,Neutral,0.0366,0.0
C00005_P065,P065,Family Pressure,ok but too real anna,validation,relatable,9,2025-08-28,ok but too real anna,Relatable,0.8822,0.34
C00006_P065,P065,Family Pressure,okay but same,ambiguous,relatable,11,2025-08-28,okay but same,Neutral,0.4851,0.34
C00007_P065,P065,Family Pressure,true that ++,generic,neutral,9,2025-08-28,true that,Neutral,0.0249,0.34
C00008_P065,P065,Family Pressure,why does this feel personal istg,validation,relatable,11,2025-08-28,why does this feel personal istg,Relatable,0.9399,0.0
C00009_P065,P065,Family Pressure,this is exactly what I go through pls,validation,relatable,10,2025-08-28,this is exactly what i go through pls,Relatable,0.9591,0.34
C00010_P065,P065,Family Pressure,this hit,ambiguous,neutral,8,2025-08-28,this hit,Neutral,0.1016,0.0
C00011_P065,P065,Family Pressure,who allowed you to expose me like this lmaoo,validation,relatable,7,2025-08-28,who allowed you to expose me like this lmaoo,Relatable,0.965,0.34
C00000_P066,P066,Self-Image & Comparison,unfortunately yes,ambiguous,neutral,15,2025-08-29,unfortunately yes,Relatable,0.5491,0.0
C00001_P066,P066,Self-Image & Comparison,watched this five times already lmao,validation,relatable,10,2025-08-29,watched this five times already lmao,Relatable,0.9569,0.0
C00002_P066,P066,Self-Image & Comparison,sending this to the group chat with no context istg,validation,relatable,9,2025-08-29,sending this to the group chat with no context istg,Relatable,0.9587,0.0
C00003_P066,P066,Self-Image & Comparison,first comment 👍,generic,neutral,5,2025-08-29,first comment,Neutral,0.0263,0.0
C00004_P066,P066,Self-Image & Comparison,"uninstalled Instagram twice, reinstalled in a day",personal_story,relatable,14,2025-08-29,uninstalled instagram twice reinstalled in a day,Relatable,0.8956,0.0
C00005_P066,P066,Self-Image & Comparison,what camera do you use?,question,neutral,13,2025-08-29,what camera do you use,Neutral,0.0565,0.0
C00006_P066,P066,Self-Image & Comparison,CONGRATULATIONS YOU DISCOVERED BEING HUMAN,sarcasm,neutral,7,2025-08-29,congratulations you discovered being human,Neutral,0.0685,0.0
C00007_P066,P066,Self-Image & Comparison,make one about first job interviews please,question,neutral,11,2025-08-29,make one about first job interviews please,Neutral,0.0366,0.0
C00008_P066,P066,Self-Image & Comparison,ok so literally me no cap,validation,relatable,10,2025-08-29,ok so literally me no cap,Relatable,0.9732,0.68
C00009_P066,P066,Self-Image & Comparison,exactly this,ambiguous,relatable,7,2025-08-29,exactly this,Relatable,0.5504,0.34
C00010_P066,P066,Self-Image & Comparison,not me my whole life,validation,relatable,17,2025-08-29,not me my whole life,Relatable,0.9949,0.34
C00011_P066,P066,Self-Image & Comparison,cant even,ambiguous,relatable,8,2025-08-29,cant even,Neutral,0.4987,0.0
C00012_P066,P066,Self-Image & Comparison,awesome work,generic,neutral,6,2025-08-29,awesome work,Neutral,0.0299,-0.34
C00013_P066,P066,Self-Image & Comparison,the way my everyday routine!!,validation,relatable,11,2025-08-29,the way my everyday routine!!,Relatable,0.9714,0.4
C00014_P066,P066,Self-Image & Comparison,excuse me my everyday routine fr,validation,relatable,13,2025-08-29,excuse me my everyday routine fr,Relatable,0.9828,0.34
C00015_P066,P066,Self-Image & Comparison,nice post :),generic,neutral,6,2025-08-29,nice post,Neutral,0.0661,-0.34
C00016_P066,P066,Self-Image & Comparison,it's too accurate 😭,validation,relatable,12,2025-08-29,it's too accurate,Relatable,0.9825,0.34
C00017_P066,P066,Self-Image & Comparison,this is the story of my life ngl,validation,relatable,11,2025-08-29,this is the story of my life ngl,Relatable,0.9829,0.0
C00018_P066,P066,Self-Image & Comparison,hmm,ambiguous,relatable,7,2025-08-29,hmm,Neutral,0.1748,0.0
C00019_P066,P066,Self-Image & Comparison,this is just basic psychology,sarcasm,neutral,8,2025-08-29,this is just basic psychology,Neutral,0.0677,0.0
C00020_P066,P066,Self-Image & Comparison,I'm in this post and I don't like it,validation,relatable,11,2025-08-29,i'm in this post and i don't like it,Relatable,0.9555,0.0
C00021_P066,P066,Self-Image & Comparison,the way so me lmaoo,validation,relatable,9,2025-08-29,the way so me lmaoo,Relatable,0.9768,0.34
C00022_P066,P066,Self-Image & Comparison,why is nobody talking about how accurate this is,ambiguous,neutral,16,2025-08-29,why is nobody talking about how accurate this is,Relatable,0.56,0.34
C00023_P066,P066,Self-Image & Comparison,underrated page fr,generic,neutral,13,2025-08-29,underrated page fr,Neutral,0.0312,-0.34
C00024_P066,P066,Self-Image & Comparison,part 3 when?,question,neutral,17,2025-08-29,part when,Neutral,0.0328,-0.34
C00025_P066,P066,Self-Image & Comparison,this is literally me 😭😭,validation,relatable,9,2025-08-29,this is literally me,Relatable,0.9766,0.68
C00026_P066,P066,Self-Image & Comparison,"found this page tooday, already binged everything !!",generic,neutral,17,2025-08-29,found this page tooday already binged everything !!,Neutral,0.0298,0.06
C00027_P066,P066,Self-Image & Comparison,how long did this take to edit?,question,neutral,10,2025-08-29,how long did this take to edit,Neutral,0.0753,-0.34
C00028_P066,P066,Self-Image & Comparison,hello?? literally me 😅,validation,relatable,10,2025-08-29,hello literally me,Relatable,0.9694,0.68
C00029_P066,P066,Self-Image & Comparison,which college is this?,question,neutral,6,2025-08-29,which college is this,Neutral,0.0804,0.0
C00030_P066,P066,Self-Image & Comparison,"came here to laugh, stayed to confront myself 🥲🥲",validation,relatable,6,2025-08-29,came here to laugh stayed to confront myself,Relatable,0.9669,0.34
C00031_P066,P066,Self-Image & Comparison,I'm in this post and I don't like it da,validation,relatable,12,2025-08-29,i'm in this post and i don't like it da,Relatable,0.9689,0.0
C00032_P066,P066,Self-Image & Comparison,the way my everyday routine 🥲,validation,relatable,10,2025-08-29,the way my everyday routine,Relatable,0.9714,0.0
C00033_P066,P066,Self-Image & Comparison,"hold on, my last three years in one video 😭",validation,relatable,9,2025-08-29,hold on my last three years in one video,Relatable,0.9776,0.0
C00034_P066,P066,Self-Image & Comparison,the edit quality is insane,generic,neutral,12,2025-08-29,the edit quality is insane,Neutral,0.0239,-0.34
C00035_P066,P066,Self-Image & Comparison,background music name? bro,generic,neutral,9,2025-08-29,background music name bro,Neutral,0.0219,-0.34
C00036_P066,P066,Self-Image & Comparison,it's too accurate,validation,relatable,11,2025-08-29,it's too accurate,Relatable,0.9825,0.34
C00037_P066,P066,Self-Image & Comparison,first comment!,generic,neutral,10,2025-08-29,first comment!,Neutral,0.0263,0.2
C00038_P066,P066,Self-Image & Comparison,"another relatable paaage, how original",sarcasm,neutral,14,2025-08-29,another relatable paage how original,Neutral,0.0513,0.34
C00039_P066,P066,Self-Image & Comparison,reading this at 3am was a mistake!!,validation,relatable,14,2025-08-29,reading this at am was a mistake!!,Relatable,0.9542,0.4
C00040_P066,P066,Self-Image & Comparison,why is this my biography...,validation,relatable,11,2025-08-29,why is this my biography,Relatable,0.9689,0.0
C00041_P066,P066,Self-Image & Comparison,"sure, totally me",sarcasm,neutral,10,2025-08-29,sure totally me,Neutral,0.0829,0.34
C00042_P066,P066,Self-Image & Comparison,instagram therapists at it again,sarcasm,neutral,10,2025-08-29,instagram therapists at it again,Neutral,0.0944,0.0
C00043_P066,P066,Self-Image & Comparison,why does this feel personal!!,validation,relatable,13,2025-08-29,why does this feel personal!!,Relatable,0.9388,0.4
C00044_P066,P066,Self-Image & Comparison,"found this page today, already binged everything bro",generic,neutral,9,2025-08-29,found this page today already binged everything bro,Neutral,0.0201,-0.34
C00045_P066,P066,Self-Image & Comparison,🔥🔥 🔥,generic,neutral,8,2025-08-29,,Neutral,0.2792,0.0
C00046_P066,P066,Self-Image & Comparison,personally attacked,ambiguous,neutral,7,2025-08-29,personally attacked,Neutral,0.238,0.34
C00047_P066,P066,Self-Image & Comparison,i agree macha,generic,neutral,10,2025-08-29,i agree macha,Neutral,0.0258,0.0
C00048_P066,P066,Self-Image & Comparison,can you make one about exams?,question,neutral,11,2025-08-29,can you make one about exams,Neutral,0.0733,0.0
C00049_P066,P066,Self-Image & Comparison,seen.,ambiguous,neutral,14,2025-08-29,seen,Neutral,0.4816,0.34
C00050_P066,P066,Self-Image & Comparison,sir this is my diary page lmao,validation,relatable,8,2025-08-29,sir this is my diary page lmao,Relatable,0.9772,-0.34
C00051_P066,P066,Self-Image & Comparison,nah my everyday routine ong,validation,relatable,10,2025-08-29,nah my everyday routine ong,Relatable,0.9727,0.0
C00052_P066,P066,Self-Image & Comparison,which app is this? 👍,generic,neutral,13,2025-08-29,which app is this,Neutral,0.025,-0.34
C00053_P066,P066,Self-Image & Comparison,no because a documentary about me ?!,validation,relatable,14,2025-08-29,no because a documentary about me !,Relatable,0.9606,0.54
C00054_P066,P066,Self-Image & Comparison,I paused. sat down. processed. same.,validation,relatable,10,2025-08-29,i paused sat down processed same,Relatable,0.9534,0.34
C00055_P066,P066,Self-Image & Comparison,"ok but this is literally everyone, nothing unique",sarcasm,neutral,10,2025-08-29,ok but this is literally everyone nothing unique,Neutral,0.088,0.34
C00056_P066,P066,Self-Image & Comparison,"found this page today, already binged everything 🔥",generic,neutral,9,2025-08-29,found this page today already binged everything,Neutral,0.0228,-0.34
C00057_P066,P066,Self-Image & Comparison,HOW ARE YOU SO CONSISTENT WITH POSTING?,question,neutral,15,2025-08-29,how are you so consistent with posting,Neutral,0.0712,0.0
C00058_P066,P066,Self-Image & Comparison,this is too real no cap,validation,relatable,7,2025-08-29,this is too real no cap,Relatable,0.9414,0.34
C00059_P066,P066,Self-Image & Comparison,fake deep,sarcasm,neutral,15,2025-08-29,fake deep,Neutral,0.0409,0.0
C00060_P066,P066,Self-Image & Comparison,you read my diary 😅,validation,relatable,12,2025-08-29,you read my diary,Relatable,0.9682,0.0
C00061_P066,P066,Self-Image & Comparison,why is this the story of my life...,validation,relatable,11,2025-08-29,why is this the story of my life,Relatable,0.9773,0.0
C00062_P066,P066,Self-Image & Comparison,this is my 13th reason (affectionate),ambiguous,relatable,6,2025-08-29,this is my th reason affectionate,Neutral,0.4951,0.0
C00063_P066,P066,Self-Image & Comparison,wow so relatable 🙄,sarcasm,neutral,11,2025-08-29,wow so relatable,Neutral,0.0446,0.34
C00064_P066,P066,Self-Image & Comparison,😍 🔥,generic,neutral,10,2025-08-29,,Neutral,0.2792,0.0
C00065_P066,P066,Self-Image & Comparison,this speaks for my whole generation pls,validation,relatable,8,2025-08-29,this speaks for my whole generation pls,Relatable,0.9745,0.0
C00066_P066,P066,Self-Image & Comparison,why is this so me fr fr,validation,relatable,12,2025-08-29,why is this so me fr fr,Relatable,0.9774,0.34
C00067_P066,P066,Self-Image & Comparison,everyone my age is achieving things and I'm here,personal_story,relatable,17,2025-08-29,everyone my age is achieving things and i'm here,Relatable,0.8981,0.0
C00068_P066,P066,Self-Image & Comparison,this speaks for my whole generation lmao,validation,relatable,11,2025-08-29,this speaks for my whole generation lmao,Relatable,0.9669,0.0
C00069_P066,P066,Self-Image & Comparison,it's too accurate 😅,validation,relatable,12,2025-08-29,it's too accurate,Relatable,0.9825,0.34
C00070_P066,P066,Self-Image & Comparison,why is this my last three years in one video no cap,validation,relatable,7,2025-08-29,why is this my last three years in one video no cap,Relatable,0.9802,0.0
C00071_P066,P066,Self-Image & Comparison,not me so me istg,validation,relatable,10,2025-08-29,not me so me istg,Relatable,0.9754,0.34
C00072_P066,P066,Self-Image & Comparison,this one,ambiguous,neutral,7,2025-08-29,this one,Neutral,0.405,0.0
C00073_P066,P066,Self-Image & Comparison,oh.,ambiguous,relatable,12,2025-08-29,oh,Neutral,0.119,0.0
C00074_P066,P066,Self-Image & Comparison,THE TIMING OF THIS POST IS SUSPICIOUS ISTG,validation,relatable,16,2025-08-29,the timing of this post is suspicious istg,Relatable,0.9718,0.0
C00075_P066,P066,Self-Image & Comparison,true!,generic,neutral,12,2025-08-29,true!,Neutral,0.0084,0.2
C00076_P066,P066,Self-Image & Comparison,check my page macha,generic,neutral,7,2025-08-29,check my page macha,Neutral,0.0204,-0.68
C00077_P066,P066,Self-Image & Comparison,🔥🔥,generic,neutral,10,2025-08-29,,Neutral,0.2792,0.0
C00078_P066,P066,Self-Image & Comparison,great content macha,generic,neutral,11,2025-08-29,great content macha,Neutral,0.02,-0.34
C00079_P066,P066,Self-Image & Comparison,who allowed you to expose me like this anna,validation,relatable,10,2025-08-29,who allowed you to expose me like this anna,Relatable,0.9643,0.34
C00080_P066,P066,Self-Image & Comparison,watched this five times already lol,validation,relatable,14,2025-08-29,watched this five times already lol,Relatable,0.9438,0.0
C00081_P066,P066,Self-Image & Comparison,keep it up 👍,generic,neutral,13,2025-08-29,keep it up,Neutral,0.0382,0.0
C00082_P066,P066,Self-Image & Comparison,the edit quality is insane ++,generic,neutral,12,2025-08-29,the edit quality is insane,Neutral,0.0239,-0.34
C00083_P066,P066,Self-Image & Comparison,this generation and its labels istg,sarcasm,neutral,10,2025-08-29,this generation and its labels istg,Neutral,0.0996,0.0
C00084_P066,P066,Self-Image & Comparison,underrated page fr sis,generic,neutral,9,2025-08-29,underrated page fr sis,Neutral,0.0216,-0.34
C00085_P066,P066,Self-Image & Comparison,it's one thing to make a meme and another to describe my whole personality 💀,validation,relatable,7,2025-08-29,it's one thing to make a meme and another to describe my whole personality,Relatable,0.9471,0.0
C00086_P066,P066,Self-Image & Comparison,okay but same,ambiguous,relatable,10,2025-08-29,okay but same,Neutral,0.4851,0.34
C00087_P066,P066,Self-Image & Comparison,this is so me,validation,relatable,10,2025-08-29,this is so me,Relatable,0.9807,0.34
C00088_P066,P066,Self-Image & Comparison,stating the obvious since 2020,sarcasm,neutral,12,2025-08-29,stating the obvious since,Neutral,0.0468,0.0
C00089_P066,P066,Self-Image & Comparison,wow okay,ambiguous,neutral,12,2025-08-29,wow okay,Neutral,0.408,0.0
C00090_P066,P066,Self-Image & Comparison,your page will blow up macha,generic,neutral,7,2025-08-29,your page will blow up macha,Neutral,0.0123,-0.34
C00091_P066,P066,Self-Image & Comparison,the way me in one post!!,validation,relatable,10,2025-08-29,the way me in one post!!,Relatable,0.9763,0.74
C00092_P066,P066,Self-Image & Comparison,sir this is my diary page istg,validation,relatable,8,2025-08-29,sir this is my diary page istg,Relatable,0.959,-0.34
