comment_id,post_id,topic,comment_text,intent,sentiment_label,likes_on_comment,posted_on
C00000_P001,P001,Social Anxiety,this is too accurate lol,validation,relatable,14,2025-06-01
C00001_P001,P001,Social Anxiety,underrated page fr sis,generic,neutral,8,2025-06-01
C00002_P001,P001,Social Anxiety,nice post 👍,generic,neutral,8,2025-06-01
C00003_P001,P001,Social Anxiety,stop describing me 💀,validation,relatable,8,2025-06-01
C00004_P001,P001,Social Anxiety,realest thing on my feed today,ambiguous,neutral,9,2025-06-01
C00005_P001,P001,Social Anxiety,FAKE DEEP,sarcasm,neutral,11,2025-06-01
C00006_P001,P001,Social Anxiety,hmm,ambiguous,neutral,10,2025-06-01
C00007_P001,P001,Social Anxiety,fr too accurate lol,validation,relatable,9,2025-06-01
C00008_P001,P001,Social Anxiety,you read my diary fr fr,validation,relatable,12,2025-06-01
C00009_P001,P001,Social Anxiety,love this page btw,generic,neutral,8,2025-06-01
C00010_P001,P001,Social Anxiety,literally a documentary about me...,validation,relatable,9,2025-06-01
C00011_P001,P001,Social Anxiety,I'm going to pretend I didn't read thiiis fr,validation,relatable,10,2025-06-01
C00012_P001,P001,Social Anxiety,"hold on, my whole life lmao",validation,relatable,10,2025-06-01
C00013_P001,P001,Social Anxiety,"I rehearse before ordering coffee, no exaggeration",personal_story,relatable,13,2025-06-01
C00014_P001,P001,Social Anxiety,not me screenshot of my head 😭,validation,relatable,8,2025-06-01
C00015_P001,P001,Social Anxiety,wait too accurate ngl,validation,relatable,11,2025-06-01
C00016_P001,P001,Social Anxiety,my hands shake when the phone rings too,personal_story,relatable,11,2025-06-01
C00017_P001,P001,Social Anxiety,the timing of this post is suspicious lmao,validation,relatable,6,2025-06-01
C00018_P001,P001,Social Anxiety,personal at this point 🥲🥲,validation,relatable,12,2025-06-01
C00019_P001,P001,Social Anxiety,dm for promotions macha,generic,neutral,8,2025-06-01
C00020_P001,P001,Social Anxiety,that's it me,validation,relatable,6,2025-06-01
C00021_P001,P001,Social Anxiety,so dramatic for no reason,sarcasm,neutral,16,2025-06-01
C00022_P001,P001,Social Anxiety,I felt that 😭,validation,relatable,16,2025-06-01
C00023_P001,P001,Social Anxiety,"ANOTHER RELATABLE PAGE, HOW ORIGINAL",sarcasm,neutral,13,2025-06-01
C00024_P001,P001,Social Anxiety,this is just basic psychology,sarcasm,neutral,9,2025-06-01
C00025_P001,P001,Social Anxiety,painfully accurate ong,validation,relatable,7,2025-06-01
C00026_P001,P001,Social Anxiety,a documentary about me lol,validation,relatable,12,2025-06-01
C00027_P001,P001,Social Anxiety,no because it me 😭,validation,relatable,10,2025-06-01
C00028_P001,P001,Social Anxiety,"came here to laugh, stayed to confront myself bhai",validation,relatable,7,2025-06-01
C00029_P001,P001,Social Anxiety,the way too real...,validation,relatable,11,2025-06-01
C00030_P001,P001,Social Anxiety,REPORTING THIS FOR PERSONAL DAMAGE ANNA,validation,relatable,6,2025-06-01
C00031_P001,P001,Social Anxiety,who allowed you to expose me like this 🥲,validation,relatable,15,2025-06-01
C00032_P001,P001,Social Anxiety,nah too accurate ong,validation,relatable,9,2025-06-01
C00033_P001,P001,Social Anxiety,every frame is my biography,validation,relatable,12,2025-06-01
C00034_P001,P001,Social Anxiety,first comment sis,generic,neutral,9,2025-06-01
C00035_P001,P001,Social Anxiety,"watched this, closed the app, opened it again, watched it again. yeah.",validation,relatable,11,2025-06-01
C00036_P001,P001,Social Anxiety,true that 🔥,generic,neutral,11,2025-06-01
C00037_P001,P001,Social Anxiety,STATING THE OBVIOUS SINCE 2020,sarcasm,neutral,8,2025-06-01
C00038_P001,P001,Social Anxiety,"sure, totally me",sarcasm,neutral,17,2025-06-01
C00039_P001,P001,Social Anxiety,i didn't consent to being exposed pls,validation,relatable,13,2025-06-01
C00040_P001,P001,Social Anxiety,ok but a documentary about me ngl,validation,relatable,16,2025-06-01
C00041_P001,P001,Social Anxiety,I paused. sat down. processed. same. 😭,validation,relatable,15,2025-06-01
C00042_P001,P001,Social Anxiety,who allowed you to expose me like this lmao,validation,relatable,11,2025-06-01
C00043_P001,P001,Social Anxiety,ok but so me ong,validation,relatable,15,2025-06-01
C00044_P001,P001,Social Anxiety,i didn't consent to being exposed lmao,validation,relatable,7,2025-06-01
C00045_P001,P001,Social Anxiety,fr my biography ong,validation,relatable,8,2025-06-01
C00046_P001,P001,Social Anxiety,this is my 13th reason (affectionate),ambiguous,neutral,6,2025-06-01
C00047_P001,P001,Social Anxiety,follow for follow? 🔥,generic,neutral,9,2025-06-01
C00048_P001,P001,Social Anxiety,sir this is my diary page fr,validation,relatable,10,2025-06-01
C00049_P001,P001,Social Anxiety,no because too accurate anna,validation,relatable,9,2025-06-01
C00050_P001,P001,Social Anxiety,genuinely how do you know my life lmao,validation,relatable,14,2025-06-01
C00051_P001,P001,Social Anxiety,nice post,generic,neutral,10,2025-06-01
C00052_P001,P001,Social Anxiety,underrated page fr,generic,neutral,9,2025-06-01
C00053_P001,P001,Social Anxiety,fr my brain on a normal tuesday,validation,relatable,11,2025-06-01
C00054_P001,P001,Social Anxiety,wait my whole life lol,validation,relatable,8,2025-06-01
C00055_P001,P001,Social Anxiety,haha true,generic,neutral,13,2025-06-01
C00056_P001,P001,Social Anxiety,haha true macha,generic,neutral,7,2025-06-01
C00057_P001,P001,Social Anxiety,that hit close to home ngl,validation,relatable,18,2025-06-01
C00058_P001,P001,Social Anxiety,why does this feel personal fr fr,validation,relatable,13,2025-06-01
C00059_P001,P001,Social Anxiety,not to be dramatic but this post understood me better than my last three conversations ngl,validation,relatable,8,2025-06-01
C00060_P001,P001,Social Anxiety,congratulations you discovered being human,sarcasm,neutral,4,2025-06-01
C00061_P001,P001,Social Anxiety,saved this for the next time it happens yaar,validation,relatable,13,2025-06-01
C00062_P001,P001,Social Anxiety,i've never been so seen,validation,relatable,12,2025-06-01
C00063_P001,P001,Social Anxiety,free followers in bio sis,generic,neutral,13,2025-06-01
C00064_P001,P001,Social Anxiety,I've never been so seen,validation,relatable,13,2025-06-01
C00065_P001,P001,Social Anxiety,ok this one hurt,ambiguous,relatable,7,2025-06-01
C00066_P001,P001,Social Anxiety,posted at the right time btw,generic,neutral,10,2025-06-01
C00067_P001,P001,Social Anxiety,dm for promotions :),generic,neutral,7,2025-06-01
C00068_P001,P001,Social Anxiety,not me my everyday routine istg,validation,relatable,14,2025-06-01
C00069_P001,P001,Social Anxiety,🔥🔥 btw,generic,neutral,12,2025-06-01
C00070_P001,P001,Social Anxiety,dm for promotions 🔥,generic,neutral,9,2025-06-01
C00071_P001,P001,Social Anxiety,the honesty is refreshing,ambiguous,relatable,6,2025-06-01
C00072_P001,P001,Social Anxiety,why is this too accurate lmaoo,validation,relatable,9,2025-06-01
C00073_P001,P001,Social Anxiety,the timing of this post is suspicious lol,validation,relatable,9,2025-06-01
C00074_P001,P001,Social Anxiety,not to be dramatic but this post understood me better than my last three conversations no cap,validation,relatable,13,2025-06-01
C00075_P001,P001,Social Anxiety,reading this at 3am was a mistake 🥲,validation,relatable,12,2025-06-01
C00076_P001,P001,Social Anxiety,that's too real lol,validation,relatable,14,2025-06-01
C00077_P001,P001,Social Anxiety,not to be dramatic but this post understood me better than my last three conversations 💀,validation,relatable,10,2025-06-01
C00078_P001,P001,Social Anxiety,wow okay then,ambiguous,neutral,7,2025-06-01
C00079_P001,P001,Social Anxiety,the algorithm finally did something right sis,generic,neutral,12,2025-06-01
C00080_P001,P001,Social Anxiety,i agree !!,generic,neutral,13,2025-06-01
C00081_P001,P001,Social Anxiety,this felt personal,ambiguous,relatable,11,2025-06-01
C00082_P001,P001,Social Anxiety,keep it up 👍,generic,neutral,13,2025-06-01
C00083_P001,P001,Social Anxiety,wait me in one post fr,validation,relatable,11,2025-06-01
C00084_P001,P001,Social Anxiety,that's the story of my life,validation,relatable,11,2025-06-01
C00085_P001,P001,Social Anxiety,saved this for the next time it happens istg,validation,relatable,10,2025-06-01
C00086_P001,P001,Social Anxiety,haha !!,generic,neutral,5,2025-06-01
C00087_P001,P001,Social Anxiety,excuse me my biography ong,validation,relatable,7,2025-06-01
C00088_P001,P001,Social Anxiety,"hold on, my biography",validation,relatable,6,2025-06-01
C00089_P001,P001,Social Anxiety,excuse me personal at this point 🥲🥲,validation,relatable,12,2025-06-01
C00090_P001,P001,Social Anxiety,I agree,generic,neutral,9,2025-06-01
C00091_P001,P001,Social Anxiety,no beacuse so me lol,validation,relatable,11,2025-06-01
C00092_P001,P001,Social Anxiety,the way my everyday routine ong,validation,relatable,15,2025-06-01
C00093_P001,P001,Social Anxiety,"came here to laugh, stayed to confront myself ?!",validation,relatable,9,2025-06-01
C00094_P001,P001,Social Anxiety,deep. very deep.,sarcasm,neutral,10,2025-06-01
C00095_P001,P001,Social Anxiety,your page will blow up sis,generic,neutral,13,2025-06-01
C00096_P001,P001,Social Anxiety,watched this five times already...,validation,relatable,9,2025-06-01
C00097_P001,P001,Social Anxiety,background music name? :),generic,neutral,7,2025-06-01
C00098_P001,P001,Social Anxiety,wait screenshot of my head 💀,validation,relatable,9,2025-06-01
C00099_P001,P001,Social Anxiety,true that ++,generic,neutral,8,2025-06-01
C00100_P001,P001,Social Anxiety,personally attacked,ambiguous,neutral,15,2025-06-01
C00101_P001,P001,Social Anxiety,when is part 2? bro,generic,neutral,13,2025-06-01
C00102_P001,P001,Social Anxiety,who allowed you to expose me like this 🥲🥲,validation,relatable,12,2025-06-01
C00103_P001,P001,Social Anxiety,the way I did this exact thing this morning and now I'm being called out publicly 😅,validation,relatable,14,2025-06-01
C00104_P001,P001,Social Anxiety,literally so me pls,validation,relatable,13,2025-06-01
C00105_P001,P001,Social Anxiety,sir this is my diary page no cap,validation,relatable,8,2025-06-01
C00106_P001,P001,Social Anxiety,keep it up 🔥,generic,neutral,15,2025-06-01
C00107_P001,P001,Social Anxiety,this speaks for my whole generation yaar,validation,relatable,11,2025-06-01
C00108_P001,P001,Social Anxiety,posted at the right time bro,generic,neutral,13,2025-06-01
C00109_P001,P001,Social Anxiety,bro it me 💀,validation,relatable,15,2025-06-01
C00110_P001,P001,Social Anxiety,exactly this,ambiguous,relatable,9,2025-06-01
C00111_P001,P001,Social Anxiety,DESERVES WAY MORE LIKES BTW,generic,neutral,7,2025-06-01
C00112_P001,P001,Social Anxiety,that's my whole life,validation,relatable,9,2025-06-01
C00113_P001,P001,Social Anxiety,the caption though,ambiguous,neutral,10,2025-06-01
C00114_P001,P001,Social Anxiety,I came to instagram to turn my brain off and instead you described it perfectly no cap,validation,relatable,13,2025-06-01
C00115_P001,P001,Social Anxiety,no because my whole life 😭😭,validation,relatable,14,2025-06-01
C00116_P001,P001,Social Anxiety,wait a documentary about me 🥲🥲,validation,relatable,4,2025-06-01
C00117_P001,P001,Social Anxiety,I live this every single day lmaoo,validation,relatable,11,2025-06-01
C00118_P001,P001,Social Anxiety,lol ok macha,generic,neutral,10,2025-06-01
C00119_P001,P001,Social Anxiety,ok but my biography,validation,relatable,8,2025-06-01
C00000_P002,P002,Dating & Situationships,reading this at 3am was a mistake...,validation,relatable,10,2025-06-02
C00001_P002,P002,Dating & Situationships,not me personal at this point 😭😭,validation,relatable,17,2025-06-02
C00002_P002,P002,Dating & Situationships,reading this at 3am was a mistake lmaoo,validation,relatable,16,2025-06-02
C00003_P002,P002,Dating & Situationships,literally screenshot of my haed ong,validation,relatable,9,2025-06-02
C00004_P002,P002,Dating & Situationships,smooth transitions,generic,neutral,11,2025-06-02
C00005_P002,P002,Dating & Situationships,great content macha,generic,neutral,9,2025-06-02
C00006_P002,P002,Dating & Situationships,🔥🔥 !!,generic,neutral,9,2025-06-02
C00007_P002,P002,Dating & Situationships,I live this every single day anna,validation,relatable,6,2025-06-02
C00008_P002,P002,Dating & Situationships,he said 'we'll see' and I said ok like a fool,personal_story,relatable,12,2025-06-02
C00009_P002,P002,Dating & Situationships,first comment bro,generic,neutral,11,2025-06-02
C00010_P002,P002,Dating & Situationships,TRUE :),generic,neutral,6,2025-06-02
C00011_P002,P002,Dating & Situationships,watched this five times already pls,validation,relatable,9,2025-06-02
C00012_P002,P002,Dating & Situationships,mine left me on delivered for 3 days 😭,personal_story,relatable,15,2025-06-02
C00013_P002,P002,Dating & Situationships,"found this page today, already binged everything macha",generic,neutral,9,2025-06-02
C00014_P002,P002,Dating & Situationships,I can't,ambiguous,relatable,8,2025-06-02
C00015_P002,P002,Dating & Situationships,I paused. sat down. processed. same. lol,validation,relatable,11,2025-06-02
C00016_P002,P002,Dating & Situationships,nah too real ong,validation,relatable,18,2025-06-02
C00017_P002,P002,Dating & Situationships,I relate to this too much pls,validation,relatable,9,2025-06-02
C00018_P002,P002,Dating & Situationships,no yeah,ambiguous,relatable,12,2025-06-02
C00019_P002,P002,Dating & Situationships,I didn't consent to being exposed!!,validation,relatable,13,2025-06-02
C00020_P002,P002,Dating & Situationships,I live this every single day fr,validation,relatable,9,2025-06-02
C00021_P002,P002,Dating & Situationships,do a collab with us ++,generic,neutral,13,2025-06-02
C00022_P002,P002,Dating & Situationships,"why does this have no likes, underrated",question,neutral,10,2025-06-02
C00023_P002,P002,Dating & Situationships,every frame is my biography ngl,validation,relatable,12,2025-06-02
C00024_P002,P002,Dating & Situationships,reading this at 3am was a mistake ngl,validation,relatable,12,2025-06-02
C00025_P002,P002,Dating & Situationships,sir this is my diary page ngl,validation,relatable,11,2025-06-02
C00026_P002,P002,Dating & Situationships,check my page !!,generic,neutral,7,2025-06-02
C00000_P003,P003,Money Struggles,check my page,generic,neutral,12,2025-06-04
C00001_P003,P003,Money Struggles,genuinely how do you know my life 😭,validation,relatable,8,2025-06-04
C00002_P003,P003,Money Struggles,your page will blow up bro,generic,neutral,12,2025-06-04
C00003_P003,P003,Money Struggles,i paused. sat down. processed. same. 😭,validation,relatable,10,2025-06-04
C00004_P003,P003,Money Struggles,ok but me in one post 💀,validation,relatable,15,2025-06-04
C00005_P003,P003,Money Struggles,FR SO ME,validation,relatable,8,2025-06-04
C00006_P003,P003,Money Struggles,wait my biography 😅,validation,relatable,9,2025-06-04
C00007_P003,P003,Money Struggles,this speaks for my whole generation bhai,validation,relatable,7,2025-06-04
C00008_P003,P003,Money Struggles,that's my last three yeaaars in one video...,validation,relatable,15,2025-06-04
C00009_P003,P003,Money Struggles,no literally,ambiguous,neutral,14,2025-06-04
C00010_P003,P003,Money Struggles,watched this five times already no cap,validation,relatable,9,2025-06-04
C00011_P003,P003,Money Struggles,fr so me...,validation,relatable,12,2025-06-04
C00012_P003,P003,Money Struggles,"found this page today, already binged everything 🔥",generic,neutral,13,2025-06-04
C00013_P003,P003,Money Struggles,haha macha,generic,neutral,11,2025-06-04
C00014_P003,P003,Money Struggles,follow for follow? macha,generic,neutral,11,2025-06-04
C00000_P004,P004,College & Hostel Life,the edit quality is insane :),generic,neutral,12,2025-06-05
C00001_P004,P004,College & Hostel Life,this speaks for my whole generation lmaoo,validation,relatable,4,2025-06-05
C00002_P004,P004,College & Hostel Life,I'm in this post and I don't like it 🥲🥲,validation,relatable,7,2025-06-05
C00003_P004,P004,College & Hostel Life,true :),generic,neutral,12,2025-06-05
C00004_P004,P004,College & Hostel Life,why does this feel personal fr fr,validation,relatable,4,2025-06-05
C00005_P004,P004,College & Hostel Life,the edit quality is insane,generic,neutral,8,2025-06-05
C00006_P004,P004,College & Hostel Life,free followers iiin bio btw,generic,neutral,11,2025-06-05
C00007_P004,P004,College & Hostel Life,song name please? 👍,generic,neutral,12,2025-06-05
C00008_P004,P004,College & Hostel Life,not me the story of my life ong,validation,relatable,12,2025-06-05
C00009_P004,P004,College & Hostel Life,underrated page fr sis,generic,neutral,9,2025-06-05
C00010_P004,P004,College & Hostel Life,is this based on real events?,question,neutral,12,2025-06-05
C00011_P004,P004,College & Hostel Life,when is part 2?,generic,neutral,9,2025-06-05
C00012_P004,P004,College & Hostel Life,wow okay,ambiguous,neutral,9,2025-06-05
C00013_P004,P004,College & Hostel Life,background music name?,generic,neutral,13,2025-06-05
C00014_P004,P004,College & Hostel Life,why does this feel personal 😭,validation,relatable,12,2025-06-05
C00015_P004,P004,College & Hostel Life,great content,generic,neutral,14,2025-06-05
C00016_P004,P004,College & Hostel Life,I felt that 🥲🥲,validation,relatable,12,2025-06-05
C00017_P004,P004,College & Hostel Life,"everyone overthinks, nothing special",sarcasm,neutral,11,2025-06-05
C00018_P004,P004,College & Hostel Life,THIS IS SO ME LMAO,validation,relatable,7,2025-06-05
C00019_P004,P004,College & Hostel Life,this is my whole life fr fr,validation,relatable,10,2025-06-05
C00020_P004,P004,College & Hostel Life,NO BECAUSE MY WHOLE LIFE!!,validation,relatable,9,2025-06-05
C00021_P004,P004,College & Hostel Life,hmm,ambiguous,neutral,9,2025-06-05
C00022_P004,P004,College & Hostel Life,any tips for the 2am version of this?,question,neutral,17,2025-06-05
C00023_P004,P004,College & Hostel Life,can we get a version with english subtitles?,question,neutral,10,2025-06-05
C00024_P004,P004,College & Hostel Life,instagram therapists at it again,sarcasm,neutral,15,2025-06-05
C00025_P004,P004,College & Hostel Life,yeah.,ambiguous,relatable,12,2025-06-05
C00026_P004,P004,College & Hostel Life,this is the story of my life da,validation,relatable,13,2025-06-05
C00027_P004,P004,College & Hostel Life,which app is this? ++,generic,neutral,11,2025-06-05
C00028_P004,P004,College & Hostel Life,what camera do you use?,question,neutral,11,2025-06-05
C00029_P004,P004,College & Hostel Life,nah me in one post fr,validation,relatable,11,2025-06-05
C00030_P004,P004,College & Hostel Life,free followers in bio sis,generic,neutral,8,2025-06-05
C00031_P004,P004,College & Hostel Life,"why doees this have no likes, underrated",question,neutral,12,2025-06-05
C00032_P004,P004,College & Hostel Life,8am classes should be illegal,personal_story,relatable,9,2025-06-05
C00033_P004,P004,College & Hostel Life,posted at the right time macha,generic,neutral,5,2025-06-05
C00034_P004,P004,College & Hostel Life,so true ++,generic,neutral,12,2025-06-05
C00035_P004,P004,College & Hostel Life,bro my whole life...,validation,relatable,8,2025-06-05
C00036_P004,P004,College & Hostel Life,that hit close to home 🥲🥲,validation,relatable,16,2025-06-05
C00037_P004,P004,College & Hostel Life,our mess soup is just hot water with regret,personal_story,relatable,16,2025-06-05
C00038_P004,P004,College & Hostel Life,dm for promotions bro,generic,neutral,15,2025-06-05
C00039_P004,P004,College & Hostel Life,I felt that 😭😭,validation,relatable,10,2025-06-05
C00040_P004,P004,College & Hostel Life,took the words right out of my mouth istg,validation,relatable,5,2025-06-05
C00041_P004,P004,College & Hostel Life,ok but literally me 😭😭,validation,relatable,15,2025-06-05
C00042_P004,P004,College & Hostel Life,when is part 2? !!,generic,neutral,10,2025-06-05
C00043_P004,P004,College & Hostel Life,not this again,ambiguous,relatable,16,2025-06-05
C00044_P004,P004,College & Hostel Life,ok so exactly what i go through,validation,relatable,16,2025-06-05
C00045_P004,P004,College & Hostel Life,bro my whole life 🥲🥲,validation,relatable,14,2025-06-05
C00046_P004,P004,College & Hostel Life,you read my diary 😭😭,validation,relatable,9,2025-06-05
C00047_P004,P004,College & Hostel Life,ok this one hurt,ambiguous,neutral,10,2025-06-05
C00048_P004,P004,College & Hostel Life,SO TRUE,generic,neutral,14,2025-06-05
C00049_P004,P004,College & Hostel Life,haha ture 🔥,generic,neutral,9,2025-06-05
C00050_P004,P004,College & Hostel Life,why does this feel personal ?!,validation,relatable,8,2025-06-05
C00051_P004,P004,College & Hostel Life,I didn't consent to being exposed 😭,validation,relatable,11,2025-06-05
C00052_P004,P004,College & Hostel Life,why is this too accurate pls,validation,relatable,15,2025-06-05
C00053_P004,P004,College & Hostel Life,painfully accurate!!,validation,relatable,12,2025-06-05
C00054_P004,P004,College & Hostel Life,literally my everyday routine 😅,validation,relatable,11,2025-06-05
C00055_P004,P004,College & Hostel Life,🔥🔥 macha,generic,neutral,7,2025-06-05
C00056_P004,P004,College & Hostel Life,facts macha,generic,neutral,12,2025-06-05
C00057_P004,P004,College & Hostel Life,free followers in bio macha,generic,neutral,18,2025-06-05
C00058_P004,P004,College & Hostel Life,hurts but fair,ambiguous,relatable,8,2025-06-05
C00059_P004,P004,College & Hostel Life,I relate to this too much ong,validation,relatable,11,2025-06-05
C00060_P004,P004,College & Hostel Life,watched this five times already 😭,validation,relatable,14,2025-06-05
C00061_P004,P004,College & Hostel Life,wow okay then,ambiguous,neutral,13,2025-06-05
C00062_P004,P004,College & Hostel Life,reading this at 3am was a mistake anna,validation,relatable,12,2025-06-05
C00063_P004,P004,College & Hostel Life,I'm crying,ambiguous,relatable,12,2025-06-05
C00064_P004,P004,College & Hostel Life,yes because everyone does this obviously,sarcasm,neutral,10,2025-06-05
C00065_P004,P004,College & Hostel Life,"hold on, my last three years in one video pls",validation,relatable,9,2025-06-05
C00066_P004,P004,College & Hostel Life,awesooome work macha,generic,neutral,13,2025-06-05
C00067_P004,P004,College & Hostel Life,reporting this for personal damage da,validation,relatable,13,2025-06-05
C00068_P004,P004,College & Hostel Life,check my page bro,generic,neutral,14,2025-06-05
C00000_P005,P005,Family Pressure,"came here to laugh, stayed to confront myself...",validation,relatable,6,2025-06-06
C00001_P005,P005,Family Pressure,'log kya kahenge' has ruined more careers than failure ever did,personal_story,relatable,10,2025-06-06
C00002_P005,P005,Family Pressure,OK SO MY EVERYDAY ROUTINE LOL,validation,relatable,11,2025-06-06
C00003_P005,P005,Family Pressure,the algorithm finally did something right :),generic,neutral,9,2025-06-06
C00004_P005,P005,Family Pressure,not me the story of my life 😭😭,validation,relatable,11,2025-06-06
C00005_P005,P005,Family Pressure,first comment ++,generic,neutral,6,2025-06-06
C00006_P005,P005,Family Pressure,superb !!,generic,neutral,6,2025-06-06
C00007_P005,P005,Family Pressure,haha :),generic,neutral,14,2025-06-06
C00008_P005,P005,Family Pressure,😍 bro,generic,neutral,10,2025-06-06
C00009_P005,P005,Family Pressure,the timing of this post is suspicious ngl,validation,relatable,7,2025-06-06
C00010_P005,P005,Family Pressure,not me personal at this point,validation,relatable,11,2025-06-06
C00011_P005,P005,Family Pressure,a mood,ambiguous,neutral,13,2025-06-06
C00012_P005,P005,Family Pressure,WHY IS THIS PERSONAL AT THIS POINT ONG,validation,relatable,8,2025-06-06
C00013_P005,P005,Family Pressure,"everyone overthinks, nothing special",sarcasm,neutral,12,2025-06-06
C00014_P005,P005,Family Pressure,great content sis,generic,neutral,7,2025-06-06
C00015_P005,P005,Family Pressure,painfully accurate lol,validation,relatable,6,2025-06-06
C00016_P005,P005,Family Pressure,posted at the right time 👍,generic,neutral,11,2025-06-06
C00017_P005,P005,Family Pressure,follow for follow? ++,generic,neutral,11,2025-06-06
C00018_P005,P005,Family Pressure,wow so relatable 🙄,sarcasm,neutral,12,2025-06-06
C00019_P005,P005,Family Pressure,deserves way more likes sis,generic,neutral,13,2025-06-06
C00020_P005,P005,Family Pressure,"watched this, closed the app, opened it again, watched it again. yeah. anna",validation,relatable,17,2025-06-06
C00021_P005,P005,Family Pressure,i paused. sat down. processed. same. yaar,validation,relatable,11,2025-06-06
C00022_P005,P005,Family Pressure,WAIT SO ME DA,validation,relatable,9,2025-06-06
C00023_P005,P005,Family Pressure,i didn't consent to being exposed fr fr,validation,relatable,13,2025-06-06
C00024_P005,P005,Family Pressure,excuse me my brain on a normal tuesday lmao,validation,relatable,9,2025-06-06
C00025_P005,P005,Family Pressure,the way it me 😭😭,validation,relatable,10,2025-06-06
C00026_P005,P005,Family Pressure,🔥🔥 macha,generic,neutral,7,2025-06-06
C00027_P005,P005,Family Pressure,the caption though,ambiguous,relatable,5,2025-06-06
C00028_P005,P005,Family Pressure,no because my everyday routine,validation,relatable,16,2025-06-06
C00029_P005,P005,Family Pressure,this speaks for my whole generation lmao,validation,relatable,14,2025-06-06
C00030_P005,P005,Family Pressure,THIS IS LITERALLY ME ANNA,validation,relatable,12,2025-06-06
C00031_P005,P005,Family Pressure,FACTS SIS,generic,neutral,10,2025-06-06
C00032_P005,P005,Family Pressure,THE EDIT QUALITY IS INSANE :),generic,neutral,8,2025-06-06
C00033_P005,P005,Family Pressure,YOU READ MY DIARY YAAR,validation,relatable,8,2025-06-06
C00034_P005,P005,Family Pressure,wait my biography ?!,validation,relatable,9,2025-06-06
C00035_P005,P005,Family Pressure,background music name? btw,generic,neutral,11,2025-06-06
C00036_P005,P005,Family Pressure,any tips for the 2am version of this?,question,neutral,12,2025-06-06
C00037_P005,P005,Family Pressure,reporting this for personal damage 😅,validation,relatable,12,2025-06-06
C00038_P005,P005,Family Pressure,cool edit 👍,generic,neutral,9,2025-06-06
C00039_P005,P005,Family Pressure,no because my whole life...,validation,relatable,16,2025-06-06
C00040_P005,P005,Family Pressure,not me my brain on a normal tuesday ngl,validation,relatable,13,2025-06-06
C00041_P005,P005,Family Pressure,how do you deal with this though?,question,neutral,11,2025-06-06
C00042_P005,P005,Family Pressure,"I'm the family NGO, free labour included",personal_story,relatable,12,2025-06-06
C00043_P005,P005,Family Pressure,sir this is my diary page ong,validation,relatable,10,2025-06-06
C00044_P005,P005,Family Pressure,"found this page today, already binged everything!",generic,neutral,9,2025-06-06
C00045_P005,P005,Family Pressure,why does this feel personal 😭,validation,relatable,10,2025-06-06
C00046_P005,P005,Family Pressure,can you do one on exam results?,question,neutral,13,2025-06-06
C00047_P005,P005,Family Pressure,I can't,ambiguous,neutral,5,2025-06-06
C00048_P005,P005,Family Pressure,🔥🔥 BRO,generic,neutral,7,2025-06-06
C00049_P005,P005,Family Pressure,this is so me fr fr,validation,relatable,6,2025-06-06
C00050_P005,P005,Family Pressure,follow for follow? btw,generic,neutral,6,2025-06-06
C00051_P005,P005,Family Pressure,"why does this have no likes, underrated",question,neutral,14,2025-06-06
C00052_P005,P005,Family Pressure,love this page 👍,generic,neutral,12,2025-06-06
C00053_P005,P005,Family Pressure,painfully accurate 😭😭,validation,relatable,10,2025-06-06
C00054_P005,P005,Family Pressure,exactly.,ambiguous,neutral,7,2025-06-06
C00055_P005,P005,Family Pressure,song name please? :),generic,neutral,11,2025-06-06
C00056_P005,P005,Family Pressure,painfully accurate pls,validation,relatable,10,2025-06-06
C00057_P005,P005,Family Pressure,every frame is my biography lmao,validation,relatable,8,2025-06-06
C00058_P005,P005,Family Pressure,seen.,ambiguous,relatable,10,2025-06-06
C00059_P005,P005,Family Pressure,posted at the right time btw,generic,neutral,10,2025-06-06
C00060_P005,P005,Family Pressure,the timing of this post is suspicious bhai,validation,relatable,12,2025-06-06
C00061_P005,P005,Family Pressure,sadly accurate,ambiguous,neutral,12,2025-06-06
C00062_P005,P005,Family Pressure,excuse me exactly what i go through ong,validation,relatable,6,2025-06-06
C00063_P005,P005,Family Pressure,this is my whole life fr,validation,relatable,10,2025-06-06
C00064_P005,P005,Family Pressure,part 2 please?,question,neutral,12,2025-06-06
C00065_P005,P005,Family Pressure,literally my last three yeeears in one video lol,validation,relatable,11,2025-06-06
C00066_P005,P005,Family Pressure,you read my diary fr,validation,relatable,14,2025-06-06
C00067_P005,P005,Family Pressure,"HOLD ON, SCREENSHOT OF MY HEAD LMAOO",validation,relatable,12,2025-06-06
C00068_P005,P005,Family Pressure,hello?? literally me,validation,relatable,8,2025-06-06
C00069_P005,P005,Family Pressure,I agree 🔥,generic,neutral,7,2025-06-06
C00070_P005,P005,Family Pressure,"came here to laugh, stayed to confront myself fr fr",validation,relatable,12,2025-06-06
C00071_P005,P005,Family Pressure,it's too accurate fr fr,validation,relatable,5,2025-06-06
C00072_P005,P005,Family Pressure,saved this for the next time it happens da,validation,relatable,11,2025-06-06
C00073_P005,P005,Family Pressure,stop describing me yaar,validation,relatable,16,2025-06-06
C00074_P005,P005,Family Pressure,I DIDN'T CONSENT TO BEING EXPOSED,validation,relatable,11,2025-06-06
C00075_P005,P005,Family Pressure,I'm in this post and I don't like it fr,validation,relatable,10,2025-06-06
C00076_P005,P005,Family Pressure,saved this for the next time it happens lmaoo,validation,relatable,12,2025-06-06
C00077_P005,P005,Family Pressure,dm for promotions !!,generic,neutral,10,2025-06-06
C00078_P005,P005,Family Pressure,haha true btw,generic,neutral,11,2025-06-06
C00079_P005,P005,Family Pressure,great content btw,generic,neutral,16,2025-06-06
C00080_P005,P005,Family Pressure,haha ++,generic,neutral,10,2025-06-06
C00081_P005,P005,Family Pressure,THIS IS LITERALLY ME BHAI,validation,relatable,16,2025-06-06
C00082_P005,P005,Family Pressure,bro me in one post pls,validation,relatable,15,2025-06-06
C00083_P005,P005,Family Pressure,awesome work ++,generic,neutral,8,2025-06-06
C00084_P005,P005,Family Pressure,i didn't consent to being exposed ngl,validation,relatable,7,2025-06-06
C00085_P005,P005,Family Pressure,who hurt you bro,sarcasm,neutral,7,2025-06-06
C00086_P005,P005,Family Pressure,smooth transitions btw,generic,neutral,5,2025-06-06
C00087_P005,P005,Family Pressure,fr exactly what i go through ?!,validation,relatable,7,2025-06-06
C00088_P005,P005,Family Pressure,literally exactly what I go through 💀,validation,relatable,12,2025-06-06
C00089_P005,P005,Family Pressure,true bro,generic,neutral,7,2025-06-06
C00000_P006,P006,Self-Image & Comparison,every frame is my biography ?!,validation,relatable,12,2025-06-08
C00001_P006,P006,Self-Image & Comparison,my therapist and my group chat will hear about this post lol,validation,relatable,14,2025-06-08
C00002_P006,P006,Self-Image & Comparison,not me so me yaar,validation,relatable,13,2025-06-08
C00003_P006,P006,Self-Image & Comparison,I agree !!,generic,neutral,13,2025-06-08
C00004_P006,P006,Self-Image & Comparison,no because too accurate anna,validation,relatable,9,2025-06-08
C00005_P006,P006,Self-Image & Comparison,cool edit 👍,generic,neutral,8,2025-06-08
C00006_P006,P006,Self-Image & Comparison,any tips for the 2am version of this?,question,neutral,13,2025-06-08
C00007_P006,P006,Self-Image & Comparison,fr literally me,validation,relatable,13,2025-06-08
C00008_P006,P006,Self-Image & Comparison,who hurt you bro,sarcasm,neutral,18,2025-06-08
C00009_P006,P006,Self-Image & Comparison,what camera do you use?,question,neutral,10,2025-06-08
C00010_P006,P006,Self-Image & Comparison,"another relatable page, how original",sarcasm,neutral,10,2025-06-08
C00011_P006,P006,Self-Image & Comparison,"uninstalled Instagram twice, reinstalled in a day",personal_story,relatable,13,2025-06-08
C00012_P006,P006,Self-Image & Comparison,genuinely how do you konw my life lmao,validation,relatable,9,2025-06-08
C00013_P006,P006,Self-Image & Comparison,😍 👍,generic,neutral,15,2025-06-08
C00014_P006,P006,Self-Image & Comparison,this is too accurate ngl,validation,relatable,14,2025-06-08
C00015_P006,P006,Self-Image & Comparison,nah so me lmao,validation,relatable,10,2025-06-08
C00016_P006,P006,Self-Image & Comparison,persooonal at this point fr fr,validation,relatable,13,2025-06-08
C00017_P006,P006,Self-Image & Comparison,fr too real anna,validation,relatable,13,2025-06-08
C00018_P006,P006,Self-Image & Comparison,haha 👍,generic,neutral,7,2025-06-08
C00019_P006,P006,Self-Image & Comparison,can you do one on exam results?,question,neutral,15,2025-06-08
C00020_P006,P006,Self-Image & Comparison,no yeah,ambiguous,neutral,11,2025-06-08
C00021_P006,P006,Self-Image & Comparison,superb macha,generic,neutral,14,2025-06-08
C00022_P006,P006,Self-Image & Comparison,hello?? too accurate bhai,validation,relatable,9,2025-06-08
C00023_P006,P006,Self-Image & Comparison,this is just basic psychology,sarcasm,neutral,15,2025-06-08
C00024_P006,P006,Self-Image & Comparison,"hold on, too real...",validation,relatable,10,2025-06-08
C00025_P006,P006,Self-Image & Comparison,I'm going to pretend I didn't read this,validation,relatable,5,2025-06-08
C00026_P006,P006,Self-Image & Comparison,the last line though,ambiguous,neutral,15,2025-06-08
C00027_P006,P006,Self-Image & Comparison,"came here to laugh, stayed to confront myself 🥲",validation,relatable,7,2025-06-08
C00028_P006,P006,Self-Image & Comparison,underrated page fr,generic,neutral,9,2025-06-08
C00029_P006,P006,Self-Image & Comparison,not me me in one post fr fr,validation,relatable,16,2025-06-08
C00030_P006,P006,Self-Image & Comparison,your page will blow up sis,generic,neutral,16,2025-06-08
C00031_P006,P006,Self-Image & Comparison,background music name?,generic,neutral,11,2025-06-08
C00032_P006,P006,Self-Image & Comparison,wow,ambiguous,neutral,12,2025-06-08
C00033_P006,P006,Self-Image & Comparison,is that your real voice?,question,neutral,10,2025-06-08
C00034_P006,P006,Self-Image & Comparison,personally attacked,ambiguous,relatable,9,2025-06-08
C00035_P006,P006,Self-Image & Comparison,"came here to laugh, stayed to confront myself 🥲🥲",validation,relatable,9,2025-06-08
C00036_P006,P006,Self-Image & Comparison,sending this to the group chat with no context,validation,relatable,12,2025-06-08
C00037_P006,P006,Self-Image & Comparison,sir this is my idary page,validation,relatable,13,2025-06-08
C00038_P006,P006,Self-Image & Comparison,no because my whole life pls,validation,relatable,13,2025-06-08
C00039_P006,P006,Self-Image & Comparison,reporting this for personal damage pls,validation,relatable,13,2025-06-08
C00040_P006,P006,Self-Image & Comparison,sending this to the group chat with no context!!,validation,relatable,7,2025-06-08
C00041_P006,P006,Self-Image & Comparison,hello?? the story of my life pls,validation,relatable,11,2025-06-08
C00042_P006,P006,Self-Image & Comparison,ok so a documentary about me lol,validation,relatable,6,2025-06-08
C00043_P006,P006,Self-Image & Comparison,awesome work :),generic,neutral,11,2025-06-08
C00044_P006,P006,Self-Image & Comparison,okay but same,ambiguous,relatable,10,2025-06-08
C00045_P006,P006,Self-Image & Comparison,facts bro,generic,neutral,14,2025-06-08
C00046_P006,P006,Self-Image & Comparison,no because too accurate 🥲,validation,relatable,10,2025-06-08
C00047_P006,P006,Self-Image & Comparison,lol ok !!,generic,neutral,7,2025-06-08
C00048_P006,P006,Self-Image & Comparison,its too accurate 🥲,validation,relatable,8,2025-06-08
C00049_P006,P006,Self-Image & Comparison,"why does this have no likes, underrated",question,neutral,13,2025-06-08
C00050_P006,P006,Self-Image & Comparison,lol ok sis,generic,neutral,12,2025-06-08
C00051_P006,P006,Self-Image & Comparison,your page will blow up !!,generic,neutral,7,2025-06-08
C00052_P006,P006,Self-Image & Comparison,this speaks for my whole generation ong,validation,relatable,7,2025-06-08
C00053_P006,P006,Self-Image & Comparison,everyone my age is achieving things and I'm here,personal_story,relatable,12,2025-06-08
C00054_P006,P006,Self-Image & Comparison,nah my whole life,validation,relatable,7,2025-06-08
C00055_P006,P006,Self-Image & Comparison,kinda yes,ambiguous,relatable,14,2025-06-08
C00056_P006,P006,Self-Image & Comparison,who allowed you to expose me like this no cap,validation,relatable,12,2025-06-08
C00057_P006,P006,Self-Image & Comparison,this speaks for my whole generation!!,validation,relatable,7,2025-06-08
C00058_P006,P006,Self-Image & Comparison,you read my diary 😭😭,validation,relatable,7,2025-06-08
C00059_P006,P006,Self-Image & Comparison,"sure, totally me",sarcasm,neutral,18,2025-06-08
C00060_P006,P006,Self-Image & Comparison,love htis page macha,generic,neutral,10,2025-06-08
C00061_P006,P006,Self-Image & Comparison,haha,generic,neutral,10,2025-06-08
C00062_P006,P006,Self-Image & Comparison,reporting this for personal damage da,validation,relatable,13,2025-06-08
C00063_P006,P006,Self-Image & Comparison,i live this every single day,validation,relatable,16,2025-06-08
C00064_P006,P006,Self-Image & Comparison,I can't,ambiguous,relatable,18,2025-06-08
C00065_P006,P006,Self-Image & Comparison,🔥🔥,generic,neutral,13,2025-06-08
C00000_P007,P007,Social Anxiety,nah exactly what i go through...,validation,relatable,5,2025-06-09
C00001_P007,P007,Social Anxiety,realest thing on my feed today,ambiguous,relatable,10,2025-06-09
C00002_P007,P007,Social Anxiety,my hands shake when the phone rings too,personal_story,relatable,6,2025-06-09
C00003_P007,P007,Social Anxiety,keep it up !!,generic,neutral,7,2025-06-09
C00004_P007,P007,Social Anxiety,that hit close to home pls,validation,relatable,7,2025-06-09
C00005_P007,P007,Social Anxiety,i agree 🔥,generic,neutral,12,2025-06-09
C00006_P007,P007,Social Anxiety,cool edit 👍,generic,neutral,13,2025-06-09
C00007_P007,P007,Social Anxiety,"another relatable page, how original",sarcasm,neutral,11,2025-06-09
C00008_P007,P007,Social Anxiety,true,generic,neutral,16,2025-06-09
C00009_P007,P007,Social Anxiety,"I rehearse before ordering coffee, no exaggeration",personal_story,relatable,10,2025-06-09
C00010_P007,P007,Social Anxiety,follow for follow? ++,generic,neutral,9,2025-06-09
C00011_P007,P007,Social Anxiety,"SURE, TOTALLY ME",sarcasm,neutral,14,2025-06-09
C00012_P007,P007,Social Anxiety,I paused. sat down. processed. same. da,validation,relatable,8,2025-06-09
C00013_P007,P007,Social Anxiety,"hold on, screenshot of my head lol",validation,relatable,16,2025-06-09
C00014_P007,P007,Social Anxiety,reporting this for personal damage ngl,validation,relatable,5,2025-06-09
C00000_P008,P008,Dating & Situationships,thats exactly what I go through fr fr,validation,relatable,10,2025-06-11
C00001_P008,P008,Dating & Situationships,wait too real,validation,relatable,12,2025-06-11
C00002_P008,P008,Dating & Situationships,free followers in bio sis,generic,neutral,11,2025-06-11
C00003_P008,P008,Dating & Situationships,superb btw,generic,neutral,15,2025-06-11
C00004_P008,P008,Dating & Situationships,literally screenshot of my head 😭😭,validation,relatable,6,2025-06-11
C00005_P008,P008,Dating & Situationships,he said 'we'll see' and I said ok like a fool,personal_story,relatable,9,2025-06-11
C00006_P008,P008,Dating & Situationships,"came here to laugh, stayed to confront myself anna",validation,relatable,16,2025-06-11
C00007_P008,P008,Dating & Situationships,mine left me on delivered for 3 days 😭,personal_story,relatable,14,2025-06-11
C00008_P008,P008,Dating & Situationships,part 3 when?,question,neutral,10,2025-06-11
C00009_P008,P008,Dating & Situationships,why does this feel personal fr,validation,relatable,12,2025-06-11
C00010_P008,P008,Dating & Situationships,follow for follow? 🔥,generic,neutral,9,2025-06-11
C00011_P008,P008,Dating & Situationships,excuse me it me lmaoo,validation,relatable,8,2025-06-11
C00012_P008,P008,Dating & Situationships,what's the song used here?,question,neutral,10,2025-06-11
C00013_P008,P008,Dating & Situationships,painfully accurate 💀,validation,relatable,10,2025-06-11
C00014_P008,P008,Dating & Situationships,can you make one about exams?,question,neutral,11,2025-06-11
C00015_P008,P008,Dating & Situationships,yeah no,ambiguous,neutral,7,2025-06-11
C00016_P008,P008,Dating & Situationships,LOVE THIS PAGE SIS,generic,neutral,17,2025-06-11
C00017_P008,P008,Dating & Situationships,wait the story of my life 😭,validation,relatable,18,2025-06-11
C00018_P008,P008,Dating & Situationships,underrated page fr :),generic,neutral,12,2025-06-11
C00019_P008,P008,Dating & Situationships,the edit quality is insane ++,generic,neutral,11,2025-06-11
C00020_P008,P008,Dating & Situationships,keep it up,generic,neutral,9,2025-06-11
C00021_P008,P008,Dating & Situationships,this is literally me bhai,validation,relatable,13,2025-06-11
C00022_P008,P008,Dating & Situationships,im going to pretend i didn't read this istg,validation,relatable,12,2025-06-11
C00023_P008,P008,Dating & Situationships,every frame is my biography bhai,validation,relatable,8,2025-06-11
C00024_P008,P008,Dating & Situationships,not me my brain on a normal tuesday,validation,relatable,15,2025-06-11
C00025_P008,P008,Dating & Situationships,what app is this?,question,neutral,14,2025-06-11
C00026_P008,P008,Dating & Situationships,"hold on, my everyday routine pls",validation,relatable,16,2025-06-11
C00027_P008,P008,Dating & Situationships,the way so me fr,validation,relatable,13,2025-06-11
C00028_P008,P008,Dating & Situationships,who allowed you to expose me like this pls,validation,relatable,12,2025-06-11
C00029_P008,P008,Dating & Situationships,took the words right out of my mouth,validation,relatable,10,2025-06-11
C00030_P008,P008,Dating & Situationships,it's too accurate lmao,validation,relatable,15,2025-06-11
C00031_P008,P008,Dating & Situationships,why is this my brain on a normal tuesday fr,validation,relatable,14,2025-06-11
C00032_P008,P008,Dating & Situationships,hurts but fair,ambiguous,relatable,6,2025-06-11
C00033_P008,P008,Dating & Situationships,hello?? my last three years in one video da,validation,relatable,5,2025-06-11
C00034_P008,P008,Dating & Situationships,KEEP IT UP MACHA,generic,neutral,10,2025-06-11
C00035_P008,P008,Dating & Situationships,I DIDN'T CONSENT TO BEING EXPOSED NGL,validation,relatable,13,2025-06-11
C00036_P008,P008,Dating & Situationships,sir this is my diary page anna,validation,relatable,18,2025-06-11
C00037_P008,P008,Dating & Situationships,why is this it me ong,validation,relatable,8,2025-06-11
C00038_P008,P008,Dating & Situationships,"why does this have no likes, underrated",question,neutral,11,2025-06-11
C00039_P008,P008,Dating & Situationships,can we get a version with english subtitles?,question,neutral,10,2025-06-11
C00040_P008,P008,Dating & Situationships,ok this is a mood,ambiguous,neutral,17,2025-06-11
C00041_P008,P008,Dating & Situationships,not to be dramatic but this post understood me better than my last three conversations yaar,validation,relatable,14,2025-06-11
C00042_P008,P008,Dating & Situationships,UNCOMFORTABLY ACCURATE,ambiguous,neutral,14,2025-06-11
C00043_P008,P008,Dating & Situationships,the edit quality is insaen :),generic,neutral,10,2025-06-11
C00044_P008,P008,Dating & Situationships,is this based on real events?,question,neutral,10,2025-06-11
C00045_P008,P008,Dating & Situationships,supeeerb 🔥,generic,neutral,9,2025-06-11
C00046_P008,P008,Dating & Situationships,yes because everyone does this obviously,sarcasm,neutral,6,2025-06-11
C00047_P008,P008,Dating & Situationships,sir this is my diary page fr fr,validation,relatable,14,2025-06-11
C00048_P008,P008,Dating & Situationships,lol ok,generic,neutral,13,2025-06-11
C00049_P008,P008,Dating & Situationships,first comment bro,generic,neutral,22,2025-06-11
C00050_P008,P008,Dating & Situationships,why is nobody talking about how accurate this is,ambiguous,neutral,19,2025-06-11
C00051_P008,P008,Dating & Situationships,I'm going to pretend I didn't read this istg,validation,relatable,11,2025-06-11
C00052_P008,P008,Dating & Situationships,"another relatable page, how original",sarcasm,neutral,13,2025-06-11
C00053_P008,P008,Dating & Situationships,this is a documentary about me 🥲🥲,validation,relatable,16,2025-06-11
C00000_P009,P009,Money Struggles,true :),generic,neutral,12,2025-06-12
C00001_P009,P009,Money Struggles,TREU THAT !!,generic,neutral,12,2025-06-12
C00002_P009,P009,Money Struggles,true that macha,generic,neutral,10,2025-06-12
C00003_P009,P009,Money Struggles,it's too accurate istg,validation,relatable,7,2025-06-12
C00004_P009,P009,Money Struggles,not me screenshot of my head fr,validation,relatable,12,2025-06-12
C00005_P009,P009,Money Struggles,saved this for the next time it happens ong,validation,relatable,11,2025-06-12
C00006_P009,P009,Money Struggles,wait my everyday routine ?!,validation,relatable,13,2025-06-12
C00007_P009,P009,Money Struggles,sending this to the group chat with no context lmao,validation,relatable,11,2025-06-12
C00008_P009,P009,Money Struggles,genuinely how do you know my life 😅,validation,relatable,14,2025-06-12
C00009_P009,P009,Money Struggles,haha sis,generic,neutral,11,2025-06-12
C00010_P009,P009,Money Struggles,not me a documentary abuot me pls,validation,relatable,11,2025-06-12
C00011_P009,P009,Money Struggles,wait my whole life no cap,validation,relatable,14,2025-06-12
C00012_P009,P009,Money Struggles,which app is this?,generic,neutral,10,2025-06-12
C00013_P009,P009,Money Struggles,the timing of this post is suspicious 😭😭,validation,relatable,8,2025-06-12
C00014_P009,P009,Money Struggles,i paused. sat down. processed. same. anna,validation,relatable,5,2025-06-12
C00015_P009,P009,Money Struggles,I live this every single day da,validation,relatable,13,2025-06-12
C00016_P009,P009,Money Struggles,the way the story of my life fr fr,validation,relatable,12,2025-06-12
C00017_P009,P009,Money Struggles,ok but a documentary about me yaar,validation,relatable,12,2025-06-12
C00018_P009,P009,Money Struggles,this is so me...,validation,relatable,8,2025-06-12
C00019_P009,P009,Money Struggles,exactly this,ambiguous,neutral,8,2025-06-12
C00020_P009,P009,Money Struggles,who allowed you to expose me like this no cap,validation,relatable,5,2025-06-12
C00021_P009,P009,Money Struggles,crying,ambiguous,neutral,10,2025-06-12
C00022_P009,P009,Money Struggles,who hurt you bro,sarcasm,neutral,11,2025-06-12
C00023_P009,P009,Money Struggles,Rs.200 is not small when you have Rs.400,personal_story,relatable,10,2025-06-12
C00024_P009,P009,Money Struggles,ok but so me bhai,validation,relatable,10,2025-06-12
C00025_P009,P009,Money Struggles,excuse me exactly what I go through anna,validation,relatable,15,2025-06-12
C00026_P009,P009,Money Struggles,not me personal at this point 😭,validation,relatable,10,2025-06-12
C00027_P009,P009,Money Struggles,every frame is my biography fr,validation,relatable,11,2025-06-12
C00028_P009,P009,Money Struggles,love this page 🔥,generic,neutral,13,2025-06-12
C00029_P009,P009,Money Struggles,awesome work!,generic,neutral,10,2025-06-12
C00030_P009,P009,Money Struggles,I relate to this too much...,validation,relatable,12,2025-06-12
C00031_P009,P009,Money Struggles,sir this is my diary page,validation,relatable,14,2025-06-12
C00032_P009,P009,Money Struggles,literally too real 🥲🥲,validation,relatable,16,2025-06-12
C00033_P009,P009,Money Struggles,I've never been so seen ?!,validation,relatable,8,2025-06-12
C00034_P009,P009,Money Struggles,this is literally me no cap,validation,relatable,15,2025-06-12
C00035_P009,P009,Money Struggles,sending this to the group chat with no context bhai,validation,relatable,11,2025-06-12
C00036_P009,P009,Money Struggles,this is so me lol,validation,relatable,9,2025-06-12
C00037_P009,P009,Money Struggles,🔥🔥,generic,neutral,10,2025-06-12
C00038_P009,P009,Money Struggles,HAHA TRUE!,generic,neutral,17,2025-06-12
C00039_P009,P009,Money Struggles,when is part 2?,generic,neutral,11,2025-06-12
C00040_P009,P009,Money Struggles,no because the story of my life 😭,validation,relatable,9,2025-06-12
C00041_P009,P009,Money Struggles,dm for promotions bro,generic,neutral,12,2025-06-12
C00042_P009,P009,Money Struggles,fr a documentary about me ong,validation,relatable,9,2025-06-12
C00043_P009,P009,Money Struggles,this is just basic psychology,sarcasm,neutral,7,2025-06-12
C00044_P009,P009,Money Struggles,my account balance is a horror movie,personal_story,relatable,7,2025-06-12
C00045_P009,P009,Money Struggles,genuinely how do you know my life ?!,validation,relatable,7,2025-06-12
C00046_P009,P009,Money Struggles,watched this five times already!!,validation,relatable,8,2025-06-12
C00047_P009,P009,Money Struggles,no becaues my whole life ?!,validation,relatable,8,2025-06-12
C00048_P009,P009,Money Struggles,deserves way more likes sis,generic,neutral,12,2025-06-12
C00049_P009,P009,Money Struggles,yes because everyone does this obviously,sarcasm,neutral,8,2025-06-12
C00050_P009,P009,Money Struggles,I live this every single day...,validation,relatable,10,2025-06-12
C00000_P010,P010,College & Hostel Life,BRO MY WHOLE LIFE 🥲🥲,validation,relatable,7,2025-06-13
C00001_P010,P010,College & Hostel Life,the honesty is refreshing,ambiguous,relatable,7,2025-06-13
C00002_P010,P010,College & Hostel Life,collab? dm us,spam,neutral,10,2025-06-13
C00003_P010,P010,College & Hostel Life,mood.,ambiguous,relatable,8,2025-06-13
C00004_P010,P010,College & Hostel Life,i paused. sat down. processed. same.,validation,relatable,10,2025-06-13
C00005_P010,P010,College & Hostel Life,painfully accurate ngl,validation,relatable,11,2025-06-13
C00006_P010,P010,College & Hostel Life,this is so me ngl,validation,relatable,12,2025-06-13
C00007_P010,P010,College & Hostel Life,which app is this? !!,generic,neutral,6,2025-06-13
C00008_P010,P010,College & Hostel Life,nah my whole life 🥲,validation,relatable,13,2025-06-13
C00009_P010,P010,College & Hostel Life,keep it up btw,generic,neutral,12,2025-06-13
C00010_P010,P010,College & Hostel Life,its too accurate anna,validation,relatable,7,2025-06-13
C00011_P010,P010,College & Hostel Life,part 3 when?,question,neutral,14,2025-06-13
C00012_P010,P010,College & Hostel Life,I live this every singel day!!,validation,relatable,15,2025-06-13
C00013_P010,P010,College & Hostel Life,8am classes should be illegal,personal_story,relatable,6,2025-06-13
C00014_P010,P010,College & Hostel Life,not me literally me da,validation,relatable,9,2025-06-13
C00015_P010,P010,College & Hostel Life,OK SO LITERALLY ME 😭,validation,relatable,13,2025-06-13
C00016_P010,P010,College & Hostel Life,can we get a version with english subtitles?,question,neutral,13,2025-06-13
C00017_P010,P010,College & Hostel Life,crypto class in bio 🔥,spam,neutral,8,2025-06-13
C00018_P010,P010,College & Hostel Life,🚀🚀 grow your account fast,spam,neutral,8,2025-06-13
C00019_P010,P010,College & Hostel Life,background music name? btw,generic,neutral,10,2025-06-13
C00020_P010,P010,College & Hostel Life,nah so me 🥲🥲,validation,relatable,11,2025-06-13
C00021_P010,P010,College & Hostel Life,it hit,ambiguous,neutral,12,2025-06-13
C00022_P010,P010,College & Hostel Life,"earn 5000 daily, link in bio",spam,neutral,10,2025-06-13
C00023_P010,P010,College & Hostel Life,i'm going to pretend i didn't read this!!,validation,relatable,10,2025-06-13
C00024_P010,P010,College & Hostel Life,I'm going to pretend I didn't read this ngl,validation,relatable,13,2025-06-13
C00025_P010,P010,College & Hostel Life,ok boomer,sarcasm,neutral,6,2025-06-13
C00026_P010,P010,College & Hostel Life,painfully accurate bhai,validation,relatable,9,2025-06-13
C00027_P010,P010,College & Hostel Life,make one about first job interviews please,question,neutral,12,2025-06-13
C00028_P010,P010,College & Hostel Life,stating the obvious since 2020,sarcasm,neutral,15,2025-06-13
C00029_P010,P010,College & Hostel Life,"why did this describe my entire existence in 30 seconds, I'm fliing a complaint lol",validation,relatable,11,2025-06-13
C00030_P010,P010,College & Hostel Life,it's too accurate 😭😭,validation,relatable,11,2025-06-13
C00031_P010,P010,College & Hostel Life,who hurt you bro,sarcasm,neutral,7,2025-06-13
C00032_P010,P010,College & Hostel Life,check my page,generic,neutral,10,2025-06-13
C00033_P010,P010,College & Hostel Life,true btw,generic,neutral,11,2025-06-13
C00034_P010,P010,College & Hostel Life,wait screenshot of my head anna,validation,relatable,9,2025-06-13
C00035_P010,P010,College & Hostel Life,background music name?!,generic,neutral,9,2025-06-13
C00036_P010,P010,College & Hostel Life,sir this is my diary page bhai,validation,relatable,10,2025-06-13
C00037_P010,P010,College & Hostel Life,DM for promotion 📩,spam,neutral,5,2025-06-13
C00038_P010,P010,College & Hostel Life,I PAUSED. SAT DOWN. PROCESSED. SAME. LOL,validation,relatable,9,2025-06-13
C00039_P010,P010,College & Hostel Life,hello?? it me 😅,validation,relatable,8,2025-06-13
C00040_P010,P010,College & Hostel Life,why is this a mood,ambiguous,relatable,9,2025-06-13
C00041_P010,P010,College & Hostel Life,"came here to laugh, stayed to confront myself",validation,relatable,7,2025-06-13
C00000_P011,P011,Family Pressure,haha 👍,generic,neutral,7,2025-06-15
C00001_P011,P011,Family Pressure,i came to instagram to turn my brain off and instead you described it perfectly 💀,validation,relatable,11,2025-06-15
C00002_P011,P011,Family Pressure,every frame is my biography 😭,validation,relatable,11,2025-06-15
C00003_P011,P011,Family Pressure,great content sis,generic,neutral,13,2025-06-15
C00004_P011,P011,Family Pressure,first comment,generic,neutral,10,2025-06-15
C00005_P011,P011,Family Pressure,"came here to laugh, stayed to confront myself!!",validation,relatable,7,2025-06-15
C00006_P011,P011,Family Pressure,excsue me screenshot of my head 😭😭,validation,relatable,9,2025-06-15
C00007_P011,P011,Family Pressure,i paused. sta down. processed. same. no cap,validation,relatable,10,2025-06-15
C00008_P011,P011,Family Pressure,ok this is a mood,ambiguous,relatable,12,2025-06-15
C00009_P011,P011,Family Pressure,"Im the family NGO, free labour included",personal_story,relatable,11,2025-06-15
C00010_P011,P011,Family Pressure,exactly.,ambiguous,relatable,10,2025-06-15
C00011_P011,P011,Family Pressure,this is the kind of post you save at 2am and rewatch when it happens again ong,validation,relatable,18,2025-06-15
C00000_P012,P012,Self-Image & Comparison,haha :),generic,neutral,8,2025-06-16
C00001_P012,P012,Self-Image & Comparison,personally attacked,ambiguous,neutral,15,2025-06-16
C00002_P012,P012,Self-Image & Comparison,wow okay,ambiguous,relatable,7,2025-06-16
C00003_P012,P012,Self-Image & Comparison,the algorithm finally did something right btw,generic,neutral,11,2025-06-16
C00004_P012,P012,Self-Image & Comparison,check my page,generic,neutral,10,2025-06-16
C00005_P012,P012,Self-Image & Comparison,can you make one about exams?,question,neutral,17,2025-06-16
C00006_P012,P012,Self-Image & Comparison,follow for follow?,generic,neutral,7,2025-06-16
C00007_P012,P012,Self-Image & Comparison,"uninstalled Instagram twice, reinstalled in a day",personal_story,relatable,10,2025-06-16
C00008_P012,P012,Self-Image & Comparison,i'm going to pretend i didn't read this 😭,validation,relatable,17,2025-06-16
C00009_P012,P012,Self-Image & Comparison,not this again,ambiguous,neutral,14,2025-06-16
C00010_P012,P012,Self-Image & Comparison,READING THIS AT 3AM WAS A MISTAKE PLS,validation,relatable,13,2025-06-16
C00011_P012,P012,Self-Image & Comparison,seen.,ambiguous,neutral,9,2025-06-16
C00012_P012,P012,Self-Image & Comparison,deep. very deep.,sarcasm,neutral,8,2025-06-16
C00013_P012,P012,Self-Image & Comparison,background music name? sis,generic,neutral,12,2025-06-16
C00014_P012,P012,Self-Image & Comparison,no yeah,ambiguous,relatable,15,2025-06-16
C00015_P012,P012,Self-Image & Comparison,sir this is my diary page ngl,validation,relatable,11,2025-06-16
C00016_P012,P012,Self-Image & Comparison,ok so personal at this point fr fr,validation,relatable,11,2025-06-16
C00017_P012,P012,Self-Image & Comparison,ok so too real lol,validation,relatable,9,2025-06-16
C00018_P012,P012,Self-Image & Comparison,everyone my age is achieving things and I'm here,personal_story,relatable,13,2025-06-16
C00019_P012,P012,Self-Image & Comparison,it's too accurate ong,validation,relatable,8,2025-06-16
C00020_P012,P012,Self-Image & Comparison,deserves way more likes bro,generic,neutral,9,2025-06-16
C00021_P012,P012,Self-Image & Comparison,excuse me my whole life 🥲🥲,validation,relatable,10,2025-06-16
C00022_P012,P012,Self-Image & Comparison,bro literally me lol,validation,relatable,11,2025-06-16
C00023_P012,P012,Self-Image & Comparison,when is part 2? bro,generic,neutral,9,2025-06-16
C00024_P012,P012,Self-Image & Comparison,song name please? macha,generic,neutral,7,2025-06-16
C00025_P012,P012,Self-Image & Comparison,exactly.,ambiguous,neutral,12,2025-06-16
C00026_P012,P012,Self-Image & Comparison,it hit,ambiguous,relatable,9,2025-06-16
C00027_P012,P012,Self-Image & Comparison,keep it up 🔥,generic,neutral,11,2025-06-16
C00028_P012,P012,Self-Image & Comparison,lol ok!,generic,neutral,8,2025-06-16
C00029_P012,P012,Self-Image & Comparison,that's so me 😭😭,validation,relatable,11,2025-06-16
C00030_P012,P012,Self-Image & Comparison,fr personal at this point istg,validation,relatable,11,2025-06-16
C00031_P012,P012,Self-Image & Comparison,real,ambiguous,neutral,6,2025-06-16
C00032_P012,P012,Self-Image & Comparison,the edit quality is insane :),generic,neutral,9,2025-06-16
C00033_P012,P012,Self-Image & Comparison,ok but it me lmao,validation,relatable,8,2025-06-16
C00034_P012,P012,Self-Image & Comparison,sending this to the group chat with no context anna,validation,relatable,6,2025-06-16
C00035_P012,P012,Self-Image & Comparison,fake deep,sarcasm,neutral,18,2025-06-16
C00036_P012,P012,Self-Image & Comparison,great content macha,generic,neutral,9,2025-06-16
C00037_P012,P012,Self-Image & Comparison,it's one thing to make a meme and another to describe my whole personality 🥲,validation,relatable,13,2025-06-16
C00038_P012,P012,Self-Image & Comparison,I AGREE MACHA,generic,neutral,9,2025-06-16
C00039_P012,P012,Self-Image & Comparison,every frame is my biography 😅,validation,relatable,12,2025-06-16
C00040_P012,P012,Self-Image & Comparison,🔥🔥 macha,generic,neutral,13,2025-06-16
C00041_P012,P012,Self-Image & Comparison,fr me in one post fr,validation,relatable,11,2025-06-16
C00042_P012,P012,Self-Image & Comparison,kinda yes,ambiguous,relatable,10,2025-06-16
C00043_P012,P012,Self-Image & Comparison,wait my last three years in one video 😭😭,validation,relatable,10,2025-06-16
C00044_P012,P012,Self-Image & Comparison,"found this page today, already binged everything bro",generic,neutral,10,2025-06-16
C00045_P012,P012,Self-Image & Comparison,nice post !!,generic,neutral,15,2025-06-16
C00046_P012,P012,Self-Image & Comparison,THIS SPEAKS FOR MY WHOLE GENERATION 🥲🥲,validation,relatable,14,2025-06-16
C00047_P012,P012,Self-Image & Comparison,ok so the story of my life,validation,relatable,16,2025-06-16
C00048_P012,P012,Self-Image & Comparison,the way I did this exact thing this morning and now I'm being called out publicly 🥲🥲,validation,relatable,7,2025-06-16
C00049_P012,P012,Self-Image & Comparison,superb!,generic,neutral,13,2025-06-16
C00050_P012,P012,Self-Image & Comparison,fr my biography 😭,validation,relatable,16,2025-06-16
C00051_P012,P012,Self-Image & Comparison,I paused. sat down. processed. same. pls,validation,relatable,8,2025-06-16
C00052_P012,P012,Self-Image & Comparison,part 3 when?,question,neutral,6,2025-06-16
C00053_P012,P012,Self-Image & Comparison,i'm going to pretend i didn't read this ngl,validation,relatable,13,2025-06-16
C00054_P012,P012,Self-Image & Comparison,do you take content requests?,question,neutral,11,2025-06-16
C00055_P012,P012,Self-Image & Comparison,oh.,ambiguous,relatable,14,2025-06-16
C00056_P012,P012,Self-Image & Comparison,your page will blow up macha,generic,neutral,8,2025-06-16
C00057_P012,P012,Self-Image & Comparison,reporting this for personal damage 💀,validation,relatable,13,2025-06-16
C00058_P012,P012,Self-Image & Comparison,literally screenshot of my head ?!,validation,relatable,8,2025-06-16
C00059_P012,P012,Self-Image & Comparison,dm for promotions sis,generic,neutral,8,2025-06-16
C00060_P012,P012,Self-Image & Comparison,Im in this post and I don't like it istg,validation,relatable,8,2025-06-16
C00061_P012,P012,Self-Image & Comparison,SONG NAME PLEASE? 🔥,generic,neutral,13,2025-06-16
C00062_P012,P012,Self-Image & Comparison,bro my brain on a normal tuesday ?!,validation,relatable,12,2025-06-16
C00063_P012,P012,Self-Image & Comparison,it's the accuracy for me,ambiguous,neutral,11,2025-06-16
C00064_P012,P012,Self-Image & Comparison,"sent this to my best friend at 2am and she replied why is this us, I still have no answer 💀",validation,relatable,10,2025-06-16
C00065_P012,P012,Self-Image & Comparison,ok but too real lmao,validation,relatable,14,2025-06-16
C00066_P012,P012,Self-Image & Comparison,where are you from?,question,neutral,10,2025-06-16
C00067_P012,P012,Self-Image & Comparison,no because exactly what I go through fr fr,validation,relatable,13,2025-06-16
C00068_P012,P012,Self-Image & Comparison,which app is this?,generic,neutral,10,2025-06-16
C00069_P012,P012,Self-Image & Comparison,i paused. sat down. processed. same. lmao,validation,relatable,10,2025-06-16
C00070_P012,P012,Self-Image & Comparison,"hold on, personal at this point ngl",validation,relatable,10,2025-06-16
C00071_P012,P012,Self-Image & Comparison,you read my diary 💀,validation,relatable,9,2025-06-16
C00072_P012,P012,Self-Image & Comparison,this speaks for my whole generation bhai,validation,relatable,13,2025-06-16
C00073_P012,P012,Self-Image & Comparison,that's my whole life no cap,validation,relatable,11,2025-06-16
C00074_P012,P012,Self-Image & Comparison,this is so me ?!,validation,relatable,9,2025-06-16
C00075_P012,P012,Self-Image & Comparison,haha macha,generic,neutral,15,2025-06-16
C00076_P012,P012,Self-Image & Comparison,which app is this? sis,generic,neutral,10,2025-06-16
C00077_P012,P012,Self-Image & Comparison,took the words right out of my mouth 😭😭,validation,relatable,11,2025-06-16
C00078_P012,P012,Self-Image & Comparison,any tips for the 2am version of this?,question,neutral,15,2025-06-16
C00079_P012,P012,Self-Image & Comparison,first comment,generic,neutral,12,2025-06-16
C00080_P012,P012,Self-Image & Comparison,NAH THE STORY OF MY LIFE NGL,validation,relatable,7,2025-06-16
C00081_P012,P012,Self-Image & Comparison,ok this is a mood,ambiguous,neutral,16,2025-06-16
C00082_P012,P012,Self-Image & Comparison,that's too real istg,validation,relatable,12,2025-06-16
C00083_P012,P012,Self-Image & Comparison,dm for promotions :),generic,neutral,9,2025-06-16
C00084_P012,P012,Self-Image & Comparison,not to be dramatic but this post understood me better than my last three conversations ong,validation,relatable,8,2025-06-16
C00085_P012,P012,Self-Image & Comparison,the ending 😭,ambiguous,neutral,13,2025-06-16
C00086_P012,P012,Self-Image & Comparison,who allowed you to expose me like this,validation,relatable,12,2025-06-16
C00087_P012,P012,Self-Image & Comparison,how long did this take to edit?,question,neutral,11,2025-06-16
C00088_P012,P012,Self-Image & Comparison,why is this screenshot of my head 😭😭,validation,relatable,15,2025-06-16
C00089_P012,P012,Self-Image & Comparison,bro my everyday routine 💀,validation,relatable,13,2025-06-16
C00090_P012,P012,Self-Image & Comparison,song name please? !!,generic,neutral,8,2025-06-16
C00091_P012,P012,Self-Image & Comparison,every frame is my biography istg,validation,relatable,9,2025-06-16
C00092_P012,P012,Self-Image & Comparison,🔥🔥 ++,generic,neutral,9,2025-06-16
C00093_P012,P012,Self-Image & Comparison,the honesty is refreshing,ambiguous,neutral,13,2025-06-16
C00094_P012,P012,Self-Image & Comparison,what's the song used here?,question,neutral,6,2025-06-16
C00095_P012,P012,Self-Image & Comparison,sending this to the group chat with no context!!,validation,relatable,11,2025-06-16
C00096_P012,P012,Self-Image & Comparison,I relate to this too much...,validation,relatable,13,2025-06-16
C00097_P012,P012,Self-Image & Comparison,background music name? :),generic,neutral,14,2025-06-16
C00098_P012,P012,Self-Image & Comparison,haha true macha,generic,neutral,9,2025-06-16
C00099_P012,P012,Self-Image & Comparison,I'm going ot pretend I didn't read this,validation,relatable,14,2025-06-16
C00100_P012,P012,Self-Image & Comparison,I came to instagram to turn my brain off and instead you described it perfectly 🥲🥲,validation,relatable,7,2025-06-16
C00101_P012,P012,Self-Image & Comparison,this is literally me fr fr,validation,relatable,14,2025-06-16
C00102_P012,P012,Self-Image & Comparison,haha ++,generic,neutral,7,2025-06-16
C00103_P012,P012,Self-Image & Comparison,not the last line,ambiguous,relatable,10,2025-06-16
C00104_P012,P012,Self-Image & Comparison,reporting this for personal damage fr,validation,relatable,13,2025-06-16
C00105_P012,P012,Self-Image & Comparison,watched this five times already ong,validation,relatable,8,2025-06-16
C00106_P012,P012,Self-Image & Comparison,the edit quality is insane btw,generic,neutral,9,2025-06-16
C00107_P012,P012,Self-Image & Comparison,😍 🔥,generic,neutral,12,2025-06-16
C00108_P012,P012,Self-Image & Comparison,"came here to laugh, stayed to confront myself pls",validation,relatable,12,2025-06-16
C00109_P012,P012,Self-Image & Comparison,the caption though,ambiguous,relatable,12,2025-06-16
C00110_P012,P012,Self-Image & Comparison,not me literally me 😭😭,validation,relatable,12,2025-06-16
C00111_P012,P012,Self-Image & Comparison,dm for promotions !!,generic,neutral,11,2025-06-16
C00112_P012,P012,Self-Image & Comparison,I didn't consent to being exposed lol,validation,relatable,9,2025-06-16
C00113_P012,P012,Self-Image & Comparison,first comment sis,generic,neutral,10,2025-06-16
C00114_P012,P012,Self-Image & Comparison,this is my 13th reason (affectionate),ambiguous,relatable,8,2025-06-16
C00115_P012,P012,Self-Image & Comparison,that hit close to home ngl,validation,relatable,15,2025-06-16
C00116_P012,P012,Self-Image & Comparison,the timing of this post is suspicious fr fr,validation,relatable,11,2025-06-16
C00117_P012,P012,Self-Image & Comparison,this is just basic psychology,sarcasm,neutral,10,2025-06-16
C00118_P012,P012,Self-Image & Comparison,this is too accurate...,validation,relatable,10,2025-06-16
C00119_P012,P012,Self-Image & Comparison,which app is this?!,generic,neutral,16,2025-06-16
C00000_P013,P013,Social Anxiety,love this page btw,generic,neutral,12,2025-06-17
C00001_P013,P013,Social Anxiety,excuse me me in one post fr,validation,relatable,15,2025-06-17
C00002_P013,P013,Social Anxiety,my hands shake when the phone rings too,personal_story,relatable,12,2025-06-17
C00003_P013,P013,Social Anxiety,i relate to this too much...,validation,relatable,8,2025-06-17
C00004_P013,P013,Social Anxiety,this is screenshot of my head yaar,validation,relatable,11,2025-06-17
C00005_P013,P013,Social Anxiety,underrated page fr 🔥,generic,neutral,12,2025-06-17
C00006_P013,P013,Social Anxiety,the edit quality is insane,generic,neutral,10,2025-06-17
C00007_P013,P013,Social Anxiety,it's one thing to make a meme and another to describe my whole personality ngl,validation,relatable,13,2025-06-17
C00008_P013,P013,Social Anxiety,sending this to the group chat with no context!!,validation,relatable,15,2025-06-17
C00009_P013,P013,Social Anxiety,why is nobody talking about how accurate this is,ambiguous,relatable,15,2025-06-17
C00010_P013,P013,Social Anxiety,why is this a mood,ambiguous,relatable,10,2025-06-17
C00011_P013,P013,Social Anxiety,awesome work :),generic,neutral,7,2025-06-17
C00012_P013,P013,Social Anxiety,the way my everyday routine!!,validation,relatable,18,2025-06-17
C00013_P013,P013,Social Anxiety,who allowed yooou to expose me like this 💀,validation,relatable,14,2025-06-17
C00014_P013,P013,Social Anxiety,fr my whole life bhai,validation,relatable,7,2025-06-17
C00015_P013,P013,Social Anxiety,first comment,generic,neutral,15,2025-06-17
C00016_P013,P013,Social Anxiety,so true 🔥,generic,neutral,14,2025-06-17
C00017_P013,P013,Social Anxiety,TRUE THAT !!,generic,neutral,11,2025-06-17
C00000_P014,P014,Dating & Situationships,why is this a mood,ambiguous,neutral,10,2025-06-19
C00001_P014,P014,Dating & Situationships,great content :),generic,neutral,11,2025-06-19
C00002_P014,P014,Dating & Situationships,SEEN.,ambiguous,relatable,15,2025-06-19
C00003_P014,P014,Dating & Situationships,stating the obvious since 2020,sarcasm,neutral,10,2025-06-19
C00004_P014,P014,Dating & Situationships,FR MY WHOLE LIFE ONG,validation,relatable,10,2025-06-19
C00005_P014,P014,Dating & Situationships,why is this my whole life ong,validation,relatable,13,2025-06-19
C00006_P014,P014,Dating & Situationships,this one,ambiguous,neutral,10,2025-06-19
C00007_P014,P014,Dating & Situationships,ok so a documentary about me 😭,validation,relatable,9,2025-06-19
C00008_P014,P014,Dating & Situationships,deserves way more likes bro,generic,neutral,10,2025-06-19
C00009_P014,P014,Dating & Situationships,"sure, totally me",sarcasm,neutral,8,2025-06-19
C00010_P014,P014,Dating & Situationships,I didn't consent to being exposed anna,validation,relatable,8,2025-06-19
C00011_P014,P014,Dating & Situationships,you read my diary ngl,validation,relatable,11,2025-06-19
C00012_P014,P014,Dating & Situationships,love this page :),generic,neutral,10,2025-06-19
C00013_P014,P014,Dating & Situationships,hello?? srceenshot of my head no cap,validation,relatable,15,2025-06-19
C00014_P014,P014,Dating & Situationships,mine left me on delivered for 3 days 😭,personal_story,relatable,10,2025-06-19
C00000_P015,P015,Money Struggles,I agree macha,generic,neutral,7,2025-06-20
C00001_P015,P015,Money Struggles,this is so me lol,validation,relatable,20,2025-06-20
C00002_P015,P015,Money Struggles,this is literally me bhai,validation,relatable,11,2025-06-20
C00003_P015,P015,Money Struggles,deserves way more likes sis,generic,neutral,11,2025-06-20
C00004_P015,P015,Money Struggles,reporting this for personal damage lmaoo,validation,relatable,6,2025-06-20
C00005_P015,P015,Money Struggles,no yeah,ambiguous,neutral,13,2025-06-20
C00006_P015,P015,Money Struggles,check my page btw,generic,neutral,8,2025-06-20
C00007_P015,P015,Money Struggles,why is this a mood,ambiguous,relatable,15,2025-06-20
C00008_P015,P015,Money Struggles,LOVE THIS PAGE!,generic,neutral,8,2025-06-20
C00009_P015,P015,Money Struggles,Rs.200 is not small when you have Rs.400,personal_story,relatable,8,2025-06-20
C00010_P015,P015,Money Struggles,exactly.,ambiguous,relatable,6,2025-06-20
C00011_P015,P015,Money Struggles,i didn't consent to being exposed 🥲🥲,validation,relatable,10,2025-06-20
C00012_P015,P015,Money Struggles,saved this for the next time it happens,validation,relatable,11,2025-06-20
C00013_P015,P015,Money Struggles,this felt personal,ambiguous,relatable,6,2025-06-20
C00014_P015,P015,Money Struggles,so true!,generic,neutral,13,2025-06-20
C00015_P015,P015,Money Struggles,background music name? btw,generic,neutral,10,2025-06-20
C00016_P015,P015,Money Struggles,which app is this? sis,generic,neutral,11,2025-06-20
C00017_P015,P015,Money Struggles,I relate to this too much da,validation,relatable,10,2025-06-20
C00000_P016,P016,College & Hostel Life,free followers in bio sis,generic,neutral,16,2025-06-22
C00001_P016,P016,College & Hostel Life,I live this every single day bhai,validation,relatable,10,2025-06-22
C00002_P016,P016,College & Hostel Life,lol ok sis,generic,neutral,9,2025-06-22
C00003_P016,P016,College & Hostel Life,this speaks for my whole generation lmao,validation,relatable,12,2025-06-22
C00004_P016,P016,College & Hostel Life,true ++,generic,neutral,10,2025-06-22
C00005_P016,P016,College & Hostel Life,why is this too real 🥲,validation,relatable,5,2025-06-22
C00006_P016,P016,College & Hostel Life,"sure, totally me",sarcasm,neutral,8,2025-06-22
C00007_P016,P016,College & Hostel Life,DM for promotion 📩,spam,neutral,12,2025-06-22
C00008_P016,P016,College & Hostel Life,stating the obvious since 2020,sarcasm,neutral,12,2025-06-22
C00009_P016,P016,College & Hostel Life,our mess soup is just hot water with regret,personal_story,relatable,5,2025-06-22
C00010_P016,P016,College & Hostel Life,true btw,generic,neutral,8,2025-06-22
C00011_P016,P016,College & Hostel Life,can you make one about exams?,question,neutral,9,2025-06-22
C00012_P016,P016,College & Hostel Life,award for most generic post goes to,sarcasm,neutral,12,2025-06-22
C00013_P016,P016,College & Hostel Life,i didn't consent to being exposed ?!,validation,relatable,5,2025-06-22
C00014_P016,P016,College & Hostel Life,this is my biography lmao,validation,relatable,7,2025-06-22
C00000_P017,P017,Family Pressure,background music name? bro,generic,neutral,12,2025-06-23
C00001_P017,P017,Family Pressure,exactly this,ambiguous,relatable,8,2025-06-23
C00002_P017,P017,Family Pressure,the way too accurate pls,validation,relatable,9,2025-06-23
C00003_P017,P017,Family Pressure,smooth transitions :),generic,neutral,15,2025-06-23
C00004_P017,P017,Family Pressure,your page will blow up btw,generic,neutral,5,2025-06-23
C00005_P017,P017,Family Pressure,reporting this for personal damage ong,validation,relatable,7,2025-06-23
C00006_P017,P017,Family Pressure,"I'm the family NGO, free labour included",personal_story,relatable,8,2025-06-23
C00007_P017,P017,Family Pressure,haha bro,generic,neutral,5,2025-06-23
C00008_P017,P017,Family Pressure,this is too accurate yaar,validation,relatable,8,2025-06-23
C00009_P017,P017,Family Pressure,I've never been so seen 😅,validation,relatable,11,2025-06-23
C00010_P017,P017,Family Pressure,stating the obvious since 2020,sarcasm,neutral,10,2025-06-23
C00011_P017,P017,Family Pressure,literally my everyday routine lol,validation,relatable,15,2025-06-23
C00012_P017,P017,Family Pressure,THIS ONE,ambiguous,neutral,13,2025-06-23
C00013_P017,P017,Family Pressure,personally attacked,ambiguous,neutral,9,2025-06-23
C00014_P017,P017,Family Pressure,literally screenshot of my head 😅,validation,relatable,9,2025-06-23
C00015_P017,P017,Family Pressure,not me literally me pls,validation,relatable,10,2025-06-23
C00016_P017,P017,Family Pressure,why is nobody talking about how accurate this is,ambiguous,relatable,11,2025-06-23
C00017_P017,P017,Family Pressure,true that,generic,neutral,9,2025-06-23
C00018_P017,P017,Family Pressure,nice post macha,generic,neutral,12,2025-06-23
C00019_P017,P017,Family Pressure,this is my brain on a normal tuesday 😅,validation,relatable,10,2025-06-23
C00020_P017,P017,Family Pressure,the edit quality is insane bro,generic,neutral,11,2025-06-23
C00021_P017,P017,Family Pressure,nah too real!!,validation,relatable,10,2025-06-23
C00022_P017,P017,Family Pressure,not me my whole life no cap,validation,relatable,9,2025-06-23
C00023_P017,P017,Family Pressure,dm for promotions 🔥,generic,neutral,16,2025-06-23
C00024_P017,P017,Family Pressure,this is literally me 🥲,validation,relatable,13,2025-06-23
C00025_P017,P017,Family Pressure,yeah.,ambiguous,neutral,8,2025-06-23
C00026_P017,P017,Family Pressure,I'm going to pretend I didn't read this lmao,validation,relatable,14,2025-06-23
C00027_P017,P017,Family Pressure,I paused. sat down. processed. same. 🥲,validation,relatable,11,2025-06-23
C00028_P017,P017,Family Pressure,this speaks for my whole generation 🥲🥲,validation,relatable,15,2025-06-23
C00029_P017,P017,Family Pressure,not me my biography anna,validation,relatable,13,2025-06-23
C00030_P017,P017,Family Pressure,I feel seen,ambiguous,relatable,10,2025-06-23
C00031_P017,P017,Family Pressure,this is it me anna,validation,relatable,5,2025-06-23
C00032_P017,P017,Family Pressure,when is part 2? !!,generic,neutral,9,2025-06-23
C00033_P017,P017,Family Pressure,deserves way more likes !!,generic,neutral,11,2025-06-23
C00034_P017,P017,Family Pressure,reporting this for personal damage lmao,validation,relatable,12,2025-06-23
C00035_P017,P017,Family Pressure,the way too real 😭,validation,relatable,9,2025-06-23
C00036_P017,P017,Family Pressure,I didnt consent to being exposed 🥲🥲,validation,relatable,8,2025-06-23
C00037_P017,P017,Family Pressure,ok this is a mood,ambiguous,neutral,14,2025-06-23
C00038_P017,P017,Family Pressure,fr my last three years in one video anna,validation,relatable,18,2025-06-23
C00039_P017,P017,Family Pressure,the way I did this exact thing this morning and now I'm being called out publicly fr,validation,relatable,11,2025-06-23
C00040_P017,P017,Family Pressure,when is part 2? :),generic,neutral,8,2025-06-23
C00041_P017,P017,Family Pressure,🔥🔥 btw,generic,neutral,9,2025-06-23
C00042_P017,P017,Family Pressure,I'm going to pretend I didn't read this 😭,validation,relatable,5,2025-06-23
C00043_P017,P017,Family Pressure,that's my whole ilfe lmaoo,validation,relatable,15,2025-06-23
C00044_P017,P017,Family Pressure,I'm going to pretend I didn't read this lmaoo,validation,relatable,7,2025-06-23
C00045_P017,P017,Family Pressure,but same though,ambiguous,relatable,11,2025-06-23
C00046_P017,P017,Family Pressure,your page will blow up!,generic,neutral,9,2025-06-23
C00047_P017,P017,Family Pressure,I paused. sat down. processed. same. ?!,validation,relatable,11,2025-06-23
C00048_P017,P017,Family Pressure,when iiis part 2? sis,generic,neutral,12,2025-06-23
C00049_P017,P017,Family Pressure,"hold on, personal at this point ?!",validation,relatable,14,2025-06-23
C00050_P017,P017,Family Pressure,MY THERAPIST AND MY GROUP CHAT WILL HEAR ABOUT THIS POST,validation,relatable,8,2025-06-23
C00051_P017,P017,Family Pressure,niec post!,generic,neutral,5,2025-06-23
C00052_P017,P017,Family Pressure,ok so ym brain on a normal tuesday ong,validation,relatable,8,2025-06-23
C00053_P017,P017,Family Pressure,check my page,generic,neutral,15,2025-06-23
C00054_P017,P017,Family Pressure,exactly.,ambiguous,relatable,14,2025-06-23
C00055_P017,P017,Family Pressure,nice post,generic,neutral,11,2025-06-23
C00056_P017,P017,Family Pressure,who allowed you to expose me like this!!,validation,relatable,11,2025-06-23
C00057_P017,P017,Family Pressure,which app is this? :),generic,neutral,12,2025-06-23
C00058_P017,P017,Family Pressure,stop describing me 😅,validation,relatable,8,2025-06-23
C00059_P017,P017,Family Pressure,fr my everyday routine fr fr,validation,relatable,15,2025-06-23
C00060_P017,P017,Family Pressure,wait it me,validation,relatable,10,2025-06-23
C00061_P017,P017,Family Pressure,this is so me,validation,relatable,10,2025-06-23
C00062_P017,P017,Family Pressure,check my page bro,generic,neutral,11,2025-06-23
C00000_P018,P018,Self-Image & Comparison,the way my whole life no cap,validation,relatable,10,2025-06-24
C00001_P018,P018,Self-Image & Comparison,background muisc name? !!,generic,neutral,12,2025-06-24
C00002_P018,P018,Self-Image & Comparison,no because screenshot of my head ?!,validation,relatable,9,2025-06-24
C00003_P018,P018,Self-Image & Comparison,😍 btw,generic,neutral,11,2025-06-24
C00004_P018,P018,Self-Image & Comparison,when is part 2? btw,generic,neutral,11,2025-06-24
C00005_P018,P018,Self-Image & Comparison,fr personal at this piont yaar,validation,relatable,12,2025-06-24
C00006_P018,P018,Self-Image & Comparison,"uninstalled Instagram twice, reinstalled in a day",personal_story,relatable,15,2025-06-24
C00007_P018,P018,Self-Image & Comparison,the edit quality is insane btw,generic,neutral,13,2025-06-24
C00008_P018,P018,Self-Image & Comparison,underrated page fr sis,generic,neutral,8,2025-06-24
C00009_P018,P018,Self-Image & Comparison,check my page btw,generic,neutral,6,2025-06-24
C00010_P018,P018,Self-Image & Comparison,ok btu literally me 😭😭,validation,relatable,9,2025-06-24
C00011_P018,P018,Self-Image & Comparison,took the words right out of my mouth...,validation,relatable,11,2025-06-24
C00012_P018,P018,Self-Image & Comparison,I'm crying,ambiguous,relatable,6,2025-06-24
C00013_P018,P018,Self-Image & Comparison,it's too accurate anna,validation,relatable,11,2025-06-24
C00014_P018,P018,Self-Image & Comparison,this is literally me fr fr,validation,relatable,11,2025-06-24
C00015_P018,P018,Self-Image & Comparison,no because personal aat this point pls,validation,relatable,9,2025-06-24
C00016_P018,P018,Self-Image & Comparison,can we get a version with english subtitles?,question,neutral,13,2025-06-24
C00017_P018,P018,Self-Image & Comparison,exactly this,ambiguous,relatable,7,2025-06-24
C00018_P018,P018,Self-Image & Comparison,exactly.,ambiguous,neutral,7,2025-06-24
C00019_P018,P018,Self-Image & Comparison,background music name? macha,generic,neutral,13,2025-06-24
C00020_P018,P018,Self-Image & Comparison,ok boomer,sarcasm,neutral,11,2025-06-24
C00021_P018,P018,Self-Image & Comparison,why is nobody talking about how accurate this is,ambiguous,relatable,12,2025-06-24
C00022_P018,P018,Self-Image & Comparison,is that your real voice?,question,neutral,10,2025-06-24
C00023_P018,P018,Self-Image & Comparison,who hurt you bro,sarcasm,neutral,9,2025-06-24
C00024_P018,P018,Self-Image & Comparison,saved this for the next time it happens!!,validation,relatable,13,2025-06-24
C00025_P018,P018,Self-Image & Comparison,okay but same,ambiguous,neutral,13,2025-06-24
C00026_P018,P018,Self-Image & Comparison,why does tihs feel personal ngl,validation,relatable,12,2025-06-24
C00027_P018,P018,Self-Image & Comparison,this felt personal,ambiguous,relatable,9,2025-06-24
C00028_P018,P018,Self-Image & Comparison,it's too accurate fr,validation,relatable,11,2025-06-24
C00029_P018,P018,Self-Image & Comparison,when is part 2? :),generic,neutral,10,2025-06-24
C00000_P019,P019,Social Anxiety,excuse me my everyday routine!!,validation,relatable,13,2025-06-26
C00001_P019,P019,Social Anxiety,the way exactly what I go through,validation,relatable,13,2025-06-26
C00002_P019,P019,Social Anxiety,the way I did this exact thing this morning and now I'm being called out publicly fr fr,validation,relatable,12,2025-06-26
C00003_P019,P019,Social Anxiety,song name please?!,generic,neutral,12,2025-06-26
C00004_P019,P019,Social Anxiety,your page will blow up,generic,neutral,14,2025-06-26
C00005_P019,P019,Social Anxiety,"I rehearse before ordering coffee, no exaggeration",personal_story,relatable,9,2025-06-26
C00006_P019,P019,Social Anxiety,"watched this, closed the app, opened it again, watched it again. yeah. ong",validation,relatable,11,2025-06-26
C00007_P019,P019,Social Anxiety,excuse me my whole life 😭😭,validation,relatable,8,2025-06-26
C00008_P019,P019,Social Anxiety,true 🔥,generic,neutral,18,2025-06-26
C00009_P019,P019,Social Anxiety,follow for follow? 👍,generic,neutral,16,2025-06-26
C00010_P019,P019,Social Anxiety,every frame is my biography da,validation,relatable,6,2025-06-26
C00011_P019,P019,Social Anxiety,wait it me...,validation,relatable,12,2025-06-26
C00012_P019,P019,Social Anxiety,this is my brain on a normal tuesday da,validation,relatable,15,2025-06-26
C00013_P019,P019,Social Anxiety,"hold on, my whole life ong",validation,relatable,8,2025-06-26
C00014_P019,P019,Social Anxiety,ok but too real!!,validation,relatable,11,2025-06-26
C00015_P019,P019,Social Anxiety,do a collab with us,generic,neutral,15,2025-06-26
C00016_P019,P019,Social Anxiety,this is my everyday routine!!,validation,relatable,6,2025-06-26
C00017_P019,P019,Social Anxiety,my hands shake when the phone rings too,personal_story,relatable,12,2025-06-26
C00018_P019,P019,Social Anxiety,okay but same,ambiguous,neutral,9,2025-06-26
C00019_P019,P019,Social Anxiety,fr my everyday routinee ?!,validation,relatable,15,2025-06-26
C00020_P019,P019,Social Anxiety,REPORTING THIS FOR PERSONAL DAMAGE...,validation,relatable,17,2025-06-26
C00021_P019,P019,Social Anxiety,your page will blow up!,generic,neutral,16,2025-06-26
C00022_P019,P019,Social Anxiety,free followers in bio !!,generic,neutral,10,2025-06-26
C00023_P019,P019,Social Anxiety,why does this feel personal yaar,validation,relatable,14,2025-06-26
C00024_P019,P019,Social Anxiety,dm for promotions bro,generic,neutral,14,2025-06-26
C00025_P019,P019,Social Anxiety,painfully accurate anna,validation,relatable,9,2025-06-26
C00026_P019,P019,Social Anxiety,congratulations you discovered being human,sarcasm,neutral,14,2025-06-26
C00027_P019,P019,Social Anxiety,great content :),generic,neutral,6,2025-06-26
C00028_P019,P019,Social Anxiety,not me too accurate!!,validation,relatable,11,2025-06-26
C00029_P019,P019,Social Anxiety,hurts but fair,ambiguous,neutral,9,2025-06-26
C00030_P019,P019,Social Anxiety,who hurt you bro,sarcasm,neutral,7,2025-06-26
C00031_P019,P019,Social Anxiety,reading this at 3am was a mistake yaar,validation,relatable,7,2025-06-26
C00032_P019,P019,Social Anxiety,sending this to the group chat with no context pls,validation,relatable,12,2025-06-26
C00033_P019,P019,Social Anxiety,check my page macha,generic,neutral,9,2025-06-26
C00034_P019,P019,Social Anxiety,"came here to laugh, stayed to confront myself 💀",validation,relatable,13,2025-06-26
C00035_P019,P019,Social Anxiety,the way I did this exact thing this morning and now I'm being called out publicly istg,validation,relatable,6,2025-06-26
C00036_P019,P019,Social Anxiety,WHEN IS PART 2? 👍,generic,neutral,9,2025-06-26
C00037_P019,P019,Social Anxiety,when is part 2? btw,generic,neutral,11,2025-06-26
C00038_P019,P019,Social Anxiety,painfully accurate 😭,validation,relatable,13,2025-06-26
C00039_P019,P019,Social Anxiety,sir this is my diary page anna,validation,relatable,9,2025-06-26
C00040_P019,P019,Social Anxiety,bro a documentary about me,validation,relatable,12,2025-06-26
C00041_P019,P019,Social Anxiety,haha true!,generic,neutral,14,2025-06-26
C00042_P019,P019,Social Anxiety,love this page 👍,generic,neutral,12,2025-06-26
C00043_P019,P019,Social Anxiety,"found this page today, already binged everything ++",generic,neutral,9,2025-06-26
C00044_P019,P019,Social Anxiety,no because the story of my life!!,validation,relatable,5,2025-06-26
C00045_P019,P019,Social Anxiety,underrated page fr :),generic,neutral,14,2025-06-26
C00046_P019,P019,Social Anxiety,"hold on, literally me lol",validation,relatable,5,2025-06-26
C00047_P019,P019,Social Anxiety,your page will blow up :),generic,neutral,14,2025-06-26
C00048_P019,P019,Social Anxiety,fr exactly what i go through ong,validation,relatable,11,2025-06-26
C00049_P019,P019,Social Anxiety,deserves way more likes 👍,generic,neutral,16,2025-06-26
C00050_P019,P019,Social Anxiety,you read my diary 🥲🥲,validation,relatable,13,2025-06-26
C00051_P019,P019,Social Anxiety,why is this my last three years in one video bhai,validation,relatable,20,2025-06-26
C00052_P019,P019,Social Anxiety,KEEP IT UP 🔥,generic,neutral,10,2025-06-26
C00053_P019,P019,Social Anxiety,first comment ++,generic,neutral,13,2025-06-26
C00054_P019,P019,Social Anxiety,ok this is a mood,ambiguous,neutral,10,2025-06-26
C00055_P019,P019,Social Anxiety,the algorithm finally did something right btw,generic,neutral,11,2025-06-26
C00056_P019,P019,Social Anxiety,stop describing me bhai,validation,relatable,12,2025-06-26
C00057_P019,P019,Social Anxiety,no because me in one post lmaoo,validation,relatable,14,2025-06-26
C00058_P019,P019,Social Anxiety,that hit lcose to home 😭😭,validation,relatable,18,2025-06-26
C00059_P019,P019,Social Anxiety,ok so so me da,validation,relatable,13,2025-06-26
C00060_P019,P019,Social Anxiety,a documentary about me lmao,validation,relatable,10,2025-06-26
C00061_P019,P019,Social Anxiety,awesome work 👍,generic,neutral,10,2025-06-26
C00062_P019,P019,Social Anxiety,reporting this for personal damage bhai,validation,relatable,13,2025-06-26
C00063_P019,P019,Social Anxiety,awesome work,generic,neutral,9,2025-06-26
C00064_P019,P019,Social Anxiety,sadly accurate,ambiguous,neutral,7,2025-06-26
C00065_P019,P019,Social Anxiety,this generation and its labels istg,sarcasm,neutral,10,2025-06-26
C00066_P019,P019,Social Anxiety,hello?? the story of my life 😭,validation,relatable,9,2025-06-26
C00067_P019,P019,Social Anxiety,the way personal at this point fr,validation,relatable,9,2025-06-26
C00068_P019,P019,Social Anxiety,i'm going to pretend i didn't read this ?!,validation,relatable,9,2025-06-26
C00069_P019,P019,Social Anxiety,I paused. sat down. processed. same. fr fr,validation,relatable,6,2025-06-26
C00070_P019,P019,Social Anxiety,this speaks for my whole generation no cap,validation,relatable,5,2025-06-26
C00071_P019,P019,Social Anxiety,bro so me 💀,validation,relatable,18,2025-06-26
C00072_P019,P019,Social Anxiety,I'm going to pretend I didn't read this da,validation,relatable,10,2025-06-26
C00073_P019,P019,Social Anxiety,genuinely how do you know my life 🥲,validation,relatable,10,2025-06-26
C00074_P019,P019,Social Anxiety,I relate to this too much lmaoo,validation,relatable,12,2025-06-26
C00075_P019,P019,Social Anxiety,stop describing me ngl,validation,relatable,8,2025-06-26
C00076_P019,P019,Social Anxiety,this is it me...,validation,relatable,16,2025-06-26
C00077_P019,P019,Social Anxiety,not me my last three years in one video yaar,validation,relatable,13,2025-06-26
C00078_P019,P019,Social Anxiety,awesome work :),generic,neutral,7,2025-06-26
C00079_P019,P019,Social Anxiety,it's too accurate bhai,validation,relatable,10,2025-06-26
C00080_P019,P019,Social Anxiety,background music name?,generic,neutral,14,2025-06-26
C00081_P019,P019,Social Anxiety,genuinely how do you know my life yaar,validation,relatable,16,2025-06-26
C00082_P019,P019,Social Anxiety,watched this five times already 🥲🥲,validation,relatable,10,2025-06-26
C00083_P019,P019,Social Anxiety,when is part 2? sis,generic,neutral,12,2025-06-26
C00084_P019,P019,Social Anxiety,I relate to this too much 🥲,validation,relatable,8,2025-06-26
C00085_P019,P019,Social Anxiety,not to be dramatic but this post understood me better than my alst three conversations 😭,validation,relatable,18,2025-06-26
C00086_P019,P019,Social Anxiety,CHECK MY PAGE!,generic,neutral,9,2025-06-26
C00087_P019,P019,Social Anxiety,deserves way more likes macha,generic,neutral,16,2025-06-26
C00088_P019,P019,Social Anxiety,the way so me lmaoo,validation,relatable,12,2025-06-26
C00089_P019,P019,Social Anxiety,that hit close to home pls,validation,relatable,12,2025-06-26
C00090_P019,P019,Social Anxiety,THIS IS MY LAST THREE YEARS IN ONE VIDEO...,validation,relatable,11,2025-06-26
C00091_P019,P019,Social Anxiety,i didn't consent to being exposed 💀,validation,relatable,9,2025-06-26
C00092_P019,P019,Social Anxiety,fr a documentary about me 😅,validation,relatable,8,2025-06-26
C00093_P019,P019,Social Anxiety,not me so me no cap,validation,relatable,8,2025-06-26
C00094_P019,P019,Social Anxiety,why is this my last three years in one video da,validation,relatable,8,2025-06-26
C00095_P019,P019,Social Anxiety,i'm going to pretend i didn't read this yaar,validation,relatable,13,2025-06-26
C00096_P019,P019,Social Anxiety,follow for follow?,generic,neutral,10,2025-06-26
C00097_P019,P019,Social Anxiety,"hold on, screenshot of my head lol",validation,relatable,6,2025-06-26
C00098_P019,P019,Social Anxiety,why is this it me fr,validation,relatable,17,2025-06-26
C00099_P019,P019,Social Anxiety,why is this exactly what I go through 🥲🥲,validation,relatable,14,2025-06-26
C00100_P019,P019,Social Anxiety,the way it me yaar,validation,relatable,15,2025-06-26
C00101_P019,P019,Social Anxiety,wow okay then,ambiguous,relatable,19,2025-06-26
C00102_P019,P019,Social Anxiety,wait me in one post bhai,validation,relatable,8,2025-06-26
C00103_P019,P019,Social Anxiety,I felt that!!,validation,relatable,10,2025-06-26
C00104_P019,P019,Social Anxiety,why does this feel personal fr,validation,relatable,13,2025-06-26
C00105_P019,P019,Social Anxiety,i felt that da,validation,relatable,12,2025-06-26
C00106_P019,P019,Social Anxiety,your page will blow up bro,generic,neutral,8,2025-06-26
C00107_P019,P019,Social Anxiety,sending this to the group chat with no context bhai,validation,relatable,13,2025-06-26
C00108_P019,P019,Social Anxiety,yeah.,ambiguous,relatable,9,2025-06-26
C00109_P019,P019,Social Anxiety,reporting this for personal damage lmaoo,validation,relatable,8,2025-06-26
C00110_P019,P019,Social Anxiety,WHY IS NOBODY TALKING ABOUT HOW ACCURATE THIS IS,ambiguous,relatable,11,2025-06-26
C00111_P019,P019,Social Anxiety,this is literally me,validation,relatable,11,2025-06-26
C00112_P019,P019,Social Anxiety,watched this five times already,validation,relatable,11,2025-06-26
C00113_P019,P019,Social Anxiety,excuse me the story of my life ngl,validation,relatable,7,2025-06-26
C00114_P019,P019,Social Anxiety,excuse me my brain on a normal tuesday istg,validation,relatable,14,2025-06-26
C00115_P019,P019,Social Anxiety,the caption though,ambiguous,relatable,9,2025-06-26
C00116_P019,P019,Social Anxiety,REPORTING THIS FOR PERSONAL DAMAGE ISTG,validation,relatable,7,2025-06-26
C00117_P019,P019,Social Anxiety,true that ++,generic,neutral,14,2025-06-26
C00118_P019,P019,Social Anxiety,every frame is my biography ong,validation,relatable,16,2025-06-26
C00119_P019,P019,Social Anxiety,this is the kind of post you save at 2am and rewatch when it happens again!!,validation,relatable,14,2025-06-26
C00000_P020,P020,Dating & Situationships,ok but my whole life!!,validation,relatable,10,2025-06-27
C00001_P020,P020,Dating & Situationships,where are you from?,question,neutral,9,2025-06-27
C00002_P020,P020,Dating & Situationships,I felt that lol,validation,relatable,12,2025-06-27
C00003_P020,P020,Dating & Situationships,what app is this?,question,neutral,11,2025-06-27
C00004_P020,P020,Dating & Situationships,SEEN.,ambiguous,relatable,7,2025-06-27
C00005_P020,P020,Dating & Situationships,I agree !!,generic,neutral,8,2025-06-27
C00006_P020,P020,Dating & Situationships,haha true bro,generic,neutral,12,2025-06-27
C00007_P020,P020,Dating & Situationships,it's one thing to make a meme and another to describe my whole personality!!,validation,relatable,7,2025-06-27
C00008_P020,P020,Dating & Situationships,reading this at 3am was a mistake 😅,validation,relatable,14,2025-06-27
C00009_P020,P020,Dating & Situationships,THIS IS SO ME LMAOO,validation,relatable,11,2025-06-27
C00010_P020,P020,Dating & Situationships,smooth transitions 👍,generic,neutral,11,2025-06-27
C00011_P020,P020,Dating & Situationships,I paused. sat down. processed. same. 😅,validation,relatable,11,2025-06-27
C00012_P020,P020,Dating & Situationships,the edit quality is insane 👍,generic,neutral,14,2025-06-27
C00013_P020,P020,Dating & Situationships,this felt personal,ambiguous,neutral,10,2025-06-27
C00014_P020,P020,Dating & Situationships,not me screenshot of my head 🥲🥲,validation,relatable,12,2025-06-27
C00015_P020,P020,Dating & Situationships,why is this my everyday routine bhai,validation,relatable,11,2025-06-27
C00016_P020,P020,Dating & Situationships,song name please?,generic,neutral,9,2025-06-27
C00017_P020,P020,Dating & Situationships,the timing of this post is suspicious yaar,validation,relatable,14,2025-06-27
C00000_P021,P021,Money Struggles,no because too real yaar,validation,relatable,7,2025-06-28
C00001_P021,P021,Money Struggles,watched this five times already lmao,validation,relatable,9,2025-06-28
C00002_P021,P021,Money Struggles,took the words right out of my mouth ong,validation,relatable,13,2025-06-28
C00003_P021,P021,Money Struggles,😍 :),generic,neutral,8,2025-06-28
C00004_P021,P021,Money Struggles,repotring this for personal damage,validation,relatable,13,2025-06-28
C00005_P021,P021,Money Struggles,Rs.200 is not small when you have Rs.400,personal_story,relatable,14,2025-06-28
C00006_P021,P021,Money Struggles,smooth transitions!,generic,neutral,11,2025-06-28
C00007_P021,P021,Money Struggles,sending this to the group chat with no context 🥲,validation,relatable,4,2025-06-28
C00008_P021,P021,Money Struggles,song name please?,generic,neutral,9,2025-06-28
C00009_P021,P021,Money Struggles,🔥🔥,generic,neutral,12,2025-06-28
C00010_P021,P021,Money Struggles,genuinely how do you know my life ong,validation,relatable,17,2025-06-28
C00011_P021,P021,Money Struggles,the timing of this post is suspicious 🥲🥲,validation,relatable,12,2025-06-28
C00012_P021,P021,Money Struggles,took the words right out of my mouth ngl,validation,relatable,9,2025-06-28
C00013_P021,P021,Money Struggles,bro the story of my life 😅,validation,relatable,12,2025-06-28
C00014_P021,P021,Money Struggles,THAT HIT CLOSE TO HOME ONG,validation,relatable,11,2025-06-28
C00015_P021,P021,Money Struggles,great content !!,generic,neutral,13,2025-06-28
C00016_P021,P021,Money Struggles,your page will blow up 🔥,generic,neutral,7,2025-06-28
C00017_P021,P021,Money Struggles,this is the kind of post you save at 2am and rewatch when it happens again no cap,validation,relatable,13,2025-06-28
C00000_P022,P022,College & Hostel Life,background music name? bro,generic,neutral,7,2025-06-30
C00001_P022,P022,College & Hostel Life,keep it up bro,generic,neutral,9,2025-06-30
C00002_P022,P022,College & Hostel Life,fr my everyday routine 😅,validation,relatable,12,2025-06-30
C00003_P022,P022,College & Hostel Life,dm for promotions ++,generic,neutral,7,2025-06-30
C00004_P022,P022,College & Hostel Life,hurts but fair,ambiguous,relatable,11,2025-06-30
C00005_P022,P022,College & Hostel Life,it's one thing to make a meme and another to describe my whole personality lol,validation,relatable,10,2025-06-30
C00006_P022,P022,College & Hostel Life,"found this page today, already binged everything :)",generic,neutral,12,2025-06-30
C00007_P022,P022,College & Hostel Life,DM for promotion 📩,spam,neutral,6,2025-06-30
C00008_P022,P022,College & Hostel Life,took the words right out of my mouth 💀,validation,relatable,14,2025-06-30
C00009_P022,P022,College & Hostel Life,the last line though,ambiguous,neutral,17,2025-06-30
C00010_P022,P022,College & Hostel Life,haha,generic,neutral,17,2025-06-30
C00011_P022,P022,College & Hostel Life,sadly accurate,ambiguous,relatable,13,2025-06-30
C00012_P022,P022,College & Hostel Life,no because exactly what I go through 💀,validation,relatable,7,2025-06-30
C00013_P022,P022,College & Hostel Life,which app is this?,generic,neutral,13,2025-06-30
C00014_P022,P022,College & Hostel Life,I live this every single day fr,validation,relatable,5,2025-06-30
C00015_P022,P022,College & Hostel Life,free followers in bio,generic,neutral,5,2025-06-30
C00016_P022,P022,College & Hostel Life,I'm going to pretend I didn't read this 🥲,validation,relatable,9,2025-06-30
C00017_P022,P022,College & Hostel Life,not me me in one post 😅,validation,relatable,11,2025-06-30
C00018_P022,P022,College & Hostel Life,our mess soup is just hot water with regret,personal_story,relatable,13,2025-06-30
C00019_P022,P022,College & Hostel Life,your page will blow up 👍,generic,neutral,12,2025-06-30
C00020_P022,P022,College & Hostel Life,ok but exactly what I go through istg,validation,relatable,10,2025-06-30
C00021_P022,P022,College & Hostel Life,the caption though,ambiguous,relatable,9,2025-06-30
C00022_P022,P022,College & Hostel Life,kinda yes,ambiguous,relatable,20,2025-06-30
C00023_P022,P022,College & Hostel Life,🔥🔥 ++,generic,neutral,10,2025-06-30
C00024_P022,P022,College & Hostel Life,dm for promotions bro,generic,neutral,10,2025-06-30
C00025_P022,P022,College & Hostel Life,that hit close to home da,validation,relatable,8,2025-06-30
C00026_P022,P022,College & Hostel Life,wow,ambiguous,relatable,13,2025-06-30
C00027_P022,P022,College & Hostel Life,"sent this to my best friend at 2am and she replied why is this us, I still have no answer 😭😭",validation,relatable,12,2025-06-30
C00028_P022,P022,College & Hostel Life,exactly.,ambiguous,relatable,8,2025-06-30
C00029_P022,P022,College & Hostel Life,bro me in one post lmao,validation,relatable,7,2025-06-30
C00030_P022,P022,College & Hostel Life,cool edit,generic,neutral,12,2025-06-30
C00031_P022,P022,College & Hostel Life,this speaks for my whole generation pls,validation,relatable,12,2025-06-30
C00032_P022,P022,College & Hostel Life,free followers in bio sis,generic,neutral,9,2025-06-30
C00033_P022,P022,College & Hostel Life,stop describing me lol,validation,relatable,16,2025-06-30
C00034_P022,P022,College & Hostel Life,do one about hostellers please,question,neutral,8,2025-06-30
C00035_P022,P022,College & Hostel Life,this is literally me istg,validation,relatable,10,2025-06-30
C00036_P022,P022,College & Hostel Life,okay but same,ambiguous,relatable,16,2025-06-30
C00037_P022,P022,College & Hostel Life,literally my everyday routine fr,validation,relatable,10,2025-06-30
C00038_P022,P022,College & Hostel Life,"hold on, my last three years in one video istg",validation,relatable,12,2025-06-30
C00039_P022,P022,College & Hostel Life,how are you so consistent with posting?,question,neutral,10,2025-06-30
C00040_P022,P022,College & Hostel Life,first comment btw,generic,neutral,9,2025-06-30
C00041_P022,P022,College & Hostel Life,this speaks for my whole generation 🥲,validation,relatable,18,2025-06-30
C00042_P022,P022,College & Hostel Life,"came here to laugh, stayed to confront myself lol",validation,relatable,10,2025-06-30
C00043_P022,P022,College & Hostel Life,I'm in this post and I don't like it bhai,validation,relatable,15,2025-06-30
C00044_P022,P022,College & Hostel Life,"came here to laugh, stayed to confront myself 🥲🥲",validation,relatable,9,2025-06-30
C00045_P022,P022,College & Hostel Life,wow okay,ambiguous,relatable,8,2025-06-30
C00046_P022,P022,College & Hostel Life,haha true!,generic,neutral,6,2025-06-30
C00047_P022,P022,College & Hostel Life,keep it up,generic,neutral,12,2025-06-30
C00048_P022,P022,College & Hostel Life,great content !!,generic,neutral,10,2025-06-30
C00049_P022,P022,College & Hostel Life,genuienly how do you know my life ong,validation,relatable,14,2025-06-30
C00050_P022,P022,College & Hostel Life,8am classes should be illegal,personal_story,relatable,10,2025-06-30
C00051_P022,P022,College & Hostel Life,sir this is my diary page da,validation,relatable,17,2025-06-30
C00052_P022,P022,College & Hostel Life,keep it up btw,generic,neutral,8,2025-06-30
C00053_P022,P022,College & Hostel Life,REPORTING THIS FOR PERSONAL DAMAGE FR FR,validation,relatable,14,2025-06-30
C00054_P022,P022,College & Hostel Life,the edit quality is insane bro,generic,neutral,13,2025-06-30
C00055_P022,P022,College & Hostel Life,it's too accurate 😭😭,validation,relatable,13,2025-06-30
C00056_P022,P022,College & Hostel Life,bro a documentary about me fr,validation,relatable,14,2025-06-30
C00057_P022,P022,College & Hostel Life,when is part 2?,generic,neutral,13,2025-06-30
C00058_P022,P022,College & Hostel Life,this felt personal,ambiguous,neutral,12,2025-06-30
C00059_P022,P022,College & Hostel Life,personally attacked,ambiguous,neutral,8,2025-06-30
C00060_P022,P022,College & Hostel Life,I felt that 😭,validation,relatable,6,2025-06-30
C00061_P022,P022,College & Hostel Life,WHAT APP IS THIS?,question,neutral,15,2025-06-30
C00062_P022,P022,College & Hostel Life,"found this page today, already binged everything 👍",generic,neutral,12,2025-06-30
C00063_P022,P022,College & Hostel Life,do a collab with us sis,generic,neutral,13,2025-06-30
C00064_P022,P022,College & Hostel Life,"hold on, so me lmaoo",validation,relatable,11,2025-06-30
C00065_P022,P022,College & Hostel Life,award for most generic post goes to,sarcasm,neutral,7,2025-06-30
C00066_P022,P022,College & Hostel Life,free followers in bio !!,generic,neutral,7,2025-06-30
C00067_P022,P022,College & Hostel Life,"ok but this is literally everyone, nothing unique",sarcasm,neutral,12,2025-06-30
C00068_P022,P022,College & Hostel Life,dm for promotions 👍,generic,neutral,10,2025-06-30
C00069_P022,P022,College & Hostel Life,AWESOME WORK 👍,generic,neutral,8,2025-06-30
C00070_P022,P022,College & Hostel Life,sir this is my diary page yaar,validation,relatable,11,2025-06-30
C00071_P022,P022,College & Hostel Life,"another relatable page, how original",sarcasm,neutral,6,2025-06-30
C00072_P022,P022,College & Hostel Life,reading this at 3am was a mistake 😭😭,validation,relatable,11,2025-06-30
C00073_P022,P022,College & Hostel Life,REPORTING THIS FOR PERSONAL DAMAGE FR,validation,relatable,9,2025-06-30
C00074_P022,P022,College & Hostel Life,crypto class in bio 🔥,spam,neutral,13,2025-06-30
C00075_P022,P022,College & Hostel Life,part 2 please?,question,neutral,9,2025-06-30
C00076_P022,P022,College & Hostel Life,I didn't consent to being exposed fr,validation,relatable,10,2025-06-30
C00077_P022,P022,College & Hostel Life,make one about first job interviews please,question,neutral,5,2025-06-30
C00078_P022,P022,College & Hostel Life,facts bro,generic,neutral,7,2025-06-30
C00079_P022,P022,College & Hostel Life,song name please? 🔥,generic,neutral,10,2025-06-30
C00080_P022,P022,College & Hostel Life,this is literally me da,validation,relatable,11,2025-06-30
C00081_P022,P022,College & Hostel Life,i've never been so seen 🥲,validation,relatable,11,2025-06-30
C00082_P022,P022,College & Hostel Life,ok this one hurt,ambiguous,neutral,9,2025-06-30
C00083_P022,P022,College & Hostel Life,this is literally me...,validation,relatable,12,2025-06-30
C00084_P022,P022,College & Hostel Life,fr my last three years in one video yaar,validation,relatable,14,2025-06-30
C00085_P022,P022,College & Hostel Life,sending this to the group chat with no context istg,validation,relatable,13,2025-06-30
C00086_P022,P022,College & Hostel Life,YES BECAUSE EVERYONE DOES THIS OBVIOUSLY,sarcasm,neutral,6,2025-06-30
C00087_P022,P022,College & Hostel Life,"earn 5000 daily, link in bio",spam,neutral,11,2025-06-30
C00088_P022,P022,College & Hostel Life,your page will blow up,generic,neutral,7,2025-06-30
C00089_P022,P022,College & Hostel Life,"hold on, my whole life 🥲",validation,relatable,9,2025-06-30
C00090_P022,P022,College & Hostel Life,cool edit 🔥,generic,neutral,18,2025-06-30
C00091_P022,P022,College & Hostel Life,true that!,generic,neutral,8,2025-06-30
C00092_P022,P022,College & Hostel Life,genuinely how do you know my life no cap,validation,relatable,11,2025-06-30
C00093_P022,P022,College & Hostel Life,nah so me 💀,validation,relatable,12,2025-06-30
C00094_P022,P022,College & Hostel Life,please check my new page 🙏,spam,neutral,12,2025-06-30
C00095_P022,P022,College & Hostel Life,so true 🔥,generic,neutral,11,2025-06-30
C00096_P022,P022,College & Hostel Life,song name please? bro,generic,neutral,4,2025-06-30
C00097_P022,P022,College & Hostel Life,ok boomer,sarcasm,neutral,9,2025-06-30
C00098_P022,P022,College & Hostel Life,not me my brain on a normal tuesday 😅,validation,relatable,11,2025-06-30
C00099_P022,P022,College & Hostel Life,background music name?,generic,neutral,7,2025-06-30
C00100_P022,P022,College & Hostel Life,can we get a version with english subtitles?,question,neutral,10,2025-06-30
C00101_P022,P022,College & Hostel Life,which app is this? btw,generic,neutral,6,2025-06-30
C00102_P022,P022,College & Hostel Life,how long did this take to edit?,question,neutral,7,2025-06-30
C00103_P022,P022,College & Hostel Life,the edit quality is insane,generic,neutral,10,2025-06-30
C00104_P022,P022,College & Hostel Life,fr my brain on a normal tuesday 🥲🥲,validation,relatable,8,2025-06-30
C00105_P022,P022,College & Hostel Life,is this based on real events?,question,neutral,11,2025-06-30
C00106_P022,P022,College & Hostel Life,exactly this,ambiguous,neutral,12,2025-06-30
C00107_P022,P022,College & Hostel Life,deserves way more likes :),generic,neutral,13,2025-06-30
C00108_P022,P022,College & Hostel Life,instagram therapists at it again,sarcasm,neutral,8,2025-06-30
C00109_P022,P022,College & Hostel Life,this is so me no cap,validation,relatable,8,2025-06-30
C00110_P022,P022,College & Hostel Life,this is my biography ?!,validation,relatable,7,2025-06-30
C00111_P022,P022,College & Hostel Life,NOT ME A DOCUMENTARY ABOUT ME LMAOO,validation,relatable,12,2025-06-30
C00112_P022,P022,College & Hostel Life,song name please?,generic,neutral,12,2025-06-30
C00113_P022,P022,College & Hostel Life,i didnt consent to being exposed bhai,validation,relatable,6,2025-06-30
C00114_P022,P022,College & Hostel Life,this is too real da,validation,relatable,15,2025-06-30
C00115_P022,P022,College & Hostel Life,ok but my whole life!!,validation,relatable,6,2025-06-30
C00116_P022,P022,College & Hostel Life,nah too accurate 💀,validation,relatable,11,2025-06-30
C00117_P022,P022,College & Hostel Life,the ending 😭,ambiguous,relatable,12,2025-06-30
C00118_P022,P022,College & Hostel Life,what camera do you use?,question,neutral,14,2025-06-30
C00119_P022,P022,College & Hostel Life,stating the obvious since 2020,sarcasm,neutral,12,2025-06-30
C00000_P023,P023,Family Pressure,the way it me 💀,validation,relatable,11,2025-07-01
C00001_P023,P023,Family Pressure,"I'm the family NGO, free labour included",personal_story,relatable,13,2025-07-01
C00002_P023,P023,Family Pressure,realest thing on my feed today,ambiguous,relatable,10,2025-07-01
C00003_P023,P023,Family Pressure,fr my last three years in one video lol,validation,relatable,12,2025-07-01
C00004_P023,P023,Family Pressure,😍,generic,neutral,11,2025-07-01
C00005_P023,P023,Family Pressure,this generation and its labels istg,sarcasm,neutral,13,2025-07-01
C00006_P023,P023,Family Pressure,"why does this have no likes, underrated",question,neutral,7,2025-07-01
C00007_P023,P023,Family Pressure,reporting this for personal damage 😭,validation,relatable,6,2025-07-01
C00008_P023,P023,Family Pressure,which app is this? ++,generic,neutral,9,2025-07-01
C00009_P023,P023,Family Pressure,stop describing me 🥲,validation,relatable,8,2025-07-01
C00010_P023,P023,Family Pressure,"came here to laugh, stayed to confront myself no cap",validation,relatable,14,2025-07-01
C00011_P023,P023,Family Pressure,not this again,ambiguous,neutral,8,2025-07-01
C00012_P023,P023,Family Pressure,can we get a version with english subtitles?,question,neutral,17,2025-07-01
C00013_P023,P023,Family Pressure,which app is this?,generic,neutral,9,2025-07-01
C00014_P023,P023,Family Pressure,the caption though,ambiguous,relatable,8,2025-07-01
C00015_P023,P023,Family Pressure,"found this page today, already binged everything macha",generic,neutral,13,2025-07-01
C00016_P023,P023,Family Pressure,the honesty is refreshing,ambiguous,relatable,12,2025-07-01
C00017_P023,P023,Family Pressure,ok so my last three years in one video 🥲,validation,relatable,11,2025-07-01
C00018_P023,P023,Family Pressure,underrated page fr :),generic,neutral,11,2025-07-01
C00019_P023,P023,Family Pressure,is this based on real events?,question,neutral,12,2025-07-01
C00020_P023,P023,Family Pressure,"hold on, literally me",validation,relatable,9,2025-07-01
C00000_P024,P024,Self-Image & Comparison,everyone my age is achieving things and I'm here,personal_story,relatable,9,2025-07-02
C00001_P024,P024,Self-Image & Comparison,the algorithm finally did something right,generic,neutral,10,2025-07-02
C00002_P024,P024,Self-Image & Comparison,how are you so consistent with posting?,question,neutral,14,2025-07-02
C00003_P024,P024,Self-Image & Comparison,do a collab with us bro,generic,neutral,13,2025-07-02
C00000_P025,P025,Social Anxiety,hello?? me in one post fr fr,validation,relatable,11,2025-07-04
C00001_P025,P025,Social Anxiety,ok but too accurate lmaoo,validation,relatable,10,2025-07-04
C00002_P025,P025,Social Anxiety,my hands shake when the phone rings too,personal_story,relatable,13,2025-07-04
C00003_P025,P025,Social Anxiety,the algorithm finally did something right sis,generic,neutral,11,2025-07-04
C00004_P025,P025,Social Anxiety,"I rehearse before ordering coffee, no exaggeration",personal_story,relatable,14,2025-07-04
C00005_P025,P025,Social Anxiety,i'm going to pretend i didn't read this no cap,validation,relatable,15,2025-07-04
C00006_P025,P025,Social Anxiety,the timing of this post is suspicious...,validation,relatable,10,2025-07-04
C00007_P025,P025,Social Anxiety,ok so too accurate yaar,validation,relatable,9,2025-07-04
C00008_P025,P025,Social Anxiety,I'm going to pretend I didn't read this lol,validation,relatable,11,2025-07-04
C00009_P025,P025,Social Anxiety,which app is this? btw,generic,neutral,15,2025-07-04
C00010_P025,P025,Social Anxiety,ok but exactly what I go through pls,validation,relatable,8,2025-07-04
C00011_P025,P025,Social Anxiety,"hold on, my biography",validation,relatable,12,2025-07-04
C00012_P025,P025,Social Anxiety,"hold on, personal at this point anna",validation,relatable,12,2025-07-04
C00013_P025,P025,Social Anxiety,so true btw,generic,neutral,13,2025-07-04
C00014_P025,P025,Social Anxiety,not me exactly what I go through istg,validation,relatable,8,2025-07-04
C00015_P025,P025,Social Anxiety,lol ok sis,generic,neutral,12,2025-07-04
C00016_P025,P025,Social Anxiety,WHO ALLOWED YOU TO EXPOSE ME LIKE THIS NGL,validation,relatable,15,2025-07-04
C00017_P025,P025,Social Anxiety,dm for promotions !!,generic,neutral,8,2025-07-04
C00018_P025,P025,Social Anxiety,it's too cacurate 😅,validation,relatable,9,2025-07-04
C00019_P025,P025,Social Anxiety,exactly.,ambiguous,neutral,17,2025-07-04
C00020_P025,P025,Social Anxiety,"sent this to my best friend at 2am and she replied why is this us, I still have no answer fr",validation,relatable,8,2025-07-04
C00021_P025,P025,Social Anxiety,haha true bro,generic,neutral,14,2025-07-04
C00022_P025,P025,Social Anxiety,saved this for the next time it happens 😭😭,validation,relatable,11,2025-07-04
C00023_P025,P025,Social Anxiety,literally screenshot of my head 😭,validation,relatable,9,2025-07-04
C00000_P026,P026,Dating & Situationships,why does this feel personal istg,validation,relatable,10,2025-07-05
C00001_P026,P026,Dating & Situationships,hmm,ambiguous,neutral,17,2025-07-05
C00002_P026,P026,Dating & Situationships,mine left me on delivered for 3 days 😭,personal_story,relatable,9,2025-07-05
C00003_P026,P026,Dating & Situationships,"another relatable page, how original",sarcasm,neutral,12,2025-07-05
C00004_P026,P026,Dating & Situationships,dm for promotions,generic,neutral,9,2025-07-05
C00005_P026,P026,Dating & Situationships,I'm going to pretend I didn't read this,validation,relatable,13,2025-07-05
C00006_P026,P026,Dating & Situationships,I relate to this too much anna,validation,relatable,7,2025-07-05
C00007_P026,P026,Dating & Situationships,song name please? :),generic,neutral,17,2025-07-05
C00008_P026,P026,Dating & Situationships,took the words right out of my mouth lmao,validation,relatable,10,2025-07-05
C00000_P027,P027,Money Struggles,realest thing on my feed today,ambiguous,relatable,12,2025-07-07
C00001_P027,P027,Money Struggles,saved this for the next time it happens fr,validation,relatable,12,2025-07-07
C00002_P027,P027,Money Struggles,first cooomment ++,generic,neutral,8,2025-07-07
C00003_P027,P027,Money Struggles,"why did this describe my entire existence in 30 seconds, I'm filing a complaint anna",validation,relatable,8,2025-07-07
C00004_P027,P027,Money Struggles,follow for follow?,generic,neutral,6,2025-07-07
C00005_P027,P027,Money Struggles,why is this a documentary about me pls,validation,relatable,13,2025-07-07
C00006_P027,P027,Money Struggles,the caption though,ambiguous,neutral,12,2025-07-07
C00007_P027,P027,Money Struggles,free followers in bio !!,generic,neutral,11,2025-07-07
C00008_P027,P027,Money Struggles,why is this the story of my life ngl,validation,relatable,14,2025-07-07
C00009_P027,P027,Money Struggles,every frame is my biography anna,validation,relatable,13,2025-07-07
C00010_P027,P027,Money Struggles,literally my biography,validation,relatable,11,2025-07-07
C00011_P027,P027,Money Struggles,hello?? my biography bhai,validation,relatable,14,2025-07-07
C00012_P027,P027,Money Struggles,why does this feel personal...,validation,relatable,8,2025-07-07
C00013_P027,P027,Money Struggles,saved this for the next time it happens lmao,validation,relatable,7,2025-07-07
C00014_P027,P027,Money Struggles,I paused. sat down. processed. same. 🥲,validation,relatable,9,2025-07-07
C00015_P027,P027,Money Struggles,kinda yes,ambiguous,relatable,6,2025-07-07
C00016_P027,P027,Money Struggles,who allowed you to expose me like this da,validation,relatable,11,2025-07-07
C00017_P027,P027,Money Struggles,this is my 13th reason (affectionate),ambiguous,relatable,15,2025-07-07
C00018_P027,P027,Money Struggles,true macha,generic,neutral,6,2025-07-07
C00019_P027,P027,Money Struggles,I felt that 💀,validation,relatable,7,2025-07-07
C00020_P027,P027,Money Struggles,no because so me lmao,validation,relatable,10,2025-07-07
C00021_P027,P027,Money Struggles,this generation and its labels istg,sarcasm,neutral,15,2025-07-07
C00022_P027,P027,Money Struggles,WHY IS THIS SCREENSHOT OF MY HEAD FR,validation,relatable,9,2025-07-07
C00023_P027,P027,Money Struggles,my account balance is a horror movie,personal_story,relatable,11,2025-07-07
C00024_P027,P027,Money Struggles,this speaks for my whole generation lmao,validation,relatable,6,2025-07-07
C00025_P027,P027,Money Struggles,I paused. sat down. processed. same. 🥲🥲,validation,relatable,8,2025-07-07
C00026_P027,P027,Money Struggles,ok so my whole life yaar,validation,relatable,18,2025-07-07
C00027_P027,P027,Money Struggles,awesome work!,generic,neutral,16,2025-07-07
C00028_P027,P027,Money Struggles,"hold on, me in one post 💀",validation,relatable,4,2025-07-07
C00029_P027,P027,Money Struggles,ok so my last three years in one video no cap,validation,relatable,16,2025-07-07
C00030_P027,P027,Money Struggles,bro exactly what I go through 😅,validation,relatable,12,2025-07-07
C00031_P027,P027,Money Struggles,lol ok tbw,generic,neutral,14,2025-07-07
C00032_P027,P027,Money Struggles,Rs.200 is not small when you have Rs.400,personal_story,relatable,10,2025-07-07
C00033_P027,P027,Money Struggles,the way it me,validation,relatable,11,2025-07-07
C00034_P027,P027,Money Struggles,the way it me 😭😭,validation,relatable,11,2025-07-07
C00035_P027,P027,Money Struggles,I agree !!,generic,neutral,12,2025-07-07
C00036_P027,P027,Money Struggles,this hit,ambiguous,neutral,8,2025-07-07
C00037_P027,P027,Money Struggles,who hurt you bro,sarcasm,neutral,6,2025-07-07
C00038_P027,P027,Money Struggles,"another relatable page, how original",sarcasm,neutral,9,2025-07-07
C00039_P027,P027,Money Struggles,stop describing me,validation,relatable,12,2025-07-07
C00040_P027,P027,Money Struggles,ok this is a mood,ambiguous,relatable,8,2025-07-07
C00041_P027,P027,Money Struggles,fake deep,sarcasm,neutral,12,2025-07-07
C00042_P027,P027,Money Struggles,I relate to this too much anna,validation,relatable,17,2025-07-07
C00043_P027,P027,Money Struggles,wait exactly what I go through...,validation,relatable,7,2025-07-07
C00044_P027,P027,Money Struggles,bro screenshot of my head ong,validation,relatable,12,2025-07-07
C00045_P027,P027,Money Struggles,hello?? my biography istg,validation,relatable,10,2025-07-07
C00046_P027,P027,Money Struggles,"everyone overthinks, nothing special",sarcasm,neutral,14,2025-07-07
C00047_P027,P027,Money Struggles,"found this page today, already binged everything :)",generic,neutral,8,2025-07-07
C00048_P027,P027,Money Struggles,ok so exactly what I go through 😭😭,validation,relatable,12,2025-07-07
C00049_P027,P027,Money Struggles,WAIT EXACTLY WHAT I GO THROUGH BHAI,validation,relatable,14,2025-07-07
C00050_P027,P027,Money Struggles,the way my last three years in one video...,validation,relatable,16,2025-07-07
C00051_P027,P027,Money Struggles,the timing of this post is suspicious pls,validation,relatable,12,2025-07-07
C00052_P027,P027,Money Struggles,saved this for the next time it happens ngl,validation,relatable,11,2025-07-07
C00053_P027,P027,Money Struggles,free followers in bio btw,generic,neutral,12,2025-07-07
C00054_P027,P027,Money Struggles,stop describing me 😅,validation,relatable,14,2025-07-07
C00055_P027,P027,Money Struggles,i live this every single day yaar,validation,relatable,11,2025-07-07
C00056_P027,P027,Money Struggles,why does this feel personal ?!,validation,relatable,6,2025-07-07
C00057_P027,P027,Money Struggles,"found this page today, already binged everything 🔥",generic,neutral,15,2025-07-07
C00058_P027,P027,Money Struggles,sir this is my diary page...,validation,relatable,12,2025-07-07
C00059_P027,P027,Money Struggles,"sent this to my best friend at 2am and she replied why is this us, I still have no answer",validation,relatable,12,2025-07-07
C00060_P027,P027,Money Struggles,not me a documentary about me istg,validation,relatable,8,2025-07-07
C00061_P027,P027,Money Struggles,ok so me in one post,validation,relatable,12,2025-07-07
C00062_P027,P027,Money Struggles,facts !!,generic,neutral,10,2025-07-07
C00063_P027,P027,Money Struggles,exactly this,ambiguous,relatable,12,2025-07-07
C00064_P027,P027,Money Struggles,the way me in one post istg,validation,relatable,7,2025-07-07
C00065_P027,P027,Money Struggles,wow okay then,ambiguous,neutral,12,2025-07-07
C00066_P027,P027,Money Struggles,I paused. sat down. processed. same....,validation,relatable,21,2025-07-07
C00067_P027,P027,Money Struggles,me in one post fr,validation,relatable,6,2025-07-07
C00068_P027,P027,Money Struggles,no yeah,ambiguous,relatable,17,2025-07-07
C00069_P027,P027,Money Struggles,YEAH.,ambiguous,neutral,10,2025-07-07
C00070_P027,P027,Money Struggles,nah a documentary about me bhai,validation,relatable,14,2025-07-07
C00071_P027,P027,Money Struggles,THE ENDING 😭,ambiguous,neutral,13,2025-07-07
C00072_P027,P027,Money Struggles,haha true macha,generic,neutral,11,2025-07-07
C00073_P027,P027,Money Struggles,you read my diary da,validation,relatable,13,2025-07-07
C00074_P027,P027,Money Struggles,WHY IS THIS MY EVERYDAY ROUTINE 😅,validation,relatable,14,2025-07-07
C00075_P027,P027,Money Struggles,so dramatic for no reason,sarcasm,neutral,10,2025-07-07
C00076_P027,P027,Money Struggles,why is this my biography pls,validation,relatable,9,2025-07-07
C00077_P027,P027,Money Struggles,nah screenshot of my head lmao,validation,relatable,12,2025-07-07
C00078_P027,P027,Money Struggles,when is part 2? 👍,generic,neutral,13,2025-07-07
C00079_P027,P027,Money Struggles,a mood,ambiguous,neutral,13,2025-07-07
C00080_P027,P027,Money Struggles,the way too real da,validation,relatable,13,2025-07-07
C00081_P027,P027,Money Struggles,i didnt consent to being exposed 💀,validation,relatable,10,2025-07-07
C00082_P027,P027,Money Struggles,fr my last three years in one video 🥲🥲,validation,relatable,13,2025-07-07
C00083_P027,P027,Money Struggles,stop describing me 😭😭,validation,relatable,7,2025-07-07
C00084_P027,P027,Money Struggles,wow so relatable 🙄,sarcasm,neutral,11,2025-07-07
C00085_P027,P027,Money Struggles,POSTED AT THE RIGHT TIME 🔥,generic,neutral,4,2025-07-07
C00086_P027,P027,Money Struggles,the edit quality is insane macha,generic,neutral,9,2025-07-07
C00087_P027,P027,Money Struggles,wait me in one post istg,validation,relatable,10,2025-07-07
C00088_P027,P027,Money Struggles,"OK BUT THIS IS LITERALLY EVERYONE, NOTHING UNIQUE",sarcasm,neutral,10,2025-07-07
C00089_P027,P027,Money Struggles,LOVE THIS PAGE,generic,neutral,12,2025-07-07
C00090_P027,P027,Money Struggles,so true,generic,neutral,10,2025-07-07
C00091_P027,P027,Money Struggles,awesome work macha,generic,neutral,10,2025-07-07
C00092_P027,P027,Money Struggles,do a collab with us sis,generic,neutral,9,2025-07-07
C00093_P027,P027,Money Struggles,free followers in bio bro,generic,neutral,10,2025-07-07
C00094_P027,P027,Money Struggles,facts macha,generic,neutral,9,2025-07-07
C00095_P027,P027,Money Struggles,FACTS ++,generic,neutral,7,2025-07-07
C00096_P027,P027,Money Struggles,took the words right out of my mouth!!,validation,relatable,11,2025-07-07
C00097_P027,P027,Money Struggles,I relate to this too much pls,validation,relatable,12,2025-07-07
C00098_P027,P027,Money Struggles,every frame is my biography bhai,validation,relatable,12,2025-07-07
C00099_P027,P027,Money Struggles,the way literally me fr fr,validation,relatable,10,2025-07-07
C00100_P027,P027,Money Struggles,that hit close to home ong,validation,relatable,10,2025-07-07
C00101_P027,P027,Money Struggles,I'm going to pretend I didn't read this!!,validation,relatable,14,2025-07-07
C00102_P027,P027,Money Struggles,underrated page fr btw,generic,neutral,11,2025-07-07
C00103_P027,P027,Money Struggles,nah too real fr,validation,relatable,11,2025-07-07
C00104_P027,P027,Money Struggles,true that,generic,neutral,5,2025-07-07
C00105_P027,P027,Money Struggles,wait my whole life no cap,validation,relatable,9,2025-07-07
C00106_P027,P027,Money Struggles,the timing of this post is suspicious ngl,validation,relatable,10,2025-07-07
C00107_P027,P027,Money Struggles,instagram therapists at it again,sarcasm,neutral,10,2025-07-07
C00108_P027,P027,Money Struggles,"hold on, my whole life ?!",validation,relatable,11,2025-07-07
C00109_P027,P027,Money Struggles,true that !!,generic,neutral,11,2025-07-07
C00110_P027,P027,Money Struggles,not me too real fr fr,validation,relatable,12,2025-07-07
C00111_P027,P027,Money Struggles,I showed this to my roommate and we just sat in silence for a minute 😭😭,validation,relatable,13,2025-07-07
C00112_P027,P027,Money Struggles,dm for promotions 🔥,generic,neutral,13,2025-07-07
C00113_P027,P027,Money Struggles,hello?? too accurate,validation,relatable,12,2025-07-07
C00114_P027,P027,Money Struggles,I AGREE ++,generic,neutral,16,2025-07-07
C00115_P027,P027,Money Struggles,I felt that da,validation,relatable,5,2025-07-07
C00116_P027,P027,Money Struggles,NO BECAUSE MY LAST THREE YEARS IN ONE VIDEO!!,validation,relatable,8,2025-07-07
C00117_P027,P027,Money Struggles,the timing of this post is suspicious ?!,validation,relatable,4,2025-07-07
C00118_P027,P027,Money Struggles,I feel seen,ambiguous,neutral,12,2025-07-07
C00119_P027,P027,Money Struggles,you read my diary,validation,relatable,15,2025-07-07
C00000_P028,P028,College & Hostel Life,part 3 when?,question,neutral,7,2025-07-08
C00001_P028,P028,College & Hostel Life,8am classes should be illegal,personal_story,relatable,11,2025-07-08
C00002_P028,P028,College & Hostel Life,every frame is my biography 😅,validation,relatable,9,2025-07-08
C00003_P028,P028,College & Hostel Life,check my page 🔥,generic,neutral,9,2025-07-08
C00004_P028,P028,College & Hostel Life,you read my diary,validation,relatable,9,2025-07-08
C00005_P028,P028,College & Hostel Life,this is personal at this point ngl,validation,relatable,13,2025-07-08
C00006_P028,P028,College & Hostel Life,nah screenshot of my head pls,validation,relatable,11,2025-07-08
C00007_P028,P028,College & Hostel Life,"hold on, me in one post 😭",validation,relatable,9,2025-07-08
C00008_P028,P028,College & Hostel Life,I've never been so seen yaar,validation,relatable,12,2025-07-08
C00009_P028,P028,College & Hostel Life,i'm going to pretend i didn't read this 😭😭,validation,relatable,12,2025-07-08
C00010_P028,P028,College & Hostel Life,it's too accurate 😭😭,validation,relatable,9,2025-07-08
C00011_P028,P028,College & Hostel Life,underrated page fr sis,generic,neutral,10,2025-07-08
C00012_P028,P028,College & Hostel Life,saved this for the next time it happens da,validation,relatable,7,2025-07-08
C00013_P028,P028,College & Hostel Life,this speaks for my whole generation lmao,validation,relatable,8,2025-07-08
C00014_P028,P028,College & Hostel Life,this is just basic psychology,sarcasm,neutral,12,2025-07-08
C00015_P028,P028,College & Hostel Life,realest thing on my feed today,ambiguous,relatable,8,2025-07-08
C00016_P028,P028,College & Hostel Life,the way my whole life!!,validation,relatable,11,2025-07-08
C00017_P028,P028,College & Hostel Life,facts 🔥,generic,neutral,12,2025-07-08
C00000_P029,P029,Family Pressure,that's my biography yaar,validation,relatable,6,2025-07-09
C00001_P029,P029,Family Pressure,underrated page fr,generic,neutral,12,2025-07-09
C00002_P029,P029,Family Pressure,this is the kind of post you save at 2am and rewatch when it happens again...,validation,relatable,16,2025-07-09
C00003_P029,P029,Family Pressure,took the words right out of my mouth 😅,validation,relatable,11,2025-07-09
C00004_P029,P029,Family Pressure,is this based on real events?,question,neutral,13,2025-07-09
C00005_P029,P029,Family Pressure,"ok but this is literally everyone, nothing unique",sarcasm,neutral,14,2025-07-09
C00006_P029,P029,Family Pressure,background music name?!,generic,neutral,9,2025-07-09
C00007_P029,P029,Family Pressure,who allowed you to expose me like this no cap,validation,relatable,8,2025-07-09
C00008_P029,P029,Family Pressure,this is just basic pscyhology,sarcasm,neutral,12,2025-07-09
C00009_P029,P029,Family Pressure,reading this at 3am was a mistake pls,validation,relatable,10,2025-07-09
C00010_P029,P029,Family Pressure,🔥🔥,generic,neutral,14,2025-07-09
C00011_P029,P029,Family Pressure,watched this five times already lol,validation,relatable,15,2025-07-09
C00012_P029,P029,Family Pressure,this is so me ?!,validation,relatable,10,2025-07-09
C00013_P029,P029,Family Pressure,true that,generic,neutral,9,2025-07-09
C00014_P029,P029,Family Pressure,"sure, totally me",sarcasm,neutral,13,2025-07-09
C00015_P029,P029,Family Pressure,i live this every single day lmao,validation,relatable,9,2025-07-09
C00016_P029,P029,Family Pressure,'log kya kahenge' has ruined more careers than failure ever did,personal_story,relatable,14,2025-07-09
C00017_P029,P029,Family Pressure,wait my last three years in one video fr,validation,relatable,10,2025-07-09
C00018_P029,P029,Family Pressure,this is so me!!,validation,relatable,12,2025-07-09
C00019_P029,P029,Family Pressure,"everyone overthinks, nothing special",sarcasm,neutral,7,2025-07-09
C00020_P029,P029,Family Pressure,the way so em no cap,validation,relatable,12,2025-07-09
C00021_P029,P029,Family Pressure,superb,generic,neutral,10,2025-07-09
C00022_P029,P029,Family Pressure,posted at the right time :),generic,neutral,11,2025-07-09
C00023_P029,P029,Family Pressure,facts,generic,neutral,8,2025-07-09
C00024_P029,P029,Family Pressure,no because the story of my life fr,validation,relatable,13,2025-07-09
C00025_P029,P029,Family Pressure,awesome work !!,generic,neutral,14,2025-07-09
C00026_P029,P029,Family Pressure,no because literally me lmaoo,validation,relatable,8,2025-07-09
C00027_P029,P029,Family Pressure,kinda yes,ambiguous,relatable,7,2025-07-09
C00028_P029,P029,Family Pressure,nice post !!,generic,neutral,5,2025-07-09
C00029_P029,P029,Family Pressure,which app is this? bro,generic,neutral,12,2025-07-09
C00030_P029,P029,Family Pressure,readign this at 3am was a mistake 🥲,validation,relatable,12,2025-07-09
C00031_P029,P029,Family Pressure,exactly this,ambiguous,neutral,11,2025-07-09
C00032_P029,P029,Family Pressure,"hold no, my biography lol",validation,relatable,9,2025-07-09
C00033_P029,P029,Family Pressure,hello?? exactly what I go through bhai,validation,relatable,10,2025-07-09
C00034_P029,P029,Family Pressure,this is exactly what I go through fr fr,validation,relatable,11,2025-07-09
C00035_P029,P029,Family Pressure,check my page,generic,neutral,11,2025-07-09
C00036_P029,P029,Family Pressure,I'm crying,ambiguous,relatable,18,2025-07-09
C00037_P029,P029,Family Pressure,I'm going to pretend I didn't read this 😭,validation,relatable,8,2025-07-09
C00038_P029,P029,Family Pressure,true that btw,generic,neutral,12,2025-07-09
C00039_P029,P029,Family Pressure,this hit,ambiguous,neutral,10,2025-07-09
C00040_P029,P029,Family Pressure,no because screenshot of my head lol,validation,relatable,10,2025-07-09
C00041_P029,P029,Family Pressure,"I'm the family NGO, free labour included",personal_story,relatable,12,2025-07-09
C00042_P029,P029,Family Pressure,this is my brain on a normal tuesday 😭,validation,relatable,12,2025-07-09
C00043_P029,P029,Family Pressure,hello?? literally me,validation,relatable,18,2025-07-09
C00044_P029,P029,Family Pressure,why is this it me yaar,validation,relatable,7,2025-07-09
C00045_P029,P029,Family Pressure,the way so me...,validation,relatable,7,2025-07-09
C00046_P029,P029,Family Pressure,posted at the right time!,generic,neutral,13,2025-07-09
C00047_P029,P029,Family Pressure,first comment :),generic,neutral,11,2025-07-09
C00048_P029,P029,Family Pressure,love this page,generic,neutral,9,2025-07-09
C00049_P029,P029,Family Pressure,😍 :),generic,neutral,7,2025-07-09
C00050_P029,P029,Family Pressure,hurts but fair,ambiguous,relatable,7,2025-07-09
C00051_P029,P029,Family Pressure,PERSONALLY ATTACKED,ambiguous,relatable,15,2025-07-09
C00052_P029,P029,Family Pressure,not this again,ambiguous,neutral,8,2025-07-09
C00053_P029,P029,Family Pressure,"why does this have no likes, underrated",question,neutral,9,2025-07-09
C00054_P029,P029,Family Pressure,ok but my biography pls,validation,relatable,9,2025-07-09
C00055_P029,P029,Family Pressure,the edit quality is insane !!,generic,neutral,10,2025-07-09
C00056_P029,P029,Family Pressure,deserves way more likes ++,generic,neutral,7,2025-07-09
C00057_P029,P029,Family Pressure,seen.,ambiguous,neutral,11,2025-07-09
C00058_P029,P029,Family Pressure,facts!,generic,neutral,7,2025-07-09
C00059_P029,P029,Family Pressure,first comment bro,generic,neutral,13,2025-07-09
C00060_P029,P029,Family Pressure,who allowed you to expose me like this bhai,validation,relatable,9,2025-07-09
C00061_P029,P029,Family Pressure,wait me in one post fr fr,validation,relatable,11,2025-07-09
C00062_P029,P029,Family Pressure,nah personal at this point anna,validation,relatable,14,2025-07-09
C00063_P029,P029,Family Pressure,every frame is my biography anna,validation,relatable,12,2025-07-09
C00064_P029,P029,Family Pressure,hello?? literally me yaar,validation,relatable,11,2025-07-09
C00065_P029,P029,Family Pressure,literally my everyday routine ?!,validation,relatable,9,2025-07-09
C00066_P029,P029,Family Pressure,underrated page fr 🔥,generic,neutral,9,2025-07-09
C00067_P029,P029,Family Pressure,true sis,generic,neutral,12,2025-07-09
C00068_P029,P029,Family Pressure,the timing of this post is suspicious 😭😭,validation,relatable,19,2025-07-09
C00069_P029,P029,Family Pressure,lol ok !!,generic,neutral,12,2025-07-09
C00070_P029,P029,Family Pressure,yeah no,ambiguous,neutral,11,2025-07-09
C00071_P029,P029,Family Pressure,free followers in bio!,generic,neutral,13,2025-07-09
C00072_P029,P029,Family Pressure,this is my brain on a normal tuesday bhai,validation,relatable,10,2025-07-09
C00073_P029,P029,Family Pressure,"found this page today, already binged everything macha",generic,neutral,6,2025-07-09
C00074_P029,P029,Family Pressure,took the words right out of my mouth 🥲🥲,validation,relatable,11,2025-07-09
C00000_P030,P030,Self-Image & Comparison,true sis,generic,neutral,13,2025-07-11
C00001_P030,P030,Self-Image & Comparison,exactly this,ambiguous,relatable,15,2025-07-11
C00002_P030,P030,Self-Image & Comparison,HOW LONG DID THIS TAKE TO EDIT?,question,neutral,9,2025-07-11
C00003_P030,P030,Self-Image & Comparison,realest thing on my feed today,ambiguous,neutral,10,2025-07-11
C00004_P030,P030,Self-Image & Comparison,excuse me exactly what i go through 🥲,validation,relatable,8,2025-07-11
C00005_P030,P030,Self-Image & Comparison,my therapist and my group chat will hear about this post,validation,relatable,18,2025-07-11
C00006_P030,P030,Self-Image & Comparison,the way my whole life yaar,validation,relatable,15,2025-07-11
C00007_P030,P030,Self-Image & Comparison,it's too accurate 😭😭,validation,relatable,11,2025-07-11
C00008_P030,P030,Self-Image & Comparison,I agree 👍,generic,neutral,14,2025-07-11
C00009_P030,P030,Self-Image & Comparison,why is nobody talking about how accurate this is,ambiguous,neutral,11,2025-07-11
C00010_P030,P030,Self-Image & Comparison,why does this feel personal 😭,validation,relatable,12,2025-07-11
C00011_P030,P030,Self-Image & Comparison,ok so my last three years in one video ong,validation,relatable,7,2025-07-11
C00012_P030,P030,Self-Image & Comparison,why does this feel personal fr fr,validation,relatable,13,2025-07-11
C00013_P030,P030,Self-Image & Comparison,I'm going to pretend I didn't read this 😅,validation,relatable,7,2025-07-11
C00014_P030,P030,Self-Image & Comparison,so true !!,generic,neutral,14,2025-07-11
C00015_P030,P030,Self-Image & Comparison,which pap is this? sis,generic,neutral,13,2025-07-11
C00016_P030,P030,Self-Image & Comparison,I relate to this too much...,validation,relatable,12,2025-07-11
C00017_P030,P030,Self-Image & Comparison,lol ok !!,generic,neutral,6,2025-07-11
C00018_P030,P030,Self-Image & Comparison,the way it me istg,validation,relatable,9,2025-07-11
C00019_P030,P030,Self-Image & Comparison,everyone my age is achieving things and I'm here,personal_story,relatable,9,2025-07-11
C00020_P030,P030,Self-Image & Comparison,TRUE THAT SIS,generic,neutral,10,2025-07-11
C00021_P030,P030,Self-Image & Comparison,i came to instagram to turn my brain off and instead you described it perfectly 💀,validation,relatable,7,2025-07-11
C00022_P030,P030,Self-Image & Comparison,who allowed you to expose me like this ?!,validation,relatable,15,2025-07-11
C00023_P030,P030,Self-Image & Comparison,first comment,generic,neutral,11,2025-07-11
C00024_P030,P030,Self-Image & Comparison,you read ym diary 😭,validation,relatable,9,2025-07-11
C00025_P030,P030,Self-Image & Comparison,bro literally me...,validation,relatable,10,2025-07-11
C00026_P030,P030,Self-Image & Comparison,I didn't consent to being exposed anna,validation,relatable,10,2025-07-11
C00027_P030,P030,Self-Image & Comparison,why does this feel personal,validation,relatable,11,2025-07-11
C00028_P030,P030,Self-Image & Comparison,superb bro,generic,neutral,11,2025-07-11
C00029_P030,P030,Self-Image & Comparison,"why did this describe my entire existence in 30 seconds, I'm filing a complaint fr",validation,relatable,15,2025-07-11
C00030_P030,P030,Self-Image & Comparison,that hit close to home...,validation,relatable,11,2025-07-11
C00031_P030,P030,Self-Image & Comparison,this is it me yaar,validation,relatable,18,2025-07-11
C00032_P030,P030,Self-Image & Comparison,do one about hostellers please,question,neutral,14,2025-07-11
C00033_P030,P030,Self-Image & Comparison,hello?? it me 😅,validation,relatable,8,2025-07-11
C00034_P030,P030,Self-Image & Comparison,nah too accurate...,validation,relatable,15,2025-07-11
C00035_P030,P030,Self-Image & Comparison,bro me in one post lmaoo,validation,relatable,7,2025-07-11
C00036_P030,P030,Self-Image & Comparison,what camera do you use?,question,neutral,13,2025-07-11
C00037_P030,P030,Self-Image & Comparison,ok boomer,sarcasm,neutral,10,2025-07-11
C00038_P030,P030,Self-Image & Comparison,excuse me my whole life fr,validation,relatable,14,2025-07-11
C00039_P030,P030,Self-Image & Comparison,I AGREE,generic,neutral,14,2025-07-11
C00040_P030,P030,Self-Image & Comparison,okay but same,ambiguous,neutral,13,2025-07-11
C00041_P030,P030,Self-Image & Comparison,"uninstalled Instagram twice, reinstalled in a day",personal_story,relatable,13,2025-07-11
C00042_P030,P030,Self-Image & Comparison,song name please? 🔥,generic,neutral,9,2025-07-11
C00043_P030,P030,Self-Image & Comparison,NOT ME MY BRAIN ON A NORMAL TUESDAY NO CAP,validation,relatable,7,2025-07-11
C00044_P030,P030,Self-Image & Comparison,I paused. sat down. processed. same. ong,validation,relatable,10,2025-07-11
C00045_P030,P030,Self-Image & Comparison,the timing of this post is suspicious,validation,relatable,8,2025-07-11
C00046_P030,P030,Self-Image & Comparison,do a collab with us,generic,neutral,12,2025-07-11
C00047_P030,P030,Self-Image & Comparison,no because a documentary about me...,validation,relatable,10,2025-07-11
C00048_P030,P030,Self-Image & Comparison,award for most generic post goes to,sarcasm,neutral,17,2025-07-11
C00049_P030,P030,Self-Image & Comparison,bro literally me anna,validation,relatable,12,2025-07-11
C00050_P030,P030,Self-Image & Comparison,bro a documentary about me pls,validation,relatable,14,2025-07-11
C00051_P030,P030,Self-Image & Comparison,who allowed you to expose me like this istg,validation,relatable,8,2025-07-11
C00052_P030,P030,Self-Image & Comparison,bro personal at this point no cap,validation,relatable,14,2025-07-11
C00053_P030,P030,Self-Image & Comparison,"hold on, me in one post pls",validation,relatable,15,2025-07-11
C00054_P030,P030,Self-Image & Comparison,this speaks for my whole generation,validation,relatable,11,2025-07-11
C00055_P030,P030,Self-Image & Comparison,I relate to this too much da,validation,relatable,12,2025-07-11
C00056_P030,P030,Self-Image & Comparison,fr my last three years in one video lmaoo,validation,relatable,13,2025-07-11
C00057_P030,P030,Self-Image & Comparison,ok so my everyday routine 😭😭,validation,relatable,8,2025-07-11
C00058_P030,P030,Self-Image & Comparison,the edit quality is insane !!,generic,neutral,11,2025-07-11
C00059_P030,P030,Self-Image & Comparison,took the words right out of my mouth no cap,validation,relatable,10,2025-07-11
C00060_P030,P030,Self-Image & Comparison,that hit close to home ngl,validation,relatable,8,2025-07-11
C00061_P030,P030,Self-Image & Comparison,smooth transitions ++,generic,neutral,10,2025-07-11
C00062_P030,P030,Self-Image & Comparison,the edit quality is insane ++,generic,neutral,7,2025-07-11
C00063_P030,P030,Self-Image & Comparison,ok so literally me fr fr,validation,relatable,5,2025-07-11
C00064_P030,P030,Self-Image & Comparison,check my page 🔥,generic,neutral,8,2025-07-11
C00065_P030,P030,Self-Image & Comparison,why is this so me 💀,validation,relatable,16,2025-07-11
C00066_P030,P030,Self-Image & Comparison,fake deep,sarcasm,neutral,11,2025-07-11
C00067_P030,P030,Self-Image & Comparison,what app is this?,question,neutral,16,2025-07-11
C00068_P030,P030,Self-Image & Comparison,wait personal at this point ?!,validation,relatable,10,2025-07-11
C00069_P030,P030,Self-Image & Comparison,your page will blow up btw,generic,neutral,9,2025-07-11
C00070_P030,P030,Self-Image & Comparison,yes because everyone does this obviously,sarcasm,neutral,11,2025-07-11
C00071_P030,P030,Self-Image & Comparison,niec post 👍,generic,neutral,10,2025-07-11
C00072_P030,P030,Self-Image & Comparison,haha true :),generic,neutral,7,2025-07-11
C00073_P030,P030,Self-Image & Comparison,it's too accurate no cap,validation,relatable,12,2025-07-11
C00074_P030,P030,Self-Image & Comparison,i showed this to my roommate and we just sat in silence for a minute 🥲🥲,validation,relatable,8,2025-07-11
C00075_P030,P030,Self-Image & Comparison,"ok but this is literally everyone, nothing unique",sarcasm,neutral,12,2025-07-11
C00076_P030,P030,Self-Image & Comparison,this is so me bhai,validation,relatable,12,2025-07-11
C00077_P030,P030,Self-Image & Comparison,nice post,generic,neutral,8,2025-07-11
C00078_P030,P030,Self-Image & Comparison,cool edit,generic,neutral,6,2025-07-11
C00079_P030,P030,Self-Image & Comparison,the timing of this post is suspicious lmao,validation,relatable,13,2025-07-11
C00080_P030,P030,Self-Image & Comparison,hello?? it me fr,validation,relatable,10,2025-07-11
C00081_P030,P030,Self-Image & Comparison,the way so me ong,validation,relatable,6,2025-07-11
C00082_P030,P030,Self-Image & Comparison,follow for follow?,generic,neutral,19,2025-07-11
C00083_P030,P030,Self-Image & Comparison,saved this for the next time it happens lol,validation,relatable,6,2025-07-11
C00084_P030,P030,Self-Image & Comparison,I agree :),generic,neutral,12,2025-07-11
C00085_P030,P030,Self-Image & Comparison,part 3 when?,question,neutral,17,2025-07-11
C00086_P030,P030,Self-Image & Comparison,who hurt you bro,sarcasm,neutral,9,2025-07-11
C00087_P030,P030,Self-Image & Comparison,ok but my brain on a normal tuesday istg,validation,relatable,8,2025-07-11
C00088_P030,P030,Self-Image & Comparison,do a collab with us btw,generic,neutral,7,2025-07-11
C00089_P030,P030,Self-Image & Comparison,the ending 😭,ambiguous,neutral,9,2025-07-11
C00090_P030,P030,Self-Image & Comparison,every frame is my biography ong,validation,relatable,7,2025-07-11
C00091_P030,P030,Self-Image & Comparison,who allowed you to expose me like this lol,validation,relatable,12,2025-07-11
C00092_P030,P030,Self-Image & Comparison,keep it up,generic,neutral,6,2025-07-11
C00093_P030,P030,Self-Image & Comparison,sending this to the group chat with no context ngl,validation,relatable,11,2025-07-11
C00094_P030,P030,Self-Image & Comparison,your page will blow up ++,generic,neutral,19,2025-07-11
C00095_P030,P030,Self-Image & Comparison,SO TRUE!,generic,neutral,13,2025-07-11
C00000_P031,P031,Social Anxiety,"I rehearse before ordering coffee, no exaggeration",personal_story,relatable,14,2025-07-12
C00001_P031,P031,Social Anxiety,not me a documentary about me 💀,validation,relatable,13,2025-07-12
C00002_P031,P031,Social Anxiety,FR A DOCUMENTARY ABOUT ME NO CAP,validation,relatable,13,2025-07-12
C00003_P031,P031,Social Anxiety,COOL EDIT BTW,generic,neutral,5,2025-07-12
C00004_P031,P031,Social Anxiety,not this again,ambiguous,neutral,10,2025-07-12
C00005_P031,P031,Social Anxiety,this speaks for my whole generation lmaoo,validation,relatable,11,2025-07-12
C00006_P031,P031,Social Anxiety,who hurt you bro,sarcasm,neutral,5,2025-07-12
C00007_P031,P031,Social Anxiety,haha ++,generic,neutral,9,2025-07-12
C00008_P031,P031,Social Anxiety,"found this page today, already binged everything ++",generic,neutral,13,2025-07-12
C00009_P031,P031,Social Anxiety,oh.,ambiguous,neutral,8,2025-07-12
C00010_P031,P031,Social Anxiety,painfully aaaccurate 🥲🥲,validation,relatable,11,2025-07-12
C00011_P031,P031,Social Anxiety,exactly this,ambiguous,neutral,8,2025-07-12
C00012_P031,P031,Social Anxiety,no because exactly what I go through ong,validation,relatable,5,2025-07-12
C00013_P031,P031,Social Anxiety,not me my everyday routine 🥲,validation,relatable,9,2025-07-12
C00014_P031,P031,Social Anxiety,hmm,ambiguous,neutral,17,2025-07-12
C00000_P032,P032,Dating & Situationships,genuinely how do you know my life fr,validation,relatable,7,2025-07-13
C00001_P032,P032,Dating & Situationships,true!,generic,neutral,11,2025-07-13
C00002_P032,P032,Dating & Situationships,not the last line,ambiguous,neutral,8,2025-07-13
C00003_P032,P032,Dating & Situationships,keep it up !!,generic,neutral,9,2025-07-13
C00004_P032,P032,Dating & Situationships,PAINFULLY ACCURATE,validation,relatable,13,2025-07-13
C00005_P032,P032,Dating & Situationships,the algorithm finally did something right!,generic,neutral,11,2025-07-13
C00006_P032,P032,Dating & Situationships,not this again,ambiguous,neutral,10,2025-07-13
C00007_P032,P032,Dating & Situationships,SIR THIS IS MY DIARY PAGE ISTG,validation,relatable,10,2025-07-13
C00008_P032,P032,Dating & Situationships,underrated page fr 👍,generic,neutral,10,2025-07-13
C00009_P032,P032,Dating & Situationships,I'm going to pretend I didn't read this pls,validation,relatable,13,2025-07-13
C00010_P032,P032,Dating & Situationships,song name please?!,generic,neutral,15,2025-07-13
C00011_P032,P032,Dating & Situationships,you read my diary,validation,relatable,16,2025-07-13
C00012_P032,P032,Dating & Situationships,bro my biography 😭,validation,relatable,13,2025-07-13
C00013_P032,P032,Dating & Situationships,I didn't consent to being exposed lmaoo,validation,relatable,9,2025-07-13
C00014_P032,P032,Dating & Situationships,mine left me on delivered for 3 days 😭,personal_story,relatable,12,2025-07-13
C00015_P032,P032,Dating & Situationships,sending this to the group chat with no context lmaoo,validation,relatable,10,2025-07-13
C00016_P032,P032,Dating & Situationships,can you do one on exam results?,question,neutral,9,2025-07-13
C00017_P032,P032,Dating & Situationships,superb,generic,neutral,14,2025-07-13
C00000_P033,P033,Money Struggles,why is this the story of my life ong,validation,relatable,15,2025-07-15
C00001_P033,P033,Money Struggles,every frame is my biography 🥲,validation,relatable,12,2025-07-15
C00002_P033,P033,Money Struggles,this is just basic psychology,sarcasm,neutral,12,2025-07-15
C00003_P033,P033,Money Struggles,my account balance is a horror movie,personal_story,relatable,6,2025-07-15
C00004_P033,P033,Money Struggles,i live this every single day ngl,validation,relatable,11,2025-07-15
C00005_P033,P033,Money Struggles,the way me in one post 😭,validation,relatable,8,2025-07-15
C00000_P034,P034,College & Hostel Life,i'm going to pretend i didn't read this 💀,validation,relatable,7,2025-07-16
C00001_P034,P034,College & Hostel Life,this speaks for my whole generation 💀,validation,relatable,5,2025-07-16
C00002_P034,P034,College & Hostel Life,what camera do you use?,question,neutral,16,2025-07-16
C00003_P034,P034,College & Hostel Life,the way I did this exact thing this morning and now I'm being called out publicly 🥲🥲,validation,relatable,13,2025-07-16
C00004_P034,P034,College & Hostel Life,underrated page fr :),generic,neutral,10,2025-07-16
C00005_P034,P034,College & Hostel Life,the caption though,ambiguous,relatable,9,2025-07-16
C00006_P034,P034,College & Hostel Life,follow for follow? 👍,generic,neutral,10,2025-07-16
C00007_P034,P034,College & Hostel Life,painfully accurate ?!,validation,relatable,13,2025-07-16
C00008_P034,P034,College & Hostel Life,8am classes should be illegal,personal_story,relatable,12,2025-07-16
C00009_P034,P034,College & Hostel Life,promotion rates in dm,spam,neutral,8,2025-07-16
C00010_P034,P034,College & Hostel Life,nah exactly what I go through anna,validation,relatable,8,2025-07-16
C00011_P034,P034,College & Hostel Life,YES BECAUSE EVERYONE DOES THIS OBVIOUSLY,sarcasm,neutral,7,2025-07-16
C00012_P034,P034,College & Hostel Life,i felt that!!,validation,relatable,12,2025-07-16
C00013_P034,P034,College & Hostel Life,wow so relatable 🙄,sarcasm,neutral,13,2025-07-16
C00014_P034,P034,College & Hostel Life,our mess soup is just hot water with regret,personal_story,relatable,9,2025-07-16
C00015_P034,P034,College & Hostel Life,the last line though,ambiguous,neutral,5,2025-07-16
C00016_P034,P034,College & Hostel Life,how do you deal with this though?,question,neutral,7,2025-07-16
C00017_P034,P034,College & Hostel Life,background music name?!,generic,neutral,17,2025-07-16
C00018_P034,P034,College & Hostel Life,can we get a version with english subtitles?,question,neutral,9,2025-07-16
C00019_P034,P034,College & Hostel Life,why is this a documentary about me 😅,validation,relatable,13,2025-07-16
C00020_P034,P034,College & Hostel Life,I'm crying,ambiguous,relatable,12,2025-07-16
C00021_P034,P034,College & Hostel Life,saved this for the next time it happens yaar,validation,relatable,10,2025-07-16
C00022_P034,P034,College & Hostel Life,literally my everyday routine,validation,relatable,8,2025-07-16
C00023_P034,P034,College & Hostel Life,nooo because my last three years in one video da,validation,relatable,7,2025-07-16
C00000_P035,P035,Family Pressure,i'm in this post and i don't like it istg,validation,relatable,17,2025-07-18
C00001_P035,P035,Family Pressure,who allowed you to expose me like this no cap,validation,relatable,11,2025-07-18
C00002_P035,P035,Family Pressure,literally too real ong,validation,relatable,11,2025-07-18
C00003_P035,P035,Family Pressure,this is so me fr fr,validation,relatable,13,2025-07-18
C00004_P035,P035,Family Pressure,not me the story of my life istg,validation,relatable,13,2025-07-18
C00005_P035,P035,Family Pressure,ok so personal at this point 💀,validation,relatable,12,2025-07-18
C00006_P035,P035,Family Pressure,follow for follow? bro,generic,neutral,7,2025-07-18
C00007_P035,P035,Family Pressure,"came here to laugh, stayed to confront myself ngl",validation,relatable,9,2025-07-18
C00008_P035,P035,Family Pressure,follow fro follow? 👍,generic,neutral,15,2025-07-18
C00009_P035,P035,Family Pressure,I live this every single day da,validation,relatable,9,2025-07-18
C00010_P035,P035,Family Pressure,wait a documentary about me da,validation,relatable,10,2025-07-18
C00011_P035,P035,Family Pressure,watched this five times already lmao,validation,relatable,10,2025-07-18
C00012_P035,P035,Family Pressure,😍 !!,generic,neutral,10,2025-07-18
C00013_P035,P035,Family Pressure,the algorithm finally did something right btw,generic,neutral,12,2025-07-18
C00014_P035,P035,Family Pressure,HURTS BUT FAIR,ambiguous,relatable,16,2025-07-18
C00015_P035,P035,Family Pressure,NOT ME ME IN ONE POST,validation,relatable,9,2025-07-18
C00016_P035,P035,Family Pressure,nah a documentaary about me fr,validation,relatable,7,2025-07-18
C00017_P035,P035,Family Pressure,literally my brain on a normal tuesday ?!,validation,relatable,8,2025-07-18
C00018_P035,P035,Family Pressure,"why did this describe my entire existence in 30 seconds, I'm filing a complaint...",validation,relatable,14,2025-07-18
C00019_P035,P035,Family Pressure,'log kya kahenge' has ruined more careers than failure ever did,personal_story,relatable,12,2025-07-18
C00020_P035,P035,Family Pressure,this is eaxctly what i go through 💀,validation,relatable,9,2025-07-18
C00021_P035,P035,Family Pressure,painfully accurate!!,validation,relatable,13,2025-07-18
C00022_P035,P035,Family Pressure,it's too accurate bhai,validation,relatable,14,2025-07-18
C00023_P035,P035,Family Pressure,that hit close to home,validation,relatable,14,2025-07-18
C00024_P035,P035,Family Pressure,😍!,generic,neutral,15,2025-07-18
C00025_P035,P035,Family Pressure,stop describing me lmaoo,validation,relatable,9,2025-07-18
C00026_P035,P035,Family Pressure,this is literally me 😭😭,validation,relatable,13,2025-07-18
C00027_P035,P035,Family Pressure,watched this five times already yaar,validation,relatable,10,2025-07-18
C00028_P035,P035,Family Pressure,I live this every single day 😭,validation,relatable,14,2025-07-18
C00029_P035,P035,Family Pressure,wow so relatable 🙄,sarcasm,neutral,13,2025-07-18
C00030_P035,P035,Family Pressure,I relate to this too much,validation,relatable,13,2025-07-18
C00031_P035,P035,Family Pressure,this speaks for my whole generation...,validation,relatable,12,2025-07-18
C00032_P035,P035,Family Pressure,excuse me the story of my life ngl,validation,relatable,8,2025-07-18
C00033_P035,P035,Family Pressure,reading this at 3am was a mistake ?!,validation,relatable,11,2025-07-18
C00034_P035,P035,Family Pressure,"I'm the family NGO, free labour included",personal_story,relatable,18,2025-07-18
C00035_P035,P035,Family Pressure,every fraaame is my biography 💀,validation,relatable,15,2025-07-18
C00036_P035,P035,Family Pressure,literally my whole life lmao,validation,relatable,6,2025-07-18
C00037_P035,P035,Family Pressure,do you take content requests?,question,neutral,8,2025-07-18
C00038_P035,P035,Family Pressure,hello?? it me 😭,validation,relatable,8,2025-07-18
C00039_P035,P035,Family Pressure,fr iit me,validation,relatable,13,2025-07-18
C00040_P035,P035,Family Pressure,when is part 2? 👍,generic,neutral,13,2025-07-18
C00041_P035,P035,Family Pressure,make one about first job interviews please,question,neutral,8,2025-07-18
C00042_P035,P035,Family Pressure,watched this five times already anna,validation,relatable,11,2025-07-18
C00043_P035,P035,Family Pressure,haha bro,generic,neutral,14,2025-07-18
C00044_P035,P035,Family Pressure,true 👍,generic,neutral,13,2025-07-18
C00045_P035,P035,Family Pressure,ok so too accurate no cap,validation,relatable,11,2025-07-18
C00046_P035,P035,Family Pressure,😍 btw,generic,neutral,11,2025-07-18
C00047_P035,P035,Family Pressure,great content 🔥,generic,neutral,11,2025-07-18
C00048_P035,P035,Family Pressure,i felt that 😭😭,validation,relatable,9,2025-07-18
C00049_P035,P035,Family Pressure,fake deep,sarcasm,neutral,11,2025-07-18
C00050_P035,P035,Family Pressure,nice post btw,generic,neutral,12,2025-07-18
C00051_P035,P035,Family Pressure,"why did this describe my entire existence in 30 seconds, im filing a complaint 😭😭",validation,relatable,14,2025-07-18
C00052_P035,P035,Family Pressure,this is so me,validation,relatable,12,2025-07-18
C00053_P035,P035,Family Pressure,it's too accurate 😭😭,validation,relatable,13,2025-07-18
C00054_P035,P035,Family Pressure,this is screenshot of my head 😭😭,validation,relatable,8,2025-07-18
C00055_P035,P035,Family Pressure,saved this for the next time it happens istg,validation,relatable,10,2025-07-18
C00056_P035,P035,Family Pressure,not me my brain on a normal tuesday anna,validation,relatable,4,2025-07-18
C00057_P035,P035,Family Pressure,SONG NAME PLEASE? !!,generic,neutral,9,2025-07-18
C00058_P035,P035,Family Pressure,THIS GENERATION AND ITS LABELS ISTG,sarcasm,neutral,13,2025-07-18
C00059_P035,P035,Family Pressure,I felt that,validation,relatable,18,2025-07-18
C00060_P035,P035,Family Pressure,check my page macha,generic,neutral,7,2025-07-18
C00061_P035,P035,Family Pressure,I've never been so seen no cap,validation,relatable,10,2025-07-18
C00062_P035,P035,Family Pressure,love this page,generic,neutral,13,2025-07-18
C00063_P035,P035,Family Pressure,check my page bro,generic,neutral,8,2025-07-18
C00064_P035,P035,Family Pressure,i agree,generic,neutral,11,2025-07-18
C00065_P035,P035,Family Pressure,check my page,generic,neutral,13,2025-07-18
C00066_P035,P035,Family Pressure,ok so me in one post da,validation,relatable,12,2025-07-18
C00067_P035,P035,Family Pressure,superb sis,generic,neutral,8,2025-07-18
C00068_P035,P035,Family Pressure,I live this every single day pls,validation,relatable,10,2025-07-18
C00069_P035,P035,Family Pressure,keep it up!,generic,neutral,13,2025-07-18
C00070_P035,P035,Family Pressure,THE EDIT QUALITY IS INSANE :),generic,neutral,11,2025-07-18
C00071_P035,P035,Family Pressure,follow for follow? 🔥,generic,neutral,4,2025-07-18
C00072_P035,P035,Family Pressure,kinda yes,ambiguous,relatable,13,2025-07-18
C00073_P035,P035,Family Pressure,not me the story of my life!!,validation,relatable,6,2025-07-18
C00074_P035,P035,Family Pressure,reporting this for personal damage bhai,validation,relatable,13,2025-07-18
C00075_P035,P035,Family Pressure,GREAT CONTENT 👍,generic,neutral,8,2025-07-18
C00076_P035,P035,Family Pressure,"came here to laugh, stayed to confront myself pls",validation,relatable,16,2025-07-18
C00077_P035,P035,Family Pressure,this is exactly what i go through 😭😭,validation,relatable,10,2025-07-18
C00078_P035,P035,Family Pressure,exactly.,ambiguous,neutral,9,2025-07-18
C00079_P035,P035,Family Pressure,true that :),generic,neutral,8,2025-07-18
C00080_P035,P035,Family Pressure,cant even,ambiguous,neutral,9,2025-07-18
C00081_P035,P035,Family Pressure,I didnt consent to being exposed ngl,validation,relatable,14,2025-07-18
C00082_P035,P035,Family Pressure,who allowed you to expose me like this ngl,validation,relatable,19,2025-07-18
C00083_P035,P035,Family Pressure,crying,ambiguous,neutral,10,2025-07-18
C00084_P035,P035,Family Pressure,saved this for the next time it happens ngl,validation,relatable,10,2025-07-18
C00085_P035,P035,Family Pressure,😍 🔥,generic,neutral,12,2025-07-18
C00086_P035,P035,Family Pressure,great content!,generic,neutral,14,2025-07-18
C00087_P035,P035,Family Pressure,the timing of this post is suspicious lmaoo,validation,relatable,11,2025-07-18
C00088_P035,P035,Family Pressure,"everyone overthinks, nothing special",sarcasm,neutral,10,2025-07-18
C00089_P035,P035,Family Pressure,THIS SPEAKS FOR MY WHOLE GENERATION,validation,relatable,10,2025-07-18
C00090_P035,P035,Family Pressure,how long did this take to edit?,question,neutral,12,2025-07-18
C00091_P035,P035,Family Pressure,BACKGROUND MUSIC NAME? 👍,generic,neutral,4,2025-07-18
C00092_P035,P035,Family Pressure,which app is this? :),generic,neutral,12,2025-07-18
C00093_P035,P035,Family Pressure,WATCHED THIS FIVE TIMES ALREADY,validation,relatable,10,2025-07-18
C00094_P035,P035,Family Pressure,keep it up ++,generic,neutral,13,2025-07-18
C00095_P035,P035,Family Pressure,check my page ++,generic,neutral,7,2025-07-18
C00096_P035,P035,Family Pressure,fr my brain on a normal tuesday da,validation,relatable,11,2025-07-18
C00097_P035,P035,Family Pressure,your page will blow up!,generic,neutral,11,2025-07-18
C00098_P035,P035,Family Pressure,ok so too real,validation,relatable,12,2025-07-18
C00099_P035,P035,Family Pressure,ok this is a mood,ambiguous,relatable,6,2025-07-18
C00100_P035,P035,Family Pressure,OK BUT PERSONAL AT THIS POINT BHAI,validation,relatable,11,2025-07-18
C00101_P035,P035,Family Pressure,smooth transitions !!,generic,neutral,11,2025-07-18
C00102_P035,P035,Family Pressure,that hit close to home bhai,validation,relatable,11,2025-07-18
C00103_P035,P035,Family Pressure,not me my last three years in one video fr fr,validation,relatable,11,2025-07-18
C00104_P035,P035,Family Pressure,wait my last three years in one video lmao,validation,relatable,12,2025-07-18
C00105_P035,P035,Family Pressure,this is literally me!!,validation,relatable,13,2025-07-18
C00106_P035,P035,Family Pressure,this one,ambiguous,neutral,9,2025-07-18
C00107_P035,P035,Family Pressure,ok but a documentary about me ngl,validation,relatable,14,2025-07-18
C00108_P035,P035,Family Pressure,"hold on, too real 😭",validation,relatable,11,2025-07-18
C00109_P035,P035,Family Pressure,excuse me it me 😭,validation,relatable,7,2025-07-18
C00110_P035,P035,Family Pressure,not me screenshot of my head 😭😭,validation,relatable,6,2025-07-18
C00111_P035,P035,Family Pressure,took the words right out of my mouth,validation,relatable,9,2025-07-18
C00112_P035,P035,Family Pressure,no because my everyday routine,validation,relatable,13,2025-07-18
C00113_P035,P035,Family Pressure,"hold on, me in one post pls",validation,relatable,12,2025-07-18
C00114_P035,P035,Family Pressure,"watched this, closed the app, opened it again, watched it again. yeah. fr",validation,relatable,13,2025-07-18
C00115_P035,P035,Family Pressure,this speaks for my whole generation no cap,validation,relatable,11,2025-07-18
C00116_P035,P035,Family Pressure,which college is this?,question,neutral,10,2025-07-18
C00117_P035,P035,Family Pressure,your page will blow up,generic,neutral,8,2025-07-18
C00118_P035,P035,Family Pressure,reading this at 3am was a mistake da,validation,relatable,9,2025-07-18
C00119_P035,P035,Family Pressure,free followers in bio,generic,neutral,10,2025-07-18
C00000_P036,P036,Self-Image & Comparison,is this based on real evnets?,question,neutral,10,2025-07-19
C00001_P036,P036,Self-Image & Comparison,which college is this?,question,neutral,11,2025-07-19
C00002_P036,P036,Self-Image & Comparison,your page will blow up!,generic,neutral,11,2025-07-19
C00003_P036,P036,Self-Image & Comparison,make one about first job interviews please,question,neutral,8,2025-07-19
C00004_P036,P036,Self-Image & Comparison,FR EXACTLY WHAT I GO THROUGH PLS,validation,relatable,10,2025-07-19
C00005_P036,P036,Self-Image & Comparison,wait it me 💀,validation,relatable,9,2025-07-19
C00006_P036,P036,Self-Image & Comparison,you read my diary yaar,validation,relatable,5,2025-07-19
C00007_P036,P036,Self-Image & Comparison,so true macha,generic,neutral,5,2025-07-19
C00008_P036,P036,Self-Image & Comparison,deep. very deep.,sarcasm,neutral,14,2025-07-19
C00009_P036,P036,Self-Image & Comparison,which app is this?,generic,neutral,9,2025-07-19
C00010_P036,P036,Self-Image & Comparison,the way my last three years in one video pls,validation,relatable,11,2025-07-19
C00011_P036,P036,Self-Image & Comparison,lol ok!,generic,neutral,9,2025-07-19
C00012_P036,P036,Self-Image & Comparison,that hit close to home fr fr,validation,relatable,16,2025-07-19
C00013_P036,P036,Self-Image & Comparison,sir this is my diary page!!,validation,relatable,9,2025-07-19
C00014_P036,P036,Self-Image & Comparison,the algorithm finally did something right 🔥,generic,neutral,10,2025-07-19
C00015_P036,P036,Self-Image & Comparison,i live this every single day...,validation,relatable,14,2025-07-19
C00016_P036,P036,Self-Image & Comparison,I showed this to my roommate and we just sat in silence for a minute fr fr,validation,relatable,14,2025-07-19
C00017_P036,P036,Self-Image & Comparison,free followers in bio bro,generic,neutral,8,2025-07-19
C00018_P036,P036,Self-Image & Comparison,everyone my age is achieving things and I'm here,personal_story,relatable,13,2025-07-19
C00019_P036,P036,Self-Image & Comparison,awesome work btw,generic,neutral,10,2025-07-19
C00020_P036,P036,Self-Image & Comparison,took the words right out of my mouth fr,validation,relatable,11,2025-07-19
C00021_P036,P036,Self-Image & Comparison,I didn't consent to being exposed 💀,validation,relatable,8,2025-07-19
C00022_P036,P036,Self-Image & Comparison,smooth transitions :),generic,neutral,7,2025-07-19
C00023_P036,P036,Self-Image & Comparison,"why did this describe my entire existence in 30 seconds, i'm filing a complaint anna",validation,relatable,13,2025-07-19
C00024_P036,P036,Self-Image & Comparison,ok this is a mood,ambiguous,neutral,11,2025-07-19
C00025_P036,P036,Self-Image & Comparison,hello?? my biography lol,validation,relatable,10,2025-07-19
C00026_P036,P036,Self-Image & Comparison,"came here to laugh, stayed to confront myself 🥲🥲",validation,relatable,13,2025-07-19
C00027_P036,P036,Self-Image & Comparison,"sent this to my best friend at 2am and she replied why is this us, I still have no answer 😭😭",validation,relatable,13,2025-07-19
C00028_P036,P036,Self-Image & Comparison,a mood,ambiguous,relatable,8,2025-07-19
C00029_P036,P036,Self-Image & Comparison,literally my biography 😭,validation,relatable,12,2025-07-19
C00030_P036,P036,Self-Image & Comparison,this is just basic psychology,sarcasm,neutral,8,2025-07-19
C00031_P036,P036,Self-Image & Comparison,"uninstalled Instagram twice, reinstalled in a day",personal_story,relatable,13,2025-07-19
C00032_P036,P036,Self-Image & Comparison,this is my lsat three years in one video 😅,validation,relatable,12,2025-07-19
C00033_P036,P036,Self-Image & Comparison,cool edit,generic,neutral,16,2025-07-19
C00034_P036,P036,Self-Image & Comparison,that hit close to home 🥲,validation,relatable,7,2025-07-19
C00035_P036,P036,Self-Image & Comparison,this one,ambiguous,relatable,6,2025-07-19
C00036_P036,P036,Self-Image & Comparison,wow so relatable 🙄,sarcasm,neutral,9,2025-07-19
C00037_P036,P036,Self-Image & Comparison,i'm in this post and i don't like it lmao,validation,relatable,9,2025-07-19
C00038_P036,P036,Self-Image & Comparison,genuinely how do you know my life lmaoo,validation,relatable,9,2025-07-19
C00039_P036,P036,Self-Image & Comparison,congratulations you discovered being human,sarcasm,neutral,15,2025-07-19
C00040_P036,P036,Self-Image & Comparison,when is part 2? sis,generic,neutral,9,2025-07-19
C00041_P036,P036,Self-Image & Comparison,oh.,ambiguous,neutral,9,2025-07-19
C00042_P036,P036,Self-Image & Comparison,saved this for the next time it happens fr,validation,relatable,13,2025-07-19
C00043_P036,P036,Self-Image & Comparison,painfully accurate anna,validation,relatable,10,2025-07-19
C00044_P036,P036,Self-Image & Comparison,award for most generic post goes to,sarcasm,neutral,13,2025-07-19
C00045_P036,P036,Self-Image & Comparison,sending this to the group chat with no context anna,validation,relatable,6,2025-07-19
C00046_P036,P036,Self-Image & Comparison,this is me in one post 😅,validation,relatable,11,2025-07-19
C00047_P036,P036,Self-Image & Comparison,this is too real,validation,relatable,6,2025-07-19
C00048_P036,P036,Self-Image & Comparison,stop describing me lol,validation,relatable,6,2025-07-19
C00049_P036,P036,Self-Image & Comparison,this felt personal,ambiguous,relatable,15,2025-07-19
C00050_P036,P036,Self-Image & Comparison,love this page btw,generic,neutral,8,2025-07-19
C00051_P036,P036,Self-Image & Comparison,no because personal at this point istg,validation,relatable,11,2025-07-19
C00052_P036,P036,Self-Image & Comparison,seen.,ambiguous,relatable,10,2025-07-19
C00053_P036,P036,Self-Image & Comparison,watched this five times already bhai,validation,relatable,10,2025-07-19
C00054_P036,P036,Self-Image & Comparison,took the words right out of my mouth,validation,relatable,15,2025-07-19
C00055_P036,P036,Self-Image & Comparison,i felt that no cap,validation,relatable,5,2025-07-19
C00056_P036,P036,Self-Image & Comparison,when is part 2? bro,generic,neutral,12,2025-07-19
C00057_P036,P036,Self-Image & Comparison,the honesty is refreshing,ambiguous,relatable,16,2025-07-19
C00058_P036,P036,Self-Image & Comparison,true that !!,generic,neutral,11,2025-07-19
C00059_P036,P036,Self-Image & Comparison,the way so me lol,validation,relatable,15,2025-07-19
C00060_P036,P036,Self-Image & Comparison,hello?? so me ?!,validation,relatable,6,2025-07-19
C00061_P036,P036,Self-Image & Comparison,SONG NAME PLEASE?,generic,neutral,10,2025-07-19
C00062_P036,P036,Self-Image & Comparison,your page will blow up 🔥,generic,neutral,9,2025-07-19
C00063_P036,P036,Self-Image & Comparison,mood.,ambiguous,relatable,13,2025-07-19
C00064_P036,P036,Self-Image & Comparison,haha true macha,generic,neutral,17,2025-07-19
C00065_P036,P036,Self-Image & Comparison,ok this one hurt,ambiguous,relatable,9,2025-07-19
C00000_P037,P037,Social Anxiety,WATCHED THIS FIVE TIMES ALREADY 🥲,validation,relatable,8,2025-07-20
C00001_P037,P037,Social Anxiety,WHY DOES THIS FEEL PERSONAL NGL,validation,relatable,9,2025-07-20
C00002_P037,P037,Social Anxiety,"I rehearse before ordering coffee, no exaggeration",personal_story,relatable,9,2025-07-20
C00003_P037,P037,Social Anxiety,not me too real 😭😭,validation,relatable,14,2025-07-20
C00004_P037,P037,Social Anxiety,award for most generic post goes to,sarcasm,neutral,11,2025-07-20
C00005_P037,P037,Social Anxiety,wait my biography...,validation,relatable,11,2025-07-20
C00006_P037,P037,Social Anxiety,THIS ONE,ambiguous,relatable,7,2025-07-20
C00007_P037,P037,Social Anxiety,literally so me no cap,validation,relatable,14,2025-07-20
C00008_P037,P037,Social Anxiety,i felt that fr fr,validation,relatable,12,2025-07-20
C00009_P037,P037,Social Anxiety,i came to instagram to turn my brain off and instead you described it perfectly fr fr,validation,relatable,7,2025-07-20
C00010_P037,P037,Social Anxiety,so true!,generic,neutral,12,2025-07-20
C00011_P037,P037,Social Anxiety,no because a documentary about me 💀,validation,relatable,11,2025-07-20
C00012_P037,P037,Social Anxiety,my hands shake when the phone rings too,personal_story,relatable,7,2025-07-20
C00013_P037,P037,Social Anxiety,sir this is my diary page ?!,validation,relatable,10,2025-07-20
C00014_P037,P037,Social Anxiety,sir this is my diary page lmao,validation,relatable,11,2025-07-20
C00015_P037,P037,Social Anxiety,sir thsi is my diary page da,validation,relatable,8,2025-07-20
C00016_P037,P037,Social Anxiety,this speaks for my whole generation!!,validation,relatable,16,2025-07-20
C00017_P037,P037,Social Anxiety,ok but my biography 😅,validation,relatable,14,2025-07-20
C00018_P037,P037,Social Anxiety,stating the obvious since 2020,sarcasm,neutral,12,2025-07-20
C00019_P037,P037,Social Anxiety,sending this to the group chat with no context 😭,validation,relatable,10,2025-07-20
C00020_P037,P037,Social Anxiety,ok so so me no cap,validation,relatable,10,2025-07-20
C00021_P037,P037,Social Anxiety,I came to instagram to turn my brain off and instead you described it perfectly lol,validation,relatable,12,2025-07-20
C00022_P037,P037,Social Anxiety,fr it me ong,validation,relatable,11,2025-07-20
C00023_P037,P037,Social Anxiety,hello?? exactly what I go through ?!,validation,relatable,6,2025-07-20
C00024_P037,P037,Social Anxiety,unfortunately yes,ambiguous,relatable,11,2025-07-20
C00025_P037,P037,Social Anxiety,I'm in this post and I don't like it istg,validation,relatable,13,2025-07-20
C00026_P037,P037,Social Anxiety,nah me in one post fr fr,validation,relatable,10,2025-07-20
C00027_P037,P037,Social Anxiety,literally my last three years in one video pls,validation,relatable,6,2025-07-20
C00028_P037,P037,Social Anxiety,wait personal at this point lmaoo,validation,relatable,13,2025-07-20
C00029_P037,P037,Social Anxiety,song name please? sis,generic,neutral,8,2025-07-20
C00030_P037,P037,Social Anxiety,backgorund music name? 🔥,generic,neutral,9,2025-07-20
C00031_P037,P037,Social Anxiety,fr my biography lmaoo,validation,relatable,8,2025-07-20
C00032_P037,P037,Social Anxiety,i came to instagram to turn my brain off and instead you described it perfectly bhai,validation,relatable,9,2025-07-20
C00033_P037,P037,Social Anxiety,that's literally me 😭😭,validation,relatable,13,2025-07-20
C00034_P037,P037,Social Anxiety,check my page,generic,neutral,11,2025-07-20
C00035_P037,P037,Social Anxiety,i relate to this too much lol,validation,relatable,8,2025-07-20
C00036_P037,P037,Social Anxiety,took the words right out of my mouth istg,validation,relatable,14,2025-07-20
C00037_P037,P037,Social Anxiety,dm for promotions btw,generic,neutral,14,2025-07-20
C00038_P037,P037,Social Anxiety,the honesty is refreshing,ambiguous,neutral,14,2025-07-20
C00039_P037,P037,Social Anxiety,bro exactly what i go through lmaoo,validation,relatable,9,2025-07-20
C00040_P037,P037,Social Anxiety,personally attacked,ambiguous,relatable,10,2025-07-20
C00041_P037,P037,Social Anxiety,which app is this? 👍,generic,neutral,18,2025-07-20
C00042_P037,P037,Social Anxiety,painfully accurate ong,validation,relatable,13,2025-07-20
C00043_P037,P037,Social Anxiety,"ok but this is literally everyone, ntohing unique",sarcasm,neutral,5,2025-07-20
C00044_P037,P037,Social Anxiety,i felt that 🥲🥲,validation,relatable,6,2025-07-20
C00045_P037,P037,Social Anxiety,the algorithm finally did something right bro,generic,neutral,10,2025-07-20
C00046_P037,P037,Social Anxiety,I'm in this post and I don't like it ngl,validation,relatable,15,2025-07-20
C00047_P037,P037,Social Anxiety,DESERVES WAY MORE LIKES !!,generic,neutral,11,2025-07-20
C00048_P037,P037,Social Anxiety,deep. very deep.,sarcasm,neutral,11,2025-07-20
C00049_P037,P037,Social Anxiety,ok so it me,validation,relatable,7,2025-07-20
C00050_P037,P037,Social Anxiety,sir this is my diary page 🥲,validation,relatable,12,2025-07-20
C00051_P037,P037,Social Anxiety,"another relatable page, how original",sarcasm,neutral,14,2025-07-20
C00052_P037,P037,Social Anxiety,this is so me no cap,validation,relatable,10,2025-07-20
C00053_P037,P037,Social Anxiety,the way too real lol,validation,relatable,13,2025-07-20
C00054_P037,P037,Social Anxiety,FACTS SIS,generic,neutral,16,2025-07-20
C00055_P037,P037,Social Anxiety,"everyone overthinks, nothing special",sarcasm,neutral,8,2025-07-20
C00056_P037,P037,Social Anxiety,nah my biography pls,validation,relatable,11,2025-07-20
C00057_P037,P037,Social Anxiety,the way screenshot of my head fr fr,validation,relatable,9,2025-07-20
C00058_P037,P037,Social Anxiety,a mood,ambiguous,relatable,13,2025-07-20
C00059_P037,P037,Social Anxiety,the way the story of ym life,validation,relatable,11,2025-07-20
C00060_P037,P037,Social Anxiety,facts,generic,neutral,12,2025-07-20
C00061_P037,P037,Social Anxiety,why does this feel personal lmao,validation,relatable,13,2025-07-20
C00062_P037,P037,Social Anxiety,it's too accurate fr fr,validation,relatable,10,2025-07-20
C00063_P037,P037,Social Anxiety,not me my brain on a normal tuesday anna,validation,relatable,15,2025-07-20
C00064_P037,P037,Social Anxiety,follow for follow? 🔥,generic,neutral,11,2025-07-20
C00065_P037,P037,Social Anxiety,love this page macha,generic,neutral,8,2025-07-20
C00066_P037,P037,Social Anxiety,exactly.,ambiguous,neutral,12,2025-07-20
C00067_P037,P037,Social Anxiety,deserves way more likes 🔥,generic,neutral,13,2025-07-20
C00068_P037,P037,Social Anxiety,background music name? btw,generic,neutral,9,2025-07-20
C00069_P037,P037,Social Anxiety,you read my diary lol,validation,relatable,14,2025-07-20
C00070_P037,P037,Social Anxiety,the timing of this post is suspicious!!,validation,relatable,15,2025-07-20
C00071_P037,P037,Social Anxiety,your page will blow up sis,generic,neutral,9,2025-07-20
C00072_P037,P037,Social Anxiety,I felt that ong,validation,relatable,17,2025-07-20
C00073_P037,P037,Social Anxiety,🔥🔥 bro,generic,neutral,8,2025-07-20
C00074_P037,P037,Social Anxiety,every frame is my biography 🥲,validation,relatable,8,2025-07-20
C00075_P037,P037,Social Anxiety,wow,ambiguous,relatable,8,2025-07-20
C00076_P037,P037,Social Anxiety,😍,generic,neutral,15,2025-07-20
C00077_P037,P037,Social Anxiety,IT'S THE ACCURACY FOR ME,ambiguous,relatable,12,2025-07-20
C00078_P037,P037,Social Anxiety,UNDERRATED PAGE FR,generic,neutral,8,2025-07-20
C00079_P037,P037,Social Anxiety,I didn't consent to being exposed fr fr,validation,relatable,10,2025-07-20
C00080_P037,P037,Social Anxiety,love this page !!,generic,neutral,12,2025-07-20
C00081_P037,P037,Social Anxiety,fr too reaaal 💀,validation,relatable,7,2025-07-20
C00082_P037,P037,Social Anxiety,I relate to this too much lmao,validation,relatable,14,2025-07-20
C00083_P037,P037,Social Anxiety,first comment 🔥,generic,neutral,13,2025-07-20
C00084_P037,P037,Social Anxiety,the algorithm finally did something right 🔥,generic,neutral,11,2025-07-20
C00085_P037,P037,Social Anxiety,realest thing on my feed today,ambiguous,relatable,16,2025-07-20
C00086_P037,P037,Social Anxiety,I'm in this post and I don't like it 🥲,validation,relatable,10,2025-07-20
C00087_P037,P037,Social Anxiety,awesome work!,generic,neutral,18,2025-07-20
C00088_P037,P037,Social Anxiety,wait too accurate yaar,validation,relatable,12,2025-07-20
C00089_P037,P037,Social Anxiety,nah my brain on a normal tuesday istg,validation,relatable,12,2025-07-20
C00090_P037,P037,Social Anxiety,haha,generic,neutral,8,2025-07-20
C00091_P037,P037,Social Anxiety,took the words right out of my omuth...,validation,relatable,14,2025-07-20
C00092_P037,P037,Social Anxiety,sir this is my diary page 😭😭,validation,relatable,10,2025-07-20
C00093_P037,P037,Social Anxiety,hello?? my brain on a normal tuesday 🥲,validation,relatable,8,2025-07-20
C00094_P037,P037,Social Anxiety,that's a documentary about me!!,validation,relatable,5,2025-07-20
C00095_P037,P037,Social Anxiety,wow so relatable 🙄,sarcasm,neutral,11,2025-07-20
C00096_P037,P037,Social Anxiety,"why did this describe my entire existence in 30 seconds, I'm filing a complaint 😭😭",validation,relatable,11,2025-07-20
C00097_P037,P037,Social Anxiety,SENDING THIS TO THE GROUP CHAT WITH NO CONTEXT LOL,validation,relatable,12,2025-07-20
C00098_P037,P037,Social Anxiety,ok this one hurt,ambiguous,relatable,14,2025-07-20
C00099_P037,P037,Social Anxiety,background music name?!,generic,neutral,7,2025-07-20
C00100_P037,P037,Social Anxiety,watched this five times already anna,validation,relatable,13,2025-07-20
C00101_P037,P037,Social Anxiety,that hit close to home,validation,relatable,8,2025-07-20
C00102_P037,P037,Social Anxiety,"found this page today, already binged everything 🔥",generic,neutral,14,2025-07-20
C00103_P037,P037,Social Anxiety,deserves way more likes!,generic,neutral,13,2025-07-20
C00104_P037,P037,Social Anxiety,i'm going to pretend i didn't read this 😭😭,validation,relatable,11,2025-07-20
C00105_P037,P037,Social Anxiety,excuse me exactly what i go through 😭,validation,relatable,12,2025-07-20
C00106_P037,P037,Social Anxiety,"watched this, closed the app, opened it again, watched it again. yeah. ngl",validation,relatable,9,2025-07-20
C00107_P037,P037,Social Anxiety,every frame si my biography,validation,relatable,10,2025-07-20
C00108_P037,P037,Social Anxiety,posted at the right time 🔥,generic,neutral,14,2025-07-20
C00109_P037,P037,Social Anxiety,posted at the right time ++,generic,neutral,10,2025-07-20
C00110_P037,P037,Social Anxiety,"CAME HERE TO LAUGH, STAYED TO CONFRONT MYSELF 🥲🥲",validation,relatable,10,2025-07-20
C00111_P037,P037,Social Anxiety,do a collab with us :),generic,neutral,11,2025-07-20
C00112_P037,P037,Social Anxiety,nah my whole life,validation,relatable,14,2025-07-20
C00113_P037,P037,Social Anxiety,the timing of this post is suspicious yaar,validation,relatable,9,2025-07-20
C00114_P037,P037,Social Anxiety,literally personal at this point anna,validation,relatable,8,2025-07-20
C00115_P037,P037,Social Anxiety,stop describing me lmao,validation,relatable,12,2025-07-20
C00116_P037,P037,Social Anxiety,"why did this describe my entire existence in 30 seconds, I'm filing a complaint fr fr",validation,relatable,14,2025-07-20
C00117_P037,P037,Social Anxiety,"sent this to my best friend at 2am and she replied why is this us, I still have no answer lmao",validation,relatable,7,2025-07-20
C00118_P037,P037,Social Anxiety,facts 👍,generic,neutral,9,2025-07-20
C00119_P037,P037,Social Anxiety,nah my biography 😭😭,validation,relatable,8,2025-07-20
C00000_P038,P038,Dating & Situationships,i've never been so seen lmao,validation,relatable,12,2025-07-22
C00001_P038,P038,Dating & Situationships,"sure, totally me",sarcasm,neutral,7,2025-07-22
C00002_P038,P038,Dating & Situationships,"hold on, too real pls",validation,relatable,12,2025-07-22
C00003_P038,P038,Dating & Situationships,the last line though,ambiguous,relatable,9,2025-07-22
C00004_P038,P038,Dating & Situationships,"another relatable page, ohw original",sarcasm,neutral,12,2025-07-22
C00005_P038,P038,Dating & Situationships,hello?? screenshot of my head lmaoo,validation,relatable,7,2025-07-22
C00006_P038,P038,Dating & Situationships,reading this at 3am was a mistake,validation,relatable,8,2025-07-22
C00007_P038,P038,Dating & Situationships,"came here to laugh, stayed to confront myself pls",validation,relatable,14,2025-07-22
C00008_P038,P038,Dating & Situationships,do one about hostellers please,question,neutral,9,2025-07-22
C00009_P038,P038,Dating & Situationships,TOOK THE WORDS RIGHT OUT OF MY MOUTH 🥲🥲,validation,relatable,14,2025-07-22
C00010_P038,P038,Dating & Situationships,what's the song used here?,question,neutral,9,2025-07-22
C00011_P038,P038,Dating & Situationships,what camera do you use?,question,neutral,12,2025-07-22
C00012_P038,P038,Dating & Situationships,mood.,ambiguous,neutral,12,2025-07-22
C00013_P038,P038,Dating & Situationships,"hold on, it me lmao",validation,relatable,11,2025-07-22
C00014_P038,P038,Dating & Situationships,part 3 when?,question,neutral,9,2025-07-22
C00015_P038,P038,Dating & Situationships,the edit quality is insane!,generic,neutral,8,2025-07-22
C00016_P038,P038,Dating & Situationships,wait my brain on a normal tuesday 😭,validation,relatable,6,2025-07-22
C00017_P038,P038,Dating & Situationships,"why does this have no likes, underrated",question,neutral,9,2025-07-22
C00018_P038,P038,Dating & Situationships,he said 'we'll see' and I said ok like a fool,personal_story,relatable,12,2025-07-22
C00019_P038,P038,Dating & Situationships,follow for follow? :),generic,neutral,16,2025-07-22
C00020_P038,P038,Dating & Situationships,follow for follow? btw,generic,neutral,14,2025-07-22
C00021_P038,P038,Dating & Situationships,wait my whole life bhai,validation,relatable,13,2025-07-22
C00022_P038,P038,Dating & Situationships,"hold on, so me 😅",validation,relatable,13,2025-07-22
C00023_P038,P038,Dating & Situationships,NO YEAH,ambiguous,neutral,12,2025-07-22
C00024_P038,P038,Dating & Situationships,mine left me on delivered for 3 days 😭,personal_story,relatable,9,2025-07-22
C00025_P038,P038,Dating & Situationships,took the words right out of my mouth istg,validation,relatable,15,2025-07-22
C00026_P038,P038,Dating & Situationships,the ending 😭,ambiguous,relatable,12,2025-07-22
C00027_P038,P038,Dating & Situationships,posted at the right time btw,generic,neutral,11,2025-07-22
C00028_P038,P038,Dating & Situationships,why does this feel personal istg,validation,relatable,7,2025-07-22
C00029_P038,P038,Dating & Situationships,🔥🔥 ++,generic,neutral,10,2025-07-22
C00030_P038,P038,Dating & Situationships,WHAT APP IS THIS?,question,neutral,10,2025-07-22
C00031_P038,P038,Dating & Situationships,TRUE THAT SIS,generic,neutral,14,2025-07-22
C00032_P038,P038,Dating & Situationships,when is part 2?,generic,neutral,11,2025-07-22
C00033_P038,P038,Dating & Situationships,I didn't consent to being exposed bhai,validation,relatable,10,2025-07-22
C00034_P038,P038,Dating & Situationships,why is this my whole life,validation,relatable,17,2025-07-22
C00035_P038,P038,Dating & Situationships,do you take content requests?,question,neutral,7,2025-07-22
C00036_P038,P038,Dating & Situationships,stop describing me 💀,validation,relatable,10,2025-07-22
C00037_P038,P038,Dating & Situationships,nah my biography lmaoo,validation,relatable,6,2025-07-22
C00038_P038,P038,Dating & Situationships,WHICH APP IS THIS?!,generic,neutral,13,2025-07-22
C00039_P038,P038,Dating & Situationships,first comemnt,generic,neutral,15,2025-07-22
C00040_P038,P038,Dating & Situationships,exactly this,ambiguous,relatable,9,2025-07-22
C00041_P038,P038,Dating & Situationships,wait my last three years in one video pls,validation,relatable,14,2025-07-22
C00042_P038,P038,Dating & Situationships,is this based on real events?,question,neutral,9,2025-07-22
C00043_P038,P038,Dating & Situationships,literally too real fr fr,validation,relatable,15,2025-07-22
C00044_P038,P038,Dating & Situationships,why is this it me lmao,validation,relatable,13,2025-07-22
C00045_P038,P038,Dating & Situationships,love this page ++,generic,neutral,13,2025-07-22
C00046_P038,P038,Dating & Situationships,this is my everyday routine yaar,validation,relatable,5,2025-07-22
C00047_P038,P038,Dating & Situationships,this is so me lol,validation,relatable,16,2025-07-22
C00048_P038,P038,Dating & Situationships,why is this screenshot of my head lmaoo,validation,relatable,13,2025-07-22
C00049_P038,P038,Dating & Situationships,"came here to laugh, stayed to confront myself!!",validation,relatable,9,2025-07-22
C00050_P038,P038,Dating & Situationships,sadly accurate,ambiguous,relatable,14,2025-07-22
C00051_P038,P038,Dating & Situationships,SUPERB MACHA,generic,neutral,9,2025-07-22
C00052_P038,P038,Dating & Situationships,how long did this take to edit?,question,neutral,14,2025-07-22
C00053_P038,P038,Dating & Situationships,stating the obvious since 2020,sarcasm,neutral,7,2025-07-22
C00054_P038,P038,Dating & Situationships,BACKGROUND MUSIC NAME? :),generic,neutral,12,2025-07-22
C00055_P038,P038,Dating & Situationships,so dramatic for no reason,sarcasm,neutral,11,2025-07-22
C00056_P038,P038,Dating & Situationships,song name please? 👍,generic,neutral,7,2025-07-22
C00057_P038,P038,Dating & Situationships,sir this is my diary page 😭😭,validation,relatable,9,2025-07-22
C00058_P038,P038,Dating & Situationships,"found this page today, already binged everything btw",generic,neutral,5,2025-07-22
C00059_P038,P038,Dating & Situationships,sending this to the group chat with no context istg,validation,relatable,10,2025-07-22
C00060_P038,P038,Dating & Situationships,excuse me my last three years in one video istg,validation,relatable,9,2025-07-22
C00061_P038,P038,Dating & Situationships,stop describing me anna,validation,relatable,11,2025-07-22
C00062_P038,P038,Dating & Situationships,hurts but fair,ambiguous,relatable,9,2025-07-22
C00000_P039,P039,Money Struggles,posted at the right time bro,generic,neutral,11,2025-07-23
C00001_P039,P039,Money Struggles,this felt personal,ambiguous,relatable,15,2025-07-23
C00002_P039,P039,Money Struggles,fake deep,sarcasm,neutral,8,2025-07-23
C00003_P039,P039,Money Struggles,painfully accurate fr,validation,relatable,7,2025-07-23
C00004_P039,P039,Money Struggles,"why did this describe my entire existence in 30 seconds, Im filing a complaint 🥲🥲",validation,relatable,9,2025-07-23
C00005_P039,P039,Money Struggles,why is this exactly what i go through lmaoo,validation,relatable,13,2025-07-23
C00006_P039,P039,Money Struggles,cool edit 🔥,generic,neutral,6,2025-07-23
C00007_P039,P039,Money Struggles,literally too accurate 😭,validation,relatable,11,2025-07-23
C00008_P039,P039,Money Struggles,haha true,generic,neutral,19,2025-07-23
C00009_P039,P039,Money Struggles,this one,ambiguous,relatable,14,2025-07-23
C00010_P039,P039,Money Struggles,watched this five times already lmaoo,validation,relatable,11,2025-07-23
C00011_P039,P039,Money Struggles,dm for promotions 🔥,generic,neutral,6,2025-07-23
C00012_P039,P039,Money Struggles,Rs.200 is not small when you have Rs.400,personal_story,relatable,14,2025-07-23
C00013_P039,P039,Money Struggles,every frame is my biography lmao,validation,relatable,11,2025-07-23
C00014_P039,P039,Money Struggles,my account balance is a horror movie,personal_story,relatable,7,2025-07-23
C00015_P039,P039,Money Struggles,deep. very deep.,sarcasm,neutral,7,2025-07-23
C00016_P039,P039,Money Struggles,hello?? screenshot of my head bhai,validation,relatable,15,2025-07-23
C00017_P039,P039,Money Struggles,I felt that 💀,validation,relatable,12,2025-07-23
C00000_P040,P040,College & Hostel Life,awesome work !!,generic,neutral,15,2025-07-24
C00001_P040,P040,College & Hostel Life,this is me in one post,validation,relatable,10,2025-07-24
C00002_P040,P040,College & Hostel Life,"found this page today, already binged everything :)",generic,neutral,12,2025-07-24
C00003_P040,P040,College & Hostel Life,OK SO TOO ACCURATE 💀,validation,relatable,12,2025-07-24
C00004_P040,P040,College & Hostel Life,that hit close to home 😅,validation,relatable,11,2025-07-24
C00005_P040,P040,College & Hostel Life,this speaks for my whole generation 😅,validation,relatable,12,2025-07-24
C00006_P040,P040,College & Hostel Life,i live this every single day ngl,validation,relatable,9,2025-07-24
C00007_P040,P040,College & Hostel Life,WHEN IS PART 2? :),generic,neutral,11,2025-07-24
C00008_P040,P040,College & Hostel Life,first comment 👍,generic,neutral,7,2025-07-24
C00009_P040,P040,College & Hostel Life,this generation and its labels istg,sarcasm,neutral,10,2025-07-24
C00010_P040,P040,College & Hostel Life,this is my whole life 😅,validation,relatable,11,2025-07-24
C00011_P040,P040,College & Hostel Life,not me screenshot of my head 😭,validation,relatable,12,2025-07-24
C00012_P040,P040,College & Hostel Life,every frame is my biography ong,validation,relatable,16,2025-07-24
C00013_P040,P040,College & Hostel Life,love this page bro,generic,neutral,11,2025-07-24
C00014_P040,P040,College & Hostel Life,not to be dramatic but this post understood me better than my last three conversations lmao,validation,relatable,13,2025-07-24
C00015_P040,P040,College & Hostel Life,8am classes should be illegal,personal_story,relatable,11,2025-07-24
C00016_P040,P040,College & Hostel Life,smooth transitions :),generic,neutral,12,2025-07-24
C00017_P040,P040,College & Hostel Life,bro personal at this point 😅,validation,relatable,7,2025-07-24
C00018_P040,P040,College & Hostel Life,your page will blow up bro,generic,neutral,9,2025-07-24
C00019_P040,P040,College & Hostel Life,i agree!,generic,neutral,10,2025-07-24
C00020_P040,P040,College & Hostel Life,"earn 5000 daily, link in bio",spam,neutral,10,2025-07-24
C00021_P040,P040,College & Hostel Life,chcek my page 👍,generic,neutral,6,2025-07-24
C00022_P040,P040,College & Hostel Life,any tips for the 2am version of this?,question,neutral,8,2025-07-24
C00023_P040,P040,College & Hostel Life,that hit close to home lol,validation,relatable,9,2025-07-24
C00024_P040,P040,College & Hostel Life,stop describing me pls,validation,relatable,17,2025-07-24
C00025_P040,P040,College & Hostel Life,literally my whole life istg,validation,relatable,9,2025-07-24
C00026_P040,P040,College & Hostel Life,song name please? :),generic,neutral,11,2025-07-24
C00027_P040,P040,College & Hostel Life,watched this five times already ong,validation,relatable,8,2025-07-24
C00028_P040,P040,College & Hostel Life,our mess soup is just hot water with regret,personal_story,relatable,12,2025-07-24
C00029_P040,P040,College & Hostel Life,this is so me 🥲,validation,relatable,9,2025-07-24
C00030_P040,P040,College & Hostel Life,the way my brain on a normal tuesday lmao,validation,relatable,8,2025-07-24
C00031_P040,P040,College & Hostel Life,ok so the story of my life,validation,relatable,11,2025-07-24
C00032_P040,P040,College & Hostel Life,it's one thing to make a meme and another to describe my whole personality,validation,relatable,4,2025-07-24
C00033_P040,P040,College & Hostel Life,growth service dm now,spam,neutral,4,2025-07-24
C00034_P040,P040,College & Hostel Life,GENUINELY HOW DO YOU KNOW MY LIFE 🥲🥲,validation,relatable,8,2025-07-24
C00035_P040,P040,College & Hostel Life,check my page ++,generic,neutral,6,2025-07-24
C00036_P040,P040,College & Hostel Life,the way literally me ong,validation,relatable,7,2025-07-24
C00037_P040,P040,College & Hostel Life,congratulations you discovered being human,sarcasm,neutral,9,2025-07-24
C00038_P040,P040,College & Hostel Life,this is so me fr,validation,relatable,13,2025-07-24
C00039_P040,P040,College & Hostel Life,sending this to the group chat with no context bhai,validation,relatable,11,2025-07-24
C00040_P040,P040,College & Hostel Life,I live this every single day...,validation,relatable,11,2025-07-24
C00041_P040,P040,College & Hostel Life,it's one thing to make a meme and another to describe my whole personality 🥲,validation,relatable,9,2025-07-24
C00042_P040,P040,College & Hostel Life,nice post 🔥,generic,neutral,15,2025-07-24
C00043_P040,P040,College & Hostel Life,sir this is my diary page 😭,validation,relatable,10,2025-07-24
C00044_P040,P040,College & Hostel Life,ok but my biography fr,validation,relatable,7,2025-07-24
C00045_P040,P040,College & Hostel Life,nice post!,generic,neutral,12,2025-07-24
C00046_P040,P040,College & Hostel Life,what's the song used here?,question,neutral,7,2025-07-24
C00047_P040,P040,College & Hostel Life,😍 ++,generic,neutral,10,2025-07-24
C00048_P040,P040,College & Hostel Life,🔥🔥 🔥,generic,neutral,11,2025-07-24
C00049_P040,P040,College & Hostel Life,bro my biography lmaoo,validation,relatable,14,2025-07-24
C00050_P040,P040,College & Hostel Life,hello?? my brain on a normal tuesday 🥲🥲,validation,relatable,11,2025-07-24
C00051_P040,P040,College & Hostel Life,first comment,generic,neutral,12,2025-07-24
C00052_P040,P040,College & Hostel Life,sir this is my diary page istg,validation,relatable,19,2025-07-24
C00053_P040,P040,College & Hostel Life,lol ok bro,generic,neutral,8,2025-07-24
C00054_P040,P040,College & Hostel Life,I've never been so seen 🥲,validation,relatable,9,2025-07-24
C00055_P040,P040,College & Hostel Life,hurts but fair,ambiguous,relatable,10,2025-07-24
C00056_P040,P040,College & Hostel Life,cool edit bro,generic,neutral,10,2025-07-24
C00057_P040,P040,College & Hostel Life,how do you deal with this though?,question,neutral,10,2025-07-24
C00058_P040,P040,College & Hostel Life,this hit,ambiguous,neutral,15,2025-07-24
C00059_P040,P040,College & Hostel Life,why is this so me ong,validation,relatable,12,2025-07-24
C00060_P040,P040,College & Hostel Life,so true ++,generic,neutral,12,2025-07-24
C00061_P040,P040,College & Hostel Life,this is screenshot of my head...,validation,relatable,9,2025-07-24
C00062_P040,P040,College & Hostel Life,I didn't consent to being exposed 💀,validation,relatable,14,2025-07-24
C00063_P040,P040,College & Hostel Life,do one about hostellers please,question,neutral,16,2025-07-24
C00064_P040,P040,College & Hostel Life,FR MY EVERYDAY ROUTINE BHAI,validation,relatable,14,2025-07-24
C00065_P040,P040,College & Hostel Life,what app is this?,question,neutral,3,2025-07-24
C00000_P041,P041,Family Pressure,nah my everyday routine istg,validation,relatable,10,2025-07-26
C00001_P041,P041,Family Pressure,the edit quality is insane,generic,neutral,10,2025-07-26
C00002_P041,P041,Family Pressure,"I'm the family NGO, free labour included",personal_story,relatable,10,2025-07-26
C00003_P041,P041,Family Pressure,fake deep,sarcasm,neutral,7,2025-07-26
C00004_P041,P041,Family Pressure,which app is this? sis,generic,neutral,10,2025-07-26
C00005_P041,P041,Family Pressure,sending this to the group chat with no context lmaoo,validation,relatable,13,2025-07-26
C00006_P041,P041,Family Pressure,ok but my brain on a normal tuesday no cap,validation,relatable,7,2025-07-26
C00007_P041,P041,Family Pressure,you read my diary 🥲🥲,validation,relatable,7,2025-07-26
C00008_P041,P041,Family Pressure,'log kya kahenge' has ruined more careers than failure ever did,personal_story,relatable,10,2025-07-26
C00009_P041,P041,Family Pressure,love this page macha,generic,neutral,16,2025-07-26
C00010_P041,P041,Family Pressure,ok but it me ngl,validation,relatable,12,2025-07-26
C00011_P041,P041,Family Pressure,ok so literally me lmao,validation,relatable,12,2025-07-26
C00012_P041,P041,Family Pressure,saved this for the next time it happens 💀,validation,relatable,10,2025-07-26
C00013_P041,P041,Family Pressure,im going to pretend i didn't read this,validation,relatable,11,2025-07-26
C00014_P041,P041,Family Pressure,reporting this for personal damage ngl,validation,relatable,4,2025-07-26
C00015_P041,P041,Family Pressure,I paused. sat down. processed. same. ong,validation,relatable,12,2025-07-26
C00016_P041,P041,Family Pressure,underrated page fr bro,generic,neutral,15,2025-07-26
C00017_P041,P041,Family Pressure,watched this five times already...,validation,relatable,12,2025-07-26
C00018_P041,P041,Family Pressure,congratulations you discovered being human,sarcasm,neutral,14,2025-07-26
C00019_P041,P041,Family Pressure,true that sis,generic,neutral,12,2025-07-26
C00020_P041,P041,Family Pressure,hello?? literally me da,validation,relatable,7,2025-07-26
C00021_P041,P041,Family Pressure,this is personal at tihs point lmaoo,validation,relatable,15,2025-07-26
C00022_P041,P041,Family Pressure,"sent this to my best friend at 2am and she replied why is this us, I still have no answer fr fr",validation,relatable,6,2025-07-26
C00023_P041,P041,Family Pressure,the way my whole life!!,validation,relatable,11,2025-07-26
C00024_P041,P041,Family Pressure,background music name? !!,generic,neutral,8,2025-07-26
C00025_P041,P041,Family Pressure,DESERVES WAY MORE LIKES BTW,generic,neutral,5,2025-07-26
C00026_P041,P041,Family Pressure,genuinely how do you know my life 💀,validation,relatable,10,2025-07-26
C00027_P041,P041,Family Pressure,"came here to laugh, stayed to confront myself lmoao",validation,relatable,9,2025-07-26
C00028_P041,P041,Family Pressure,sending this to the group chat with no context 😭,validation,relatable,11,2025-07-26
C00029_P041,P041,Family Pressure,literally exactly what I go through da,validation,relatable,11,2025-07-26
C00030_P041,P041,Family Pressure,painfully accurate bhai,validation,relatable,6,2025-07-26
C00031_P041,P041,Family Pressure,the timing of this post is suspicious 😅,validation,relatable,7,2025-07-26
C00032_P041,P041,Family Pressure,exactly.,ambiguous,neutral,11,2025-07-26
C00033_P041,P041,Family Pressure,"watched this, closed the app, opened it again, watched it again. yeah....",validation,relatable,10,2025-07-26
C00034_P041,P041,Family Pressure,hurts but fair,ambiguous,relatable,13,2025-07-26
C00035_P041,P041,Family Pressure,ok but exactly what I go through!!,validation,relatable,12,2025-07-26
C00036_P041,P041,Family Pressure,no yeah,ambiguous,neutral,14,2025-07-26
C00037_P041,P041,Family Pressure,I'm in this post and I don't like it ong,validation,relatable,12,2025-07-26
C00038_P041,P041,Family Pressure,smooth transitions sis,generic,neutral,10,2025-07-26
C00039_P041,P041,Family Pressure,"why does this have no likes, underrated",question,neutral,12,2025-07-26
C00040_P041,P041,Family Pressure,hello?? exactly what I go through lmaoo,validation,relatable,9,2025-07-26
C00041_P041,P041,Family Pressure,oh.,ambiguous,neutral,9,2025-07-26
C00042_P041,P041,Family Pressure,the timing of this post is suspicious lmaoo,validation,relatable,13,2025-07-26
C00043_P041,P041,Family Pressure,I'm in this post and I don't like it ngl,validation,relatable,10,2025-07-26
C00044_P041,P041,Family Pressure,the way exactly what I go through 😅,validation,relatable,13,2025-07-26
C00045_P041,P041,Family Pressure,do one about hostellers please,question,neutral,14,2025-07-26
C00046_P041,P041,Family Pressure,literally it me 🥲🥲,validation,relatable,14,2025-07-26
C00047_P041,P041,Family Pressure,part 3 when?,question,neutral,15,2025-07-26
C00048_P041,P041,Family Pressure,"found this page today, already binged everything !!",generic,neutral,10,2025-07-26
C00049_P041,P041,Family Pressure,took the words right out of my mouth lmaoo,validation,relatable,9,2025-07-26
C00050_P041,P041,Family Pressure,🔥🔥 macha,generic,neutral,11,2025-07-26
C00051_P041,P041,Family Pressure,haha true sis,generic,neutral,10,2025-07-26
C00052_P041,P041,Family Pressure,I felt that da,validation,relatable,11,2025-07-26
C00053_P041,P041,Family Pressure,you read my diary bhai,validation,relatable,12,2025-07-26
C00000_P042,P042,Self-Image & Comparison,superb 👍,generic,neutral,8,2025-07-27
C00001_P042,P042,Self-Image & Comparison,ok but so me 🥲,validation,relatable,5,2025-07-27
C00002_P042,P042,Self-Image & Comparison,facts!,generic,neutral,12,2025-07-27
C00003_P042,P042,Self-Image & Comparison,"uninstalled Instagram twice, reinstalled in a day",personal_story,relatable,12,2025-07-27
C00004_P042,P042,Self-Image & Comparison,first comment!,generic,neutral,9,2025-07-27
C00005_P042,P042,Self-Image & Comparison,"watched this, closed the app, opened it again, watched it again. yeah. pls",validation,relatable,7,2025-07-27
C00006_P042,P042,Self-Image & Comparison,literally too real ?!,validation,relatable,10,2025-07-27
C00007_P042,P042,Self-Image & Comparison,too real,ambiguous,relatable,9,2025-07-27
C00008_P042,P042,Self-Image & Comparison,saved this for the next time it happens!!,validation,relatable,12,2025-07-27
C00009_P042,P042,Self-Image & Comparison,the algorithm finally did something right macha,generic,neutral,11,2025-07-27
C00010_P042,P042,Self-Image & Comparison,literally too real!!,validation,relatable,10,2025-07-27
C00011_P042,P042,Self-Image & Comparison,im going to pretend i didn't read this no cap,validation,relatable,8,2025-07-27
C00012_P042,P042,Self-Image & Comparison,love this page !!,generic,neutral,18,2025-07-27
C00013_P042,P042,Self-Image & Comparison,fr my last three years in one video fr,validation,relatable,10,2025-07-27
C00014_P042,P042,Self-Image & Comparison,unfortunately yes,ambiguous,relatable,12,2025-07-27
C00015_P042,P042,Self-Image & Comparison,reading this at 3am was a mistake fr fr,validation,relatable,8,2025-07-27
C00016_P042,P042,Self-Image & Comparison,dm for promotions !!,generic,neutral,11,2025-07-27
C00017_P042,P042,Self-Image & Comparison,I'm in this post and I don't like it 😭😭,validation,relatable,5,2025-07-27
C00018_P042,P042,Self-Image & Comparison,bro exactly what I go through 😭😭,validation,relatable,11,2025-07-27
C00019_P042,P042,Self-Image & Comparison,deserves way more likes sis,generic,neutral,16,2025-07-27
C00020_P042,P042,Self-Image & Comparison,part 2 please?,question,neutral,10,2025-07-27
C00021_P042,P042,Self-Image & Comparison,everyone my age is achieving things and I'm here,personal_story,relatable,6,2025-07-27
C00022_P042,P042,Self-Image & Comparison,ok boomer,sarcasm,neutral,6,2025-07-27
C00023_P042,P042,Self-Image & Comparison,wow so relatable 🙄,sarcasm,neutral,10,2025-07-27
C00024_P042,P042,Self-Image & Comparison,bro a documentary about me 😭😭,validation,relatable,8,2025-07-27
C00025_P042,P042,Self-Image & Comparison,😍 bro,generic,neutral,5,2025-07-27
C00026_P042,P042,Self-Image & Comparison,nice post ++,generic,neutral,13,2025-07-27
C00027_P042,P042,Self-Image & Comparison,wow,ambiguous,neutral,10,2025-07-27
C00028_P042,P042,Self-Image & Comparison,stop describing me pls,validation,relatable,9,2025-07-27
C00029_P042,P042,Self-Image & Comparison,personally attacked,ambiguous,neutral,15,2025-07-27
C00000_P043,P043,Social Anxiety,wow okay,ambiguous,relatable,18,2025-07-29
C00001_P043,P043,Social Anxiety,i've never been so seen yaar,validation,relatable,9,2025-07-29
C00002_P043,P043,Social Anxiety,love this page 👍,generic,neutral,16,2025-07-29
C00003_P043,P043,Social Anxiety,this speaks for my whole generation ong,validation,relatable,10,2025-07-29
C00004_P043,P043,Social Anxiety,I felt that 🥲,validation,relatable,10,2025-07-29
C00005_P043,P043,Social Anxiety,bro screenshot of my head lmaoo,validation,relatable,9,2025-07-29
C00006_P043,P043,Social Anxiety,song name please? ++,generic,neutral,11,2025-07-29
C00007_P043,P043,Social Anxiety,I paused. sat down. processde. same. 🥲🥲,validation,relatable,8,2025-07-29
C00008_P043,P043,Social Anxiety,uncomfortably accurate,ambiguous,neutral,11,2025-07-29
C00009_P043,P043,Social Anxiety,fr personal at this point yaar,validation,relatable,11,2025-07-29
C00010_P043,P043,Social Anxiety,"I rehearse before ordering coffee, no exaggeration",personal_story,relatable,13,2025-07-29
C00011_P043,P043,Social Anxiety,you read my diary no cap,validation,relatable,14,2025-07-29
C00012_P043,P043,Social Anxiety,why is this too accurate 🥲🥲,validation,relatable,10,2025-07-29
C00013_P043,P043,Social Anxiety,facts bro,generic,neutral,9,2025-07-29
C00014_P043,P043,Social Anxiety,the timing of this post is suspicious lol,validation,relatable,9,2025-07-29
C00015_P043,P043,Social Anxiety,that hit close to home...,validation,relatable,8,2025-07-29
C00016_P043,P043,Social Anxiety,my hands shake when the phone rings too,personal_story,relatable,6,2025-07-29
C00017_P043,P043,Social Anxiety,why is this my biography da,validation,relatable,10,2025-07-29
C00018_P043,P043,Social Anxiety,wait personal at this point lol,validation,relatable,9,2025-07-29
C00019_P043,P043,Social Anxiety,dm for promotions bro,generic,neutral,16,2025-07-29
C00020_P043,P043,Social Anxiety,why does this feel personal lmaoo,validation,relatable,11,2025-07-29
C00021_P043,P043,Social Anxiety,took the words right out of my mouth,validation,relatable,10,2025-07-29
C00022_P043,P043,Social Anxiety,true that 🔥,generic,neutral,11,2025-07-29
C00023_P043,P043,Social Anxiety,i relate to this too much fr fr,validation,relatable,8,2025-07-29
C00024_P043,P043,Social Anxiety,"came here to laugh, stayed to confront myself 🥲",validation,relatable,10,2025-07-29
C00025_P043,P043,Social Anxiety,ok but a documentary about me 😅,validation,relatable,12,2025-07-29
C00026_P043,P043,Social Anxiety,I agree,generic,neutral,11,2025-07-29
C00000_P044,P044,Dating & Situationships,yes because everyone does this obviously,sarcasm,neutral,6,2025-07-30
C00001_P044,P044,Dating & Situationships,haha true 👍,generic,neutral,11,2025-07-30
C00002_P044,P044,Dating & Situationships,wow okay then,ambiguous,relatable,11,2025-07-30
C00003_P044,P044,Dating & Situationships,ok this one hurt,ambiguous,relatable,9,2025-07-30
C00004_P044,P044,Dating & Situationships,"sent this to my best friend at 2am and she replied why is this us, I still have no answer ?!",validation,relatable,16,2025-07-30
C00005_P044,P044,Dating & Situationships,"ok but this is literally everyone, nothing unique",sarcasm,neutral,15,2025-07-30
C00006_P044,P044,Dating & Situationships,nah my last three years in one video fr fr,validation,relatable,12,2025-07-30
C00007_P044,P044,Dating & Situationships,smooht transitions btw,generic,neutral,11,2025-07-30
C00008_P044,P044,Dating & Situationships,so true sis,generic,neutral,14,2025-07-30
C00009_P044,P044,Dating & Situationships,awesome work :),generic,neutral,7,2025-07-30
C00010_P044,P044,Dating & Situationships,can we get a version with english subtitles?,question,neutral,13,2025-07-30
C00011_P044,P044,Dating & Situationships,I reelate to this too much bhai,validation,relatable,7,2025-07-30
C00012_P044,P044,Dating & Situationships,is this based on real events?,question,neutral,13,2025-07-30
C00013_P044,P044,Dating & Situationships,keep it up btw,generic,neutral,9,2025-07-30
C00014_P044,P044,Dating & Situationships,what app is this?,question,neutral,14,2025-07-30
C00015_P044,P044,Dating & Situationships,he said 'we'll see' and I said ok like a fool,personal_story,relatable,16,2025-07-30
C00016_P044,P044,Dating & Situationships,"another relatable page, how original",sarcasm,neutral,8,2025-07-30
C00017_P044,P044,Dating & Situationships,stop describing me ong,validation,relatable,10,2025-07-30
C00018_P044,P044,Dating & Situationships,so true,generic,neutral,17,2025-07-30
C00019_P044,P044,Dating & Situationships,your page will blow up,generic,neutral,11,2025-07-30
C00020_P044,P044,Dating & Situationships,reading this at 3am was a mistake...,validation,relatable,14,2025-07-30
C00021_P044,P044,Dating & Situationships,😍 btw,generic,neutral,11,2025-07-30
C00022_P044,P044,Dating & Situationships,check my page!,generic,neutral,10,2025-07-30
C00023_P044,P044,Dating & Situationships,it's one thing to make a meme and another to describe my whole personality,validation,relatable,9,2025-07-30
C00024_P044,P044,Dating & Situationships,part 3 when?,question,neutral,8,2025-07-30
C00025_P044,P044,Dating & Situationships,do you take content requests?,question,neutral,13,2025-07-30
C00026_P044,P044,Dating & Situationships,who allowed you to expose me ilke this 🥲,validation,relatable,10,2025-07-30
C00027_P044,P044,Dating & Situationships,this is so me ong,validation,relatable,11,2025-07-30
C00028_P044,P044,Dating & Situationships,this is the kind of post you save at 2am and rewatch when it happens again ngl,validation,relatable,11,2025-07-30
C00029_P044,P044,Dating & Situationships,song name please?,generic,neutral,11,2025-07-30
C00030_P044,P044,Dating & Situationships,this felt personal,ambiguous,relatable,14,2025-07-30
C00031_P044,P044,Dating & Situationships,hello?? it me istg,validation,relatable,17,2025-07-30
C00032_P044,P044,Dating & Situationships,THE EDIT QUALITY IS INSANE !!,generic,neutral,10,2025-07-30
C00033_P044,P044,Dating & Situationships,took the words right out of my mouth 💀,validation,relatable,14,2025-07-30
C00034_P044,P044,Dating & Situationships,so true macha,generic,neutral,13,2025-07-30
C00035_P044,P044,Dating & Situationships,took the words right out of my mouth no cap,validation,relatable,11,2025-07-30
C00036_P044,P044,Dating & Situationships,free followers in bio,generic,neutral,16,2025-07-30
C00037_P044,P044,Dating & Situationships,THE CAPTION THOUGH,ambiguous,neutral,8,2025-07-30
C00038_P044,P044,Dating & Situationships,it's too accurate!!,validation,relatable,7,2025-07-30
C00039_P044,P044,Dating & Situationships,mine left me on delivered for 3 days 😭,personal_story,relatable,14,2025-07-30
C00040_P044,P044,Dating & Situationships,I'm in this post and I don't like it!!,validation,relatable,10,2025-07-30
C00041_P044,P044,Dating & Situationships,i'm going to pretend i didn't read this 😅,validation,relatable,14,2025-07-30
C00042_P044,P044,Dating & Situationships,where are you from?,question,neutral,15,2025-07-30
C00043_P044,P044,Dating & Situationships,"why did this describe my entire existence in 30 seconds, i'm filing a complaint no cap",validation,relatable,6,2025-07-30
C00044_P044,P044,Dating & Situationships,any tips for the 2am version of this?,question,neutral,14,2025-07-30
C00045_P044,P044,Dating & Situationships,deserves way more likes 👍,generic,neutral,10,2025-07-30
C00046_P044,P044,Dating & Situationships,that hit close to home no cap,validation,relatable,11,2025-07-30
C00047_P044,P044,Dating & Situationships,genuinely how do you know my life,validation,relatable,12,2025-07-30
C00048_P044,P044,Dating & Situationships,part 2 please?,question,neutral,15,2025-07-30
C00049_P044,P044,Dating & Situationships,SADLY ACCURATE,ambiguous,neutral,5,2025-07-30
C00050_P044,P044,Dating & Situationships,😍 👍,generic,neutral,11,2025-07-30
C00051_P044,P044,Dating & Situationships,THE WAY THE STORY OF MY LIFE LMAOO,validation,relatable,12,2025-07-30
C00052_P044,P044,Dating & Situationships,stop describing me ?!,validation,relatable,12,2025-07-30
C00053_P044,P044,Dating & Situationships,I feel seen,ambiguous,neutral,12,2025-07-30
C00054_P044,P044,Dating & Situationships,who hurt you bro,sarcasm,neutral,8,2025-07-30
C00055_P044,P044,Dating & Situationships,cool edit ++,generic,neutral,9,2025-07-30
C00056_P044,P044,Dating & Situationships,why is this so me 😭😭,validation,relatable,10,2025-07-30
C00057_P044,P044,Dating & Situationships,that's screenshot of my head fr fr,validation,relatable,13,2025-07-30
C00058_P044,P044,Dating & Situationships,do one about hostellers please,question,neutral,9,2025-07-30
C00059_P044,P044,Dating & Situationships,every frame is my biography ong,validation,relatable,8,2025-07-30
C00060_P044,P044,Dating & Situationships,posted at the right time bro,generic,neutral,16,2025-07-30
C00061_P044,P044,Dating & Situationships,the timing of this post is suspicious yaar,validation,relatable,4,2025-07-30
C00062_P044,P044,Dating & Situationships,smooth transitions,generic,neutral,20,2025-07-30
C00063_P044,P044,Dating & Situationships,that hit close to home lol,validation,relatable,12,2025-07-30
C00064_P044,P044,Dating & Situationships,i'm in this post and i don't like it fr fr,validation,relatable,14,2025-07-30
C00065_P044,P044,Dating & Situationships,sending this to the group chat with no context pls,validation,relatable,9,2025-07-30
C00066_P044,P044,Dating & Situationships,the way i did this exact thing this morning and now i'm being called out publicly pls,validation,relatable,5,2025-07-30
C00067_P044,P044,Dating & Situationships,personally attacked,ambiguous,relatable,13,2025-07-30
C00068_P044,P044,Dating & Situationships,why is this a documentary about me 🥲🥲,validation,relatable,14,2025-07-30
C00069_P044,P044,Dating & Situationships,which college is this?,question,neutral,13,2025-07-30
C00070_P044,P044,Dating & Situationships,took the words right out of my mouth lmaoo,validation,relatable,8,2025-07-30
C00071_P044,P044,Dating & Situationships,dm for promotions,generic,neutral,13,2025-07-30
C00072_P044,P044,Dating & Situationships,lol ok ++,generic,neutral,13,2025-07-30
C00073_P044,P044,Dating & Situationships,not me screenshot of my head 😅,validation,relatable,12,2025-07-30
C00074_P044,P044,Dating & Situationships,what's the song used here?,question,neutral,13,2025-07-30
C00075_P044,P044,Dating & Situationships,bro a documentary about me fr fr,validation,relatable,14,2025-07-30
C00076_P044,P044,Dating & Situationships,that hit close to home!!,validation,relatable,12,2025-07-30
C00077_P044,P044,Dating & Situationships,literally it me,validation,relatable,7,2025-07-30
C00078_P044,P044,Dating & Situationships,hurts but fair,ambiguous,neutral,11,2025-07-30
C00079_P044,P044,Dating & Situationships,"came here to laugh, stayed to confront myself fr",validation,relatable,7,2025-07-30
C00080_P044,P044,Dating & Situationships,I've never been so seen 💀,validation,relatable,10,2025-07-30
C00081_P044,P044,Dating & Situationships,watched this five times already no cap,validation,relatable,10,2025-07-30
C00082_P044,P044,Dating & Situationships,I paused. sat down. processed. same. da,validation,relatable,6,2025-07-30
C00083_P044,P044,Dating & Situationships,stating the obvious since 2020,sarcasm,neutral,10,2025-07-30
C00084_P044,P044,Dating & Situationships,literally personal at this point lmao,validation,relatable,7,2025-07-30
C00085_P044,P044,Dating & Situationships,smooth transitions bro,generic,neutral,13,2025-07-30
C00086_P044,P044,Dating & Situationships,wait personal at this point 💀,validation,relatable,16,2025-07-30
C00087_P044,P044,Dating & Situationships,unfortunately yes,ambiguous,neutral,7,2025-07-30
C00088_P044,P044,Dating & Situationships,which app is this? btw,generic,neutral,16,2025-07-30
C00089_P044,P044,Dating & Situationships,sir this is my diary page da,validation,relatable,11,2025-07-30
C00090_P044,P044,Dating & Situationships,background music name? macha,generic,neutral,9,2025-07-30
C00091_P044,P044,Dating & Situationships,"came here to laugh, stayed to confront myself 🥲🥲",validation,relatable,7,2025-07-30
C00092_P044,P044,Dating & Situationships,this is too real lmaoo,validation,relatable,11,2025-07-30
C00093_P044,P044,Dating & Situationships,who allowed you to expose me liiike this lmao,validation,relatable,13,2025-07-30
C00094_P044,P044,Dating & Situationships,first comment!,generic,neutral,12,2025-07-30
C00095_P044,P044,Dating & Situationships,true bro,generic,neutral,6,2025-07-30
C00096_P044,P044,Dating & Situationships,ok this is a mood,ambiguous,relatable,7,2025-07-30
C00097_P044,P044,Dating & Situationships,haha bro,generic,neutral,10,2025-07-30
C00098_P044,P044,Dating & Situationships,free followers in bio btw,generic,neutral,9,2025-07-30
C00099_P044,P044,Dating & Situationships,ok so my brain on a normal tuesday fr,validation,relatable,9,2025-07-30
C00100_P044,P044,Dating & Situationships,first comment bro,generic,neutral,9,2025-07-30
C00101_P044,P044,Dating & Situationships,genuinely how do you know my life yaar,validation,relatable,13,2025-07-30
C00102_P044,P044,Dating & Situationships,i felt that 🥲,validation,relatable,15,2025-07-30
C00103_P044,P044,Dating & Situationships,underrated page fr bro,generic,neutral,10,2025-07-30
C00104_P044,P044,Dating & Situationships,saved this for the next time it happens lmaoo,validation,relatable,15,2025-07-30
C00105_P044,P044,Dating & Situationships,no because a documentary about me yaar,validation,relatable,9,2025-07-30
C00106_P044,P044,Dating & Situationships,nah a documentary about me lol,validation,relatable,11,2025-07-30
C00107_P044,P044,Dating & Situationships,that's screenshot of my head istg,validation,relatable,9,2025-07-30
C00108_P044,P044,Dating & Situationships,excuse me the story of my life!!,validation,relatable,12,2025-07-30
C00109_P044,P044,Dating & Situationships,I live this every single day fr fr,validation,relatable,17,2025-07-30
C00110_P044,P044,Dating & Situationships,i felt that ?!,validation,relatable,11,2025-07-30
C00111_P044,P044,Dating & Situationships,follow for follow?,generic,neutral,10,2025-07-30
C00112_P044,P044,Dating & Situationships,no yeah,ambiguous,neutral,12,2025-07-30
C00113_P044,P044,Dating & Situationships,nah my last three years in oneee video lmao,validation,relatable,7,2025-07-30
C00114_P044,P044,Dating & Situationships,love this page 👍,generic,neutral,14,2025-07-30
C00115_P044,P044,Dating & Situationships,background music name? !!,generic,neutral,11,2025-07-30
C00116_P044,P044,Dating & Situationships,reading this at 3am was a mistake lmao,validation,relatable,10,2025-07-30
C00117_P044,P044,Dating & Situationships,"found this page today, already binged everything sis",generic,neutral,11,2025-07-30
C00118_P044,P044,Dating & Situationships,dm for promotions :),generic,neutral,12,2025-07-30
C00119_P044,P044,Dating & Situationships,i didn't consent to being exposed istg,validation,relatable,7,2025-07-30
C00000_P045,P045,Money Struggles,this felt personal,ambiguous,relatable,13,2025-07-31
C00001_P045,P045,Money Struggles,the timing of this post is suspicious 🥲🥲,validation,relatable,9,2025-07-31
C00002_P045,P045,Money Struggles,"CAME HERE TO LAUGH, STAYED TO CONFRONT MYSELF 💀",validation,relatable,11,2025-07-31
C00003_P045,P045,Money Struggles,your page will blow up sis,generic,neutral,9,2025-07-31
C00004_P045,P045,Money Struggles,🔥🔥,generic,neutral,8,2025-07-31
C00005_P045,P045,Money Struggles,ok but my biography lmao,validation,relatable,12,2025-07-31
C00006_P045,P045,Money Struggles,yes because everyone does this obviously,sarcasm,neutral,6,2025-07-31
C00007_P045,P045,Money Struggles,deserves way more likes 🔥,generic,neutral,13,2025-07-31
C00008_P045,P045,Money Struggles,"sure, totally me",sarcasm,neutral,9,2025-07-31
C00009_P045,P045,Money Struggles,my therapist and my group chat will hear about this post,validation,relatable,2,2025-07-31
C00010_P045,P045,Money Struggles,reading this at 3am was a mistake fr fr,validation,relatable,11,2025-07-31
C00011_P045,P045,Money Struggles,you read my diary yaar,validation,relatable,6,2025-07-31
C00012_P045,P045,Money Struggles,check my page btw,generic,neutral,9,2025-07-31
C00013_P045,P045,Money Struggles,the timing of this post is suspicious 😅,validation,relatable,12,2025-07-31
C00014_P045,P045,Money Struggles,every frame is my biography 💀,validation,relatable,6,2025-07-31
C00015_P045,P045,Money Struggles,why is this my biography 💀,validation,relatable,14,2025-07-31
C00016_P045,P045,Money Struggles,who hurt you bro,sarcasm,neutral,4,2025-07-31
C00017_P045,P045,Money Struggles,your page will blow up !!,generic,neutral,9,2025-07-31
C00018_P045,P045,Money Struggles,not me a documentary about me no cap,validation,relatable,13,2025-07-31
C00019_P045,P045,Money Struggles,this speaks for my whole generation...,validation,relatable,9,2025-07-31
C00020_P045,P045,Money Struggles,reporting this for personal damage anna,validation,relatable,7,2025-07-31
C00021_P045,P045,Money Struggles,Rs.200 is not small when you have Rs.400,personal_story,relatable,10,2025-07-31
C00022_P045,P045,Money Struggles,I can't,ambiguous,relatable,9,2025-07-31
C00023_P045,P045,Money Struggles,I LIVE THIS EVERY SINGLE DAY NGL,validation,relatable,14,2025-07-31
C00024_P045,P045,Money Struggles,i paused. sat down. processed. same. ngl,validation,relatable,9,2025-07-31
C00025_P045,P045,Money Struggles,awesome work :),generic,neutral,13,2025-07-31
C00026_P045,P045,Money Struggles,"came here to laugh, stayed to confront myself bhai",validation,relatable,15,2025-07-31
C00027_P045,P045,Money Struggles,underrated page fr,generic,neutral,10,2025-07-31
C00028_P045,P045,Money Struggles,this is literally me...,validation,relatable,15,2025-07-31
C00029_P045,P045,Money Struggles,my account balance is a horror movie,personal_story,relatable,10,2025-07-31
C00030_P045,P045,Money Struggles,cool edit!,generic,neutral,16,2025-07-31
C00031_P045,P045,Money Struggles,free followers in bio,generic,neutral,7,2025-07-31
C00032_P045,P045,Money Struggles,the way exactly what I go through,validation,relatable,12,2025-07-31
C00033_P045,P045,Money Struggles,posted at the right time 👍,generic,neutral,11,2025-07-31
C00034_P045,P045,Money Struggles,this is literally me 😭😭,validation,relatable,10,2025-07-31
C00035_P045,P045,Money Struggles,no literally,ambiguous,neutral,12,2025-07-31
C00036_P045,P045,Money Struggles,dm for promotions!,generic,neutral,12,2025-07-31
C00037_P045,P045,Money Struggles,haha true ++,generic,neutral,4,2025-07-31
C00038_P045,P045,Money Struggles,it's too accurate 🥲🥲,validation,relatable,8,2025-07-31
C00039_P045,P045,Money Struggles,but same though,ambiguous,relatable,12,2025-07-31
C00040_P045,P045,Money Struggles,i felt that anna,validation,relatable,12,2025-07-31
C00041_P045,P045,Money Struggles,love this page 👍,generic,neutral,16,2025-07-31
C00042_P045,P045,Money Struggles,true 🔥,generic,neutral,13,2025-07-31
C00043_P045,P045,Money Struggles,true!,generic,neutral,16,2025-07-31
C00044_P045,P045,Money Struggles,no because screenshot of my head no cap,validation,relatable,12,2025-07-31
C00045_P045,P045,Money Struggles,superb sis,generic,neutral,9,2025-07-31
C00046_P045,P045,Money Struggles,😍!,generic,neutral,7,2025-07-31
C00047_P045,P045,Money Struggles,I've never been so seen 😅,validation,relatable,13,2025-07-31
C00048_P045,P045,Money Struggles,award for most generic post goes to,sarcasm,neutral,12,2025-07-31
C00049_P045,P045,Money Struggles,this hit,ambiguous,neutral,6,2025-07-31
C00050_P045,P045,Money Struggles,love this page!,generic,neutral,10,2025-07-31
C00051_P045,P045,Money Struggles,stop describing me,validation,relatable,16,2025-07-31
C00052_P045,P045,Money Struggles,oh.,ambiguous,neutral,11,2025-07-31
C00053_P045,P045,Money Struggles,repotring this for personal damage lol,validation,relatable,10,2025-07-31
C00054_P045,P045,Money Struggles,song name please?!,generic,neutral,10,2025-07-31
C00055_P045,P045,Money Struggles,this speaks for my whole generation bhai,validation,relatable,8,2025-07-31
C00056_P045,P045,Money Struggles,yeah.,ambiguous,neutral,10,2025-07-31
C00057_P045,P045,Money Struggles,"hold on, screenshot of my head 😭😭",validation,relatable,10,2025-07-31
C00058_P045,P045,Money Struggles,why is this the story of my life lmao,validation,relatable,6,2025-07-31
C00059_P045,P045,Money Struggles,I'm in this post and I don't like it,validation,relatable,13,2025-07-31
C00060_P045,P045,Money Struggles,"another relatable page, how original",sarcasm,neutral,10,2025-07-31
C00061_P045,P045,Money Struggles,I live this every single day istg,validation,relatable,14,2025-07-31
C00062_P045,P045,Money Struggles,"ok but this is literally everyone, nothing unique",sarcasm,neutral,14,2025-07-31
C00063_P045,P045,Money Struggles,bro a documentary about me 🥲,validation,relatable,8,2025-07-31
C00064_P045,P045,Money Struggles,this generation and its labels istg,sarcasm,neutral,12,2025-07-31
C00065_P045,P045,Money Struggles,excuse me my whole life no cap,validation,relatable,10,2025-07-31
C00066_P045,P045,Money Struggles,the timing of this post is suspicious da,validation,relatable,14,2025-07-31
C00067_P045,P045,Money Struggles,reporting this for personal damage ngl,validation,relatable,8,2025-07-31
C00068_P045,P045,Money Struggles,wow so relatable 🙄,sarcasm,neutral,12,2025-07-31
C00069_P045,P045,Money Struggles,I've never been so seen!!,validation,relatable,12,2025-07-31
C00070_P045,P045,Money Struggles,I feel seen,ambiguous,neutral,9,2025-07-31
C00071_P045,P045,Money Struggles,not me screenshot of my head fr,validation,relatable,8,2025-07-31
C00072_P045,P045,Money Struggles,crying,ambiguous,relatable,12,2025-07-31
C00073_P045,P045,Money Struggles,STOP DESCRIBING ME FR FR,validation,relatable,13,2025-07-31
C00074_P045,P045,Money Struggles,the edit quality is insane btw,generic,neutral,9,2025-07-31
C00075_P045,P045,Money Struggles,I agree bro,generic,neutral,12,2025-07-31
C00076_P045,P045,Money Struggles,sending this to the group chat with no context 😭😭,validation,relatable,10,2025-07-31
C00077_P045,P045,Money Struggles,genuinely how do you know my life no cap,validation,relatable,12,2025-07-31
C00078_P045,P045,Money Struggles,SUPERB,generic,neutral,8,2025-07-31
C00079_P045,P045,Money Struggles,follow for follow? sis,generic,neutral,14,2025-07-31
C00080_P045,P045,Money Struggles,the edit quality is insane !!,generic,neutral,9,2025-07-31
C00081_P045,P045,Money Struggles,"found this page today, already binged everything macha",generic,neutral,10,2025-07-31
C00082_P045,P045,Money Struggles,fr the story of my life 😭😭,validation,relatable,6,2025-07-31
C00083_P045,P045,Money Struggles,this is just basic psychology,sarcasm,neutral,7,2025-07-31
C00084_P045,P045,Money Struggles,I'm going to pretend I didn't read this 😭,validation,relatable,11,2025-07-31
C00085_P045,P045,Money Struggles,reading this at 3am was a mistake istg,validation,relatable,9,2025-07-31
C00086_P045,P045,Money Struggles,I didn't consent to being exposed,validation,relatable,14,2025-07-31
C00087_P045,P045,Money Struggles,fr personal at this point ong,validation,relatable,5,2025-07-31
C00088_P045,P045,Money Struggles,reporting this for personal damage ong,validation,relatable,10,2025-07-31
C00089_P045,P045,Money Struggles,I paused. sat down. processed. same.,validation,relatable,9,2025-07-31
C00090_P045,P045,Money Struggles,excuse me literally me ?!,validation,relatable,5,2025-07-31
C00091_P045,P045,Money Struggles,watched this five times already istg,validation,relatable,7,2025-07-31
C00092_P045,P045,Money Struggles,congratulations you discovered being human,sarcasm,neutral,10,2025-07-31
C00093_P045,P045,Money Struggles,"hold on, too accurate...",validation,relatable,11,2025-07-31
C00094_P045,P045,Money Struggles,GREAT CONTENT 👍,generic,neutral,10,2025-07-31
C00095_P045,P045,Money Struggles,nah too accurtae 😭,validation,relatable,11,2025-07-31
C00096_P045,P045,Money Struggles,I felt that 😭😭,validation,relatable,11,2025-07-31
C00097_P045,P045,Money Struggles,which app is this? btw,generic,neutral,4,2025-07-31
C00098_P045,P045,Money Struggles,i felt that 😅,validation,relatable,10,2025-07-31
C00099_P045,P045,Money Struggles,WHO ALLOWED YOU TO EXPOSE ME LIKE THIS 🥲,validation,relatable,16,2025-07-31
C00100_P045,P045,Money Struggles,"found this page today, already binged everything btw",generic,neutral,11,2025-07-31
C00101_P045,P045,Money Struggles,aweosme work !!,generic,neutral,12,2025-07-31
C00102_P045,P045,Money Struggles,it's too accurate ?!,validation,relatable,9,2025-07-31
C00103_P045,P045,Money Struggles,the timing of this post is suspicious lol,validation,relatable,13,2025-07-31
C00104_P045,P045,Money Struggles,unfortunately yes,ambiguous,relatable,13,2025-07-31
C00105_P045,P045,Money Struggles,hello?? a documentary about me pls,validation,relatable,11,2025-07-31
C00106_P045,P045,Money Struggles,do a collab with us 👍,generic,neutral,17,2025-07-31
C00107_P045,P045,Money Struggles,awesome work btw,generic,neutral,7,2025-07-31
C00108_P045,P045,Money Struggles,the ending 😭,ambiguous,relatable,5,2025-07-31
C00109_P045,P045,Money Struggles,the honesty is refreshing,ambiguous,neutral,13,2025-07-31
C00110_P045,P045,Money Struggles,reporting this for personal damage 😭,validation,relatable,13,2025-07-31
C00111_P045,P045,Money Struggles,ok so my brain on a normal tuesday no cap,validation,relatable,7,2025-07-31
C00112_P045,P045,Money Struggles,hello?? me in one post ong,validation,relatable,9,2025-07-31
C00113_P045,P045,Money Struggles,true !!,generic,neutral,5,2025-07-31
C00114_P045,P045,Money Struggles,took the words right out of my mouth istg,validation,relatable,9,2025-07-31
C00115_P045,P045,Money Struggles,your page will blow up macha,generic,neutral,13,2025-07-31
C00116_P045,P045,Money Struggles,sending this to the group chat with no context 😅,validation,relatable,11,2025-07-31
C00117_P045,P045,Money Struggles,this is the kind of post you save at 2am and rewatch when it happens again 😭😭,validation,relatable,10,2025-07-31
C00118_P045,P045,Money Struggles,literally a documentary about me 🥲,validation,relatable,10,2025-07-31
C00119_P045,P045,Money Struggles,you read my diary no cap,validation,relatable,3,2025-07-31
C00000_P046,P046,College & Hostel Life,instagram therapists at it again,sarcasm,neutral,13,2025-08-02
C00001_P046,P046,College & Hostel Life,can you make one about exams?,question,neutral,13,2025-08-02
C00002_P046,P046,College & Hostel Life,I paused. sat down. processed. same. 💀,validation,relatable,10,2025-08-02
C00003_P046,P046,College & Hostel Life,not me my brain on a normal tuuuesday bhai,validation,relatable,10,2025-08-02
C00004_P046,P046,College & Hostel Life,our mess soup is just hot water with regret,personal_story,relatable,9,2025-08-02
C00005_P046,P046,College & Hostel Life,free followers in bio macha,generic,neutral,6,2025-08-02
C00006_P046,P046,College & Hostel Life,posted at the right time btw,generic,neutral,9,2025-08-02
C00007_P046,P046,College & Hostel Life,part 3 when?,question,neutral,9,2025-08-02
C00008_P046,P046,College & Hostel Life,haha ++,generic,neutral,11,2025-08-02
C00009_P046,P046,College & Hostel Life,stating the obvious since 2020,sarcasm,neutral,13,2025-08-02
C00010_P046,P046,College & Hostel Life,A MOOD,ambiguous,relatable,10,2025-08-02
C00011_P046,P046,College & Hostel Life,yeah no,ambiguous,neutral,6,2025-08-02
C00012_P046,P046,College & Hostel Life,where are you from?,question,neutral,16,2025-08-02
C00013_P046,P046,College & Hostel Life,when is part 2? ++,generic,neutral,16,2025-08-02
C00014_P046,P046,College & Hostel Life,THAT'S IT ME DA,validation,relatable,13,2025-08-02
C00015_P046,P046,College & Hostel Life,i paused. sat down. processed. same. yaar,validation,relatable,18,2025-08-02
C00016_P046,P046,College & Hostel Life,i paused. sat down. processed. same. 💀,validation,relatable,11,2025-08-02
C00017_P046,P046,College & Hostel Life,why is nobody talking about how accurate this is,ambiguous,relatable,16,2025-08-02
C00018_P046,P046,College & Hostel Life,fr so me,validation,relatable,7,2025-08-02
C00019_P046,P046,College & Hostel Life,not me my last three years in one video anna,validation,relatable,10,2025-08-02
C00020_P046,P046,College & Hostel Life,the honesty is refreshing,ambiguous,relatable,9,2025-08-02
C00021_P046,P046,College & Hostel Life,why does this feel personal lmaoo,validation,relatable,8,2025-08-02
C00022_P046,P046,College & Hostel Life,every frame is my biography no cap,validation,relatable,8,2025-08-02
C00023_P046,P046,College & Hostel Life,great content macha,generic,neutral,12,2025-08-02
C00024_P046,P046,College & Hostel Life,the timing of this post is suspicious,validation,relatable,13,2025-08-02
C00025_P046,P046,College & Hostel Life,cool edit :),generic,neutral,11,2025-08-02
C00026_P046,P046,College & Hostel Life,ok but my whole life 😭😭,validation,relatable,8,2025-08-02
C00027_P046,P046,College & Hostel Life,keep it up bro,generic,neutral,13,2025-08-02
C00028_P046,P046,College & Hostel Life,personally attacked,ambiguous,relatable,12,2025-08-02
C00029_P046,P046,College & Hostel Life,check my page :),generic,neutral,10,2025-08-02
C00000_P047,P047,Family Pressure,I'm crying,ambiguous,neutral,12,2025-08-03
C00001_P047,P047,Family Pressure,'log kya kahenge' has ruined more careers than failure ever did,personal_story,relatable,6,2025-08-03
C00002_P047,P047,Family Pressure,not me it me fr,validation,relatable,8,2025-08-03
C00003_P047,P047,Family Pressure,i relate to this too much no cap,validation,relatable,4,2025-08-03
C00004_P047,P047,Family Pressure,bro literally me 🥲,validation,relatable,12,2025-08-03
C00005_P047,P047,Family Pressure,hello?? my biography ngl,validation,relatable,10,2025-08-03
C00006_P047,P047,Family Pressure,so dramatic for no reason,sarcasm,neutral,8,2025-08-03
C00007_P047,P047,Family Pressure,bro personal at this point fr,validation,relatable,16,2025-08-03
C00008_P047,P047,Family Pressure,why does this feel personal,validation,relatable,11,2025-08-03
C00009_P047,P047,Family Pressure,true!,generic,neutral,9,2025-08-03
C00010_P047,P047,Family Pressure,lol ok!,generic,neutral,11,2025-08-03
C00011_P047,P047,Family Pressure,it's too accurate bhai,validation,relatable,12,2025-08-03
C00012_P047,P047,Family Pressure,raeding this at 3am was a mistake lmao,validation,relatable,7,2025-08-03
C00013_P047,P047,Family Pressure,this is my everyday routine no cap,validation,relatable,9,2025-08-03
C00014_P047,P047,Family Pressure,i paused. sat down. processed. same. 🥲🥲,validation,relatable,13,2025-08-03
C00015_P047,P047,Family Pressure,I can't,ambiguous,neutral,10,2025-08-03
C00016_P047,P047,Family Pressure,yes because everyone does this obviously,sarcasm,neutral,11,2025-08-03
C00017_P047,P047,Family Pressure,great content btw,generic,neutral,10,2025-08-03
C00018_P047,P047,Family Pressure,you read my diary 💀,validation,relatable,6,2025-08-03
C00019_P047,P047,Family Pressure,hello?? too accurate lmao,validation,relatable,8,2025-08-03
C00020_P047,P047,Family Pressure,dm for promotions 👍,generic,neutral,10,2025-08-03
C00000_P048,P048,Self-Image & Comparison,when is part 2? 🔥,generic,neutral,17,2025-08-04
C00001_P048,P048,Self-Image & Comparison,it's too accurate 😭,validation,relatable,11,2025-08-04
C00002_P048,P048,Self-Image & Comparison,"hold on, me in one post 😅",validation,relatable,9,2025-08-04
C00003_P048,P048,Self-Image & Comparison,literally exactly what I go through!!,validation,relatable,10,2025-08-04
C00004_P048,P048,Self-Image & Comparison,bro a documentary abotu me ?!,validation,relatable,11,2025-08-04
C00005_P048,P048,Self-Image & Comparison,watched this five times already istg,validation,relatable,7,2025-08-04
C00006_P048,P048,Self-Image & Comparison,awesome work 🔥,generic,neutral,12,2025-08-04
C00007_P048,P048,Self-Image & Comparison,everyone my age is achieving things and I'm here,personal_story,relatable,17,2025-08-04
C00008_P048,P048,Self-Image & Comparison,"came here to laugh, stayed to confront myself yaar",validation,relatable,8,2025-08-04
C00009_P048,P048,Self-Image & Comparison,haha true 👍,generic,neutral,13,2025-08-04
C00010_P048,P048,Self-Image & Comparison,how long did this take to edit?,question,neutral,15,2025-08-04
C00011_P048,P048,Self-Image & Comparison,instagram therapists at it again,sarcasm,neutral,16,2025-08-04
C00012_P048,P048,Self-Image & Comparison,who hurt you bro,sarcasm,neutral,16,2025-08-04
C00013_P048,P048,Self-Image & Comparison,facts :),generic,neutral,11,2025-08-04
C00014_P048,P048,Self-Image & Comparison,watched this five times already anna,validation,relatable,17,2025-08-04
C00015_P048,P048,Self-Image & Comparison,first comment btw,generic,neutral,13,2025-08-04
C00016_P048,P048,Self-Image & Comparison,I felt that istg,validation,relatable,8,2025-08-04
C00017_P048,P048,Self-Image & Comparison,this felt persoanl,ambiguous,relatable,11,2025-08-04
C00018_P048,P048,Self-Image & Comparison,oh.,ambiguous,neutral,12,2025-08-04
C00019_P048,P048,Self-Image & Comparison,"found this page today, already binged everything",generic,neutral,9,2025-08-04
C00020_P048,P048,Self-Image & Comparison,I didn't consent to being exposed...,validation,relatable,12,2025-08-04
C00021_P048,P048,Self-Image & Comparison,the way a documentary about me anna,validation,relatable,12,2025-08-04
C00022_P048,P048,Self-Image & Comparison,😍 ++,generic,neutral,8,2025-08-04
C00023_P048,P048,Self-Image & Comparison,"uninstalled Instagram twice, reinstalled in a day",personal_story,relatable,11,2025-08-04
C00024_P048,P048,Self-Image & Comparison,so dramatic for no reason,sarcasm,neutral,13,2025-08-04
C00025_P048,P048,Self-Image & Comparison,every frame is my biography anna,validation,relatable,11,2025-08-04
C00026_P048,P048,Self-Image & Comparison,"sent this to my best friend at 2am and she replied why is this us, i still have no answer 🥲",validation,relatable,5,2025-08-04
C00027_P048,P048,Self-Image & Comparison,the way me in one pots fr fr,validation,relatable,4,2025-08-04
C00028_P048,P048,Self-Image & Comparison,bro exactly what I go through istg,validation,relatable,10,2025-08-04
C00029_P048,P048,Self-Image & Comparison,cool eidt macha,generic,neutral,15,2025-08-04
C00030_P048,P048,Self-Image & Comparison,ok so the story of my life 🥲🥲,validation,relatable,9,2025-08-04
C00031_P048,P048,Self-Image & Comparison,bakcground music name? macha,generic,neutral,12,2025-08-04
C00032_P048,P048,Self-Image & Comparison,what app is this?,question,neutral,8,2025-08-04
C00033_P048,P048,Self-Image & Comparison,ok this is a mood,ambiguous,relatable,9,2025-08-04
C00034_P048,P048,Self-Image & Comparison,which app is this? !!,generic,neutral,14,2025-08-04
C00035_P048,P048,Self-Image & Comparison,no yeah,ambiguous,relatable,13,2025-08-04
C00036_P048,P048,Self-Image & Comparison,facts!,generic,neutral,7,2025-08-04
C00037_P048,P048,Self-Image & Comparison,the last line though,ambiguous,neutral,10,2025-08-04
C00038_P048,P048,Self-Image & Comparison,underrated page fr macha,generic,neutral,5,2025-08-04
C00039_P048,P048,Self-Image & Comparison,you read my diary ong,validation,relatable,11,2025-08-04
C00040_P048,P048,Self-Image & Comparison,the way my whole life 😭,validation,relatable,12,2025-08-04
C00041_P048,P048,Self-Image & Comparison,I'm going to pretend I didn't read this anna,validation,relatable,7,2025-08-04
C00042_P048,P048,Self-Image & Comparison,this is screenshot of my head lol,validation,relatable,9,2025-08-04
C00043_P048,P048,Self-Image & Comparison,IS THIS BASED ON REAL EVENTS?,question,neutral,10,2025-08-04
C00044_P048,P048,Self-Image & Comparison,great content !!,generic,neutral,15,2025-08-04
C00045_P048,P048,Self-Image & Comparison,sending this to the group chat with no context ?!,validation,relatable,19,2025-08-04
C00046_P048,P048,Self-Image & Comparison,"watched this, closed the app, opened it again, watched it again. yeah. yaar",validation,relatable,6,2025-08-04
C00047_P048,P048,Self-Image & Comparison,painfully accurate no cap,validation,relatable,13,2025-08-04
C00048_P048,P048,Self-Image & Comparison,"ANOTHER RELATABLE PAGE, HOW ORIGINAL",sarcasm,neutral,10,2025-08-04
C00049_P048,P048,Self-Image & Comparison,ok this one hurt,ambiguous,relatable,10,2025-08-04
C00050_P048,P048,Self-Image & Comparison,wow okay theen,ambiguous,relatable,13,2025-08-04
C00051_P048,P048,Self-Image & Comparison,mood.,ambiguous,neutral,15,2025-08-04
C00052_P048,P048,Self-Image & Comparison,excuse me so me fr fr,validation,relatable,16,2025-08-04
C00053_P048,P048,Self-Image & Comparison,reading this at 3am was a mistake pls,validation,relatable,11,2025-08-04
C00054_P048,P048,Self-Image & Comparison,watched this five times already no cap,validation,relatable,10,2025-08-04
C00055_P048,P048,Self-Image & Comparison,ok but my whole life...,validation,relatable,13,2025-08-04
C00056_P048,P048,Self-Image & Comparison,love this page !!,generic,neutral,9,2025-08-04
C00057_P048,P048,Self-Image & Comparison,wow okay,ambiguous,neutral,11,2025-08-04
C00058_P048,P048,Self-Image & Comparison,haha 🔥,generic,neutral,10,2025-08-04
C00059_P048,P048,Self-Image & Comparison,excuse me so me 🥲,validation,relatable,12,2025-08-04
C00060_P048,P048,Self-Image & Comparison,watched this five times already lol,validation,relatable,9,2025-08-04
C00061_P048,P048,Self-Image & Comparison,haha true macha,generic,neutral,8,2025-08-04
C00062_P048,P048,Self-Image & Comparison,this speaks for my whole generation 🥲🥲,validation,relatable,15,2025-08-04
C00063_P048,P048,Self-Image & Comparison,sir this is my diary page 🥲🥲,validation,relatable,7,2025-08-04
C00064_P048,P048,Self-Image & Comparison,"hold on, it me lmaoo",validation,relatable,11,2025-08-04
C00065_P048,P048,Self-Image & Comparison,stating the obvious since 2020,sarcasm,neutral,8,2025-08-04
C00066_P048,P048,Self-Image & Comparison,sir this is my diary page bhai,validation,relatable,6,2025-08-04
C00067_P048,P048,Self-Image & Comparison,ok so it me yaar,validation,relatable,6,2025-08-04
C00068_P048,P048,Self-Image & Comparison,literally exactly what I go through da,validation,relatable,8,2025-08-04
C00069_P048,P048,Self-Image & Comparison,"everyone overthinks, nothing special",sarcasm,neutral,14,2025-08-04
C00070_P048,P048,Self-Image & Comparison,this is me in one post lmao,validation,relatable,9,2025-08-04
C00071_P048,P048,Self-Image & Comparison,follow for follow? ++,generic,neutral,16,2025-08-04
C00072_P048,P048,Self-Image & Comparison,stop describing me 🥲,validation,relatable,11,2025-08-04
C00073_P048,P048,Self-Image & Comparison,sending this to the group chat with no context lmaoo,validation,relatable,10,2025-08-04
C00074_P048,P048,Self-Image & Comparison,posted at the right time 👍,generic,neutral,11,2025-08-04
C00075_P048,P048,Self-Image & Comparison,literally my last three years in one video yaar,validation,relatable,11,2025-08-04
C00076_P048,P048,Self-Image & Comparison,excuse me the story of my life,validation,relatable,13,2025-08-04
C00077_P048,P048,Self-Image & Comparison,literally me in one post 🥲,validation,relatable,9,2025-08-04
C00078_P048,P048,Self-Image & Comparison,"found this page today, already binged everything btw",generic,neutral,10,2025-08-04
C00079_P048,P048,Self-Image & Comparison,the waaay my brain on a normal tuesday 🥲🥲,validation,relatable,15,2025-08-04
C00080_P048,P048,Self-Image & Comparison,I'm in this post and I don't like it 💀,validation,relatable,16,2025-08-04
C00081_P048,P048,Self-Image & Comparison,reading this at 3am was a mistake,validation,relatable,15,2025-08-04
C00082_P048,P048,Self-Image & Comparison,reading this at 3am was a mistake 🥲🥲,validation,relatable,10,2025-08-04
C00083_P048,P048,Self-Image & Comparison,check my page,generic,neutral,13,2025-08-04
C00084_P048,P048,Self-Image & Comparison,saved this for the next time it happens ngl,validation,relatable,11,2025-08-04
C00085_P048,P048,Self-Image & Comparison,sadly accurate,ambiguous,neutral,11,2025-08-04
C00086_P048,P048,Self-Image & Comparison,nah my last three years in one video da,validation,relatable,8,2025-08-04
C00087_P048,P048,Self-Image & Comparison,nah exactly what I go through istg,validation,relatable,11,2025-08-04
C00088_P048,P048,Self-Image & Comparison,the way too accurate istg,validation,relatable,8,2025-08-04
C00089_P048,P048,Self-Image & Comparison,your page will blow up btw,generic,neutral,9,2025-08-04
C00090_P048,P048,Self-Image & Comparison,I live this every single day pls,validation,relatable,14,2025-08-04
C00091_P048,P048,Self-Image & Comparison,FACTS BTW,generic,neutral,8,2025-08-04
C00092_P048,P048,Self-Image & Comparison,your page will blow up 👍,generic,neutral,7,2025-08-04
C00093_P048,P048,Self-Image & Comparison,nah exactly what I go through lol,validation,relatable,7,2025-08-04
C00094_P048,P048,Self-Image & Comparison,make one about first job interviews please,question,neutral,16,2025-08-04
C00095_P048,P048,Self-Image & Comparison,facts ++,generic,neutral,11,2025-08-04
C00096_P048,P048,Self-Image & Comparison,ok so me in one post!!,validation,relatable,10,2025-08-04
C00097_P048,P048,Self-Image & Comparison,literally screenshot of my head 😅,validation,relatable,13,2025-08-04
C00098_P048,P048,Self-Image & Comparison,deserves way more likes!,generic,neutral,14,2025-08-04
C00099_P048,P048,Self-Image & Comparison,i felt that ?!,validation,relatable,9,2025-08-04
C00100_P048,P048,Self-Image & Comparison,literally my last three years in one video 😭😭,validation,relatable,12,2025-08-04
C00101_P048,P048,Self-Image & Comparison,who allowed you to expose me like this istg,validation,relatable,13,2025-08-04
C00102_P048,P048,Self-Image & Comparison,no because my biography lmaoo,validation,relatable,12,2025-08-04
C00103_P048,P048,Self-Image & Comparison,i paused. sat down. processed. same. ?!,validation,relatable,8,2025-08-04
C00104_P048,P048,Self-Image & Comparison,every frame is my biography 💀,validation,relatable,14,2025-08-04
C00105_P048,P048,Self-Image & Comparison,why is this a documentary about me,validation,relatable,11,2025-08-04
C00106_P048,P048,Self-Image & Comparison,I didn't consent to being exposed pls,validation,relatable,9,2025-08-04
C00107_P048,P048,Self-Image & Comparison,not me a documentary about me da,validation,relatable,10,2025-08-04
C00108_P048,P048,Self-Image & Comparison,why is this too real ?!,validation,relatable,6,2025-08-04
C00109_P048,P048,Self-Image & Comparison,love this page sis,generic,neutral,7,2025-08-04
C00110_P048,P048,Self-Image & Comparison,uncomfortably accurate,ambiguous,neutral,13,2025-08-04
C00111_P048,P048,Self-Image & Comparison,but same though,ambiguous,neutral,1,2025-08-04
C00112_P048,P048,Self-Image & Comparison,deserves way more likes bro,generic,neutral,10,2025-08-04
C00113_P048,P048,Self-Image & Comparison,true 🔥,generic,neutral,11,2025-08-04
C00114_P048,P048,Self-Image & Comparison,"sent this to my best friend at 2am and she replied why is this us, I still have no answer da",validation,relatable,6,2025-08-04
C00115_P048,P048,Self-Image & Comparison,took the words right out of my muoth ngl,validation,relatable,17,2025-08-04
C00116_P048,P048,Self-Image & Comparison,"watched this, closed the app, opened it again, watched it again. yeah. 🥲🥲",validation,relatable,9,2025-08-04
C00117_P048,P048,Self-Image & Comparison,follow for follow? macha,generic,neutral,9,2025-08-04
C00118_P048,P048,Self-Image & Comparison,sending this to the group chat with no context ong,validation,relatable,9,2025-08-04
C00119_P048,P048,Self-Image & Comparison,the edit quality is insane!,generic,neutral,9,2025-08-04
C00000_P049,P049,Social Anxiety,this speaks for my whole generation,validation,relatable,9,2025-08-06
C00001_P049,P049,Social Anxiety,bro exactly what i go through pls,validation,relatable,9,2025-08-06
C00002_P049,P049,Social Anxiety,i've never been so seen,validation,relatable,12,2025-08-06
C00003_P049,P049,Social Anxiety,my hands shake when the phone rings too,personal_story,relatable,13,2025-08-06
C00004_P049,P049,Social Anxiety,painfully accurate da,validation,relatable,8,2025-08-06
C00005_P049,P049,Social Anxiety,song name please? !!,generic,neutral,10,2025-08-06
C00006_P049,P049,Social Anxiety,every frame is my biography!!,validation,relatable,15,2025-08-06
C00007_P049,P049,Social Anxiety,"another relatable page, how original",sarcasm,neutral,13,2025-08-06
C00008_P049,P049,Social Anxiety,why does this feel personal!!,validation,relatable,18,2025-08-06
C00009_P049,P049,Social Anxiety,I felt that da,validation,relatable,13,2025-08-06
C00010_P049,P049,Social Anxiety,not me my everyday routine istg,validation,relatable,10,2025-08-06
C00011_P049,P049,Social Anxiety,check my page sis,generic,neutral,11,2025-08-06
C00012_P049,P049,Social Anxiety,nice psot,generic,neutral,12,2025-08-06
C00013_P049,P049,Social Anxiety,"HOLD ON, MY BIOGRAPHY...",validation,relatable,7,2025-08-06
C00014_P049,P049,Social Anxiety,the edit quality is insane !!,generic,neutral,11,2025-08-06
C00015_P049,P049,Social Anxiety,"I rehearse before ordering coffee, no exaggeration",personal_story,relatable,12,2025-08-06
C00016_P049,P049,Social Anxiety,literally a documentary about me lol,validation,relatable,8,2025-08-06
C00017_P049,P049,Social Anxiety,I relate to this too much no cap,validation,relatable,13,2025-08-06
C00018_P049,P049,Social Anxiety,I'M GOING TO PRETEND I DIDN'T READ THIS LMAO,validation,relatable,11,2025-08-06
C00019_P049,P049,Social Anxiety,superb !!,generic,neutral,16,2025-08-06
C00020_P049,P049,Social Anxiety,why is nobody talking about how accurate this is,ambiguous,relatable,6,2025-08-06
C00021_P049,P049,Social Anxiety,ok but a documentary about me 😅,validation,relatable,9,2025-08-06
C00022_P049,P049,Social Anxiety,the honesty is refreshing,ambiguous,neutral,11,2025-08-06
C00023_P049,P049,Social Anxiety,that hit close to home lmaoo,validation,relatable,9,2025-08-06
C00024_P049,P049,Social Anxiety,reading this at 3am was a mistake 🥲,validation,relatable,12,2025-08-06
C00025_P049,P049,Social Anxiety,you read my diary fr,validation,relatable,13,2025-08-06
C00026_P049,P049,Social Anxiety,ok but too accurate!!,validation,relatable,7,2025-08-06
C00027_P049,P049,Social Anxiety,not me litreally me,validation,relatable,11,2025-08-06
C00028_P049,P049,Social Anxiety,this generation and its labels istg,sarcasm,neutral,11,2025-08-06
C00029_P049,P049,Social Anxiety,background music name? macha,generic,neutral,10,2025-08-06
C00030_P049,P049,Social Anxiety,it's one thing to make a meme and another to describe my whole personality 😭,validation,relatable,15,2025-08-06
C00031_P049,P049,Social Anxiety,😍 👍,generic,neutral,14,2025-08-06
C00032_P049,P049,Social Anxiety,fr too accurate da,validation,relatable,12,2025-08-06
C00033_P049,P049,Social Anxiety,I didn't consent to being exposed 💀,validation,relatable,12,2025-08-06
C00034_P049,P049,Social Anxiety,this is my biography ?!,validation,relatable,10,2025-08-06
C00035_P049,P049,Social Anxiety,dm for promotions 🔥,generic,neutral,15,2025-08-06
C00036_P049,P049,Social Anxiety,I'm going to pretend I didn't read this lmaoo,validation,relatable,12,2025-08-06
C00037_P049,P049,Social Anxiety,this is literally me 😭,validation,relatable,13,2025-08-06
C00038_P049,P049,Social Anxiety,I'm in this post and I don't like it 😭😭,validation,relatable,14,2025-08-06
C00039_P049,P049,Social Anxiety,nah screenshot of my head istg,validation,relatable,9,2025-08-06
C00040_P049,P049,Social Anxiety,ok this one hurt,ambiguous,neutral,13,2025-08-06
C00041_P049,P049,Social Anxiety,lol ok !!,generic,neutral,8,2025-08-06
C00042_P049,P049,Social Anxiety,no because literally me lmao,validation,relatable,10,2025-08-06
C00043_P049,P049,Social Anxiety,I'm going to pretend I didn't read this ?!,validation,relatable,9,2025-08-06
C00044_P049,P049,Social Anxiety,so true macha,generic,neutral,17,2025-08-06
C00045_P049,P049,Social Anxiety,i've never been so seen istg,validation,relatable,14,2025-08-06
C00046_P049,P049,Social Anxiety,I showed this to my roommate and we just sat in silence for a minute lol,validation,relatable,12,2025-08-06
C00047_P049,P049,Social Anxiety,why is this me in one post,validation,relatable,13,2025-08-06
C00048_P049,P049,Social Anxiety,the edit quality is insane bro,generic,neutral,11,2025-08-06
C00049_P049,P049,Social Anxiety,the algorithm finally did something right!,generic,neutral,16,2025-08-06
C00050_P049,P049,Social Anxiety,reading this at 3am was a mistake da,validation,relatable,11,2025-08-06
C00051_P049,P049,Social Anxiety,cool edit !!,generic,neutral,10,2025-08-06
C00052_P049,P049,Social Anxiety,why does this feel eprsonal,validation,relatable,8,2025-08-06
C00053_P049,P049,Social Anxiety,crying,ambiguous,relatable,13,2025-08-06
C00054_P049,P049,Social Anxiety,haha bro,generic,neutral,13,2025-08-06
C00055_P049,P049,Social Anxiety,watched this five times already,validation,relatable,10,2025-08-06
C00056_P049,P049,Social Anxiety,this is literally me lol,validation,relatable,5,2025-08-06
C00057_P049,P049,Social Anxiety,ok but personal at this point yaar,validation,relatable,14,2025-08-06
C00058_P049,P049,Social Anxiety,"came here to laugh, stayed to confront myself 🥲🥲",validation,relatable,5,2025-08-06
C00059_P049,P049,Social Anxiety,I'm crying,ambiguous,relatable,12,2025-08-06
C00060_P049,P049,Social Anxiety,superb sis,generic,neutral,17,2025-08-06
C00061_P049,P049,Social Anxiety,this is a documentary about me no cap,validation,relatable,10,2025-08-06
C00062_P049,P049,Social Anxiety,reporting this for personal damage lmao,validation,relatable,9,2025-08-06
C00063_P049,P049,Social Anxiety,the way exactly what I go through lmaoo,validation,relatable,12,2025-08-06
C00064_P049,P049,Social Anxiety,nice post!,generic,neutral,13,2025-08-06
C00065_P049,P049,Social Anxiety,when is part 2? 👍,generic,neutral,11,2025-08-06
C00066_P049,P049,Social Anxiety,the timing of this post is suspicious yaar,validation,relatable,16,2025-08-06
C00067_P049,P049,Social Anxiety,ok but my brain on a normal tuesday 😅,validation,relatable,6,2025-08-06
C00068_P049,P049,Social Anxiety,great content btw,generic,neutral,11,2025-08-06
C00069_P049,P049,Social Anxiety,not me it me 😅,validation,relatable,12,2025-08-06
C00070_P049,P049,Social Anxiety,the timing of this post is suspicious anna,validation,relatable,14,2025-08-06
C00071_P049,P049,Social Anxiety,that hit close to home pls,validation,relatable,8,2025-08-06
C00072_P049,P049,Social Anxiety,this speaks for my whole generation 🥲🥲,validation,relatable,13,2025-08-06
C00073_P049,P049,Social Anxiety,"everyone overthinks, nothing special",sarcasm,neutral,11,2025-08-06
C00074_P049,P049,Social Anxiety,"found this page today, already binged everything :)",generic,neutral,10,2025-08-06
C00075_P049,P049,Social Anxiety,exaclty this,ambiguous,neutral,8,2025-08-06
C00076_P049,P049,Social Anxiety,hello?? it me istg,validation,relatable,14,2025-08-06
C00077_P049,P049,Social Anxiety,keep it up 👍,generic,neutral,8,2025-08-06
C00078_P049,P049,Social Anxiety,realest thing on my feed today,ambiguous,neutral,9,2025-08-06
C00079_P049,P049,Social Anxiety,i live this every single day lmaoo,validation,relatable,9,2025-08-06
C00080_P049,P049,Social Anxiety,the caption though,ambiguous,neutral,14,2025-08-06
C00081_P049,P049,Social Anxiety,congratulations you discovered being human,sarcasm,neutral,12,2025-08-06
C00082_P049,P049,Social Anxiety,hello?? too accurate no cap,validation,relatable,13,2025-08-06
C00083_P049,P049,Social Anxiety,stop describing me 😅,validation,relatable,9,2025-08-06
C00084_P049,P049,Social Anxiety,which app is this? bro,generic,neutral,12,2025-08-06
C00085_P049,P049,Social Anxiety,free followers in bio,generic,neutral,11,2025-08-06
C00086_P049,P049,Social Anxiety,haha,generic,neutral,14,2025-08-06
C00087_P049,P049,Social Anxiety,underrated page fr 🔥,generic,neutral,15,2025-08-06
C00088_P049,P049,Social Anxiety,no because exactly what i go through istg,validation,relatable,5,2025-08-06
C00089_P049,P049,Social Anxiety,follow for follow?,generic,neutral,12,2025-08-06
C00090_P049,P049,Social Anxiety,this is literally me no cap,validation,relatable,6,2025-08-06
C00091_P049,P049,Social Anxiety,nah too accurate fr,validation,relatable,11,2025-08-06
C00092_P049,P049,Social Anxiety,too real,ambiguous,relatable,9,2025-08-06
C00093_P049,P049,Social Anxiety,saved this for the next time it happens...,validation,relatable,9,2025-08-06
C00094_P049,P049,Social Anxiety,I've never been so seen bhai,validation,relatable,10,2025-08-06
C00095_P049,P049,Social Anxiety,this is literally me istg,validation,relatable,12,2025-08-06
C00096_P049,P049,Social Anxiety,painfully accurate 😭😭,validation,relatable,9,2025-08-06
C00097_P049,P049,Social Anxiety,do a collab with us 🔥,generic,neutral,13,2025-08-06
C00098_P049,P049,Social Anxiety,ok so so me 💀,validation,relatable,10,2025-08-06
C00099_P049,P049,Social Anxiety,why is this too real...,validation,relatable,7,2025-08-06
C00100_P049,P049,Social Anxiety,no because too accurate...,validation,relatable,13,2025-08-06
C00101_P049,P049,Social Anxiety,my eevryday routine 💀,validation,relatable,9,2025-08-06
C00102_P049,P049,Social Anxiety,not me too real fr fr,validation,relatable,10,2025-08-06
C00103_P049,P049,Social Anxiety,the last line though,ambiguous,relatable,12,2025-08-06
C00104_P049,P049,Social Anxiety,check my page!,generic,neutral,9,2025-08-06
C00105_P049,P049,Social Anxiety,no because personal at this point,validation,relatable,6,2025-08-06
C00106_P049,P049,Social Anxiety,awesome work ++,generic,neutral,10,2025-08-06
C00107_P049,P049,Social Anxiety,i'm in this post and i don't like it lmaoo,validation,relatable,16,2025-08-06
C00108_P049,P049,Social Anxiety,I didn't consent to being exposed 😭,validation,relatable,12,2025-08-06
C00109_P049,P049,Social Anxiety,yeah.,ambiguous,relatable,12,2025-08-06
C00110_P049,P049,Social Anxiety,your page will blow up 🔥,generic,neutral,12,2025-08-06
C00111_P049,P049,Social Anxiety,great content!,generic,neutral,8,2025-08-06
C00112_P049,P049,Social Anxiety,award for most generic post goes to,sarcasm,neutral,10,2025-08-06
C00113_P049,P049,Social Anxiety,hello?? personal at this point ?!,validation,relatable,13,2025-08-06
C00114_P049,P049,Social Anxiety,excuse me so me 😭,validation,relatable,7,2025-08-06
C00115_P049,P049,Social Anxiety,nah my biography anna,validation,relatable,9,2025-08-06
C00116_P049,P049,Social Anxiety,my therapist nad my group chat will hear about this post istg,validation,relatable,9,2025-08-06
C00117_P049,P049,Social Anxiety,not this again,ambiguous,neutral,10,2025-08-06
C00118_P049,P049,Social Anxiety,unfortunately yes,ambiguous,neutral,17,2025-08-06
C00119_P049,P049,Social Anxiety,sending this to the group chat with no context lol,validation,relatable,7,2025-08-06
C00000_P050,P050,Dating & Situationships,which app is this? btw,generic,neutral,13,2025-08-07
C00001_P050,P050,Dating & Situationships,this is just basic psychology,sarcasm,neutral,12,2025-08-07
C00002_P050,P050,Dating & Situationships,crying,ambiguous,relatable,10,2025-08-07
C00003_P050,P050,Dating & Situationships,the ending 😭,ambiguous,relatable,10,2025-08-07
C00004_P050,P050,Dating & Situationships,literally so me bhai,validation,relatable,10,2025-08-07
C00005_P050,P050,Dating & Situationships,facts!,generic,neutral,9,2025-08-07
C00006_P050,P050,Dating & Situationships,keep it up 🔥,generic,neutral,8,2025-08-07
C00007_P050,P050,Dating & Situationships,superb,generic,neutral,11,2025-08-07
C00008_P050,P050,Dating & Situationships,"came here to laugh, stayed to confront myself",validation,relatable,9,2025-08-07
C00000_P051,P051,Money Struggles,my acconut balance is a horror movie,personal_story,relatable,9,2025-08-08
C00001_P051,P051,Money Struggles,wow so relatable 🙄,sarcasm,neutral,7,2025-08-08
C00002_P051,P051,Money Struggles,who allowed you to expose me like this!!,validation,relatable,11,2025-08-08
C00003_P051,P051,Money Struggles,😍 👍,generic,neutral,12,2025-08-08
C00004_P051,P051,Money Struggles,realest thing on my feed today,ambiguous,relatable,12,2025-08-08
C00005_P051,P051,Money Struggles,sending this to the group chat with no context 🥲🥲,validation,relatable,9,2025-08-08
C00006_P051,P051,Money Struggles,why is this screenshot of my head ngl,validation,relatable,5,2025-08-08
C00007_P051,P051,Money Struggles,rs.200 is not small when you have rs.400,personal_story,relatable,16,2025-08-08
C00008_P051,P051,Money Struggles,the way me in one post lol,validation,relatable,9,2025-08-08
C00009_P051,P051,Money Struggles,deserves way more likes btw,generic,neutral,12,2025-08-08
C00010_P051,P051,Money Struggles,"ok but this is literally everyone, nothing unique",sarcasm,neutral,12,2025-08-08
C00011_P051,P051,Money Struggles,this is just basic psychology,sarcasm,neutral,12,2025-08-08
C00012_P051,P051,Money Struggles,i'm going to pretend i didn't read this ong,validation,relatable,9,2025-08-08
C00013_P051,P051,Money Struggles,the timing of this post is suspicious,validation,relatable,9,2025-08-08
C00014_P051,P051,Money Struggles,true that,generic,neutral,11,2025-08-08
C00015_P051,P051,Money Struggles,haha ++,generic,neutral,14,2025-08-08
C00016_P051,P051,Money Struggles,not me literally me pls,validation,relatable,16,2025-08-08
C00017_P051,P051,Money Struggles,superb,generic,neutral,7,2025-08-08
C00018_P051,P051,Money Struggles,superb :),generic,neutral,8,2025-08-08
C00019_P051,P051,Money Struggles,saved this for the next time it happens 😅,validation,relatable,16,2025-08-08
C00020_P051,P051,Money Struggles,FOLLOW FOR FOLLOW?!,generic,neutral,13,2025-08-08
C00021_P051,P051,Money Struggles,ok but it me ong,validation,relatable,14,2025-08-08
C00022_P051,P051,Money Struggles,great content,generic,neutral,8,2025-08-08
C00023_P051,P051,Money Struggles,great content ++,generic,neutral,11,2025-08-08
C00024_P051,P051,Money Struggles,keep it up,generic,neutral,12,2025-08-08
C00025_P051,P051,Money Struggles,facts :),generic,neutral,12,2025-08-08
C00026_P051,P051,Money Struggles,the way exactly what i go through 🥲🥲,validation,relatable,10,2025-08-08
C00027_P051,P051,Money Struggles,I feel seen,ambiguous,neutral,5,2025-08-08
C00028_P051,P051,Money Struggles,I relate to tihs too much pls,validation,relatable,11,2025-08-08
C00029_P051,P051,Money Struggles,why does this feel personal,validation,relatable,9,2025-08-08
C00030_P051,P051,Money Struggles,hello?? it me 😭,validation,relatable,10,2025-08-08
C00031_P051,P051,Money Struggles,wait my whole life lmao,validation,relatable,16,2025-08-08
C00032_P051,P051,Money Struggles,I came to instagram to turn my brain off and instead you described it perfectly 😅,validation,relatable,10,2025-08-08
C00033_P051,P051,Money Struggles,genuinely how do you know my life no cap,validation,relatable,14,2025-08-08
C00034_P051,P051,Money Struggles,every frame is my biography ong,validation,relatable,8,2025-08-08
C00035_P051,P051,Money Struggles,genuinely how do yoou know my life pls,validation,relatable,12,2025-08-08
C00036_P051,P051,Money Struggles,true 🔥,generic,neutral,17,2025-08-08
C00037_P051,P051,Money Struggles,watched this five times already anna,validation,relatable,7,2025-08-08
C00038_P051,P051,Money Struggles,I didn't consent to being exposed 🥲,validation,relatable,4,2025-08-08
C00039_P051,P051,Money Struggles,ok but my whole life ?!,validation,relatable,10,2025-08-08
C00040_P051,P051,Money Struggles,cant even,ambiguous,relatable,7,2025-08-08
C00041_P051,P051,Money Struggles,not me my brain on a normal tuesday!!,validation,relatable,13,2025-08-08
C00000_P052,P052,College & Hostel Life,"we feature meme pages, dm us",spam,neutral,4,2025-08-10
C00001_P052,P052,College & Hostel Life,can you do one on exam results?,question,neutral,11,2025-08-10
C00002_P052,P052,College & Hostel Life,any tips for the 2am version of this?,question,neutral,12,2025-08-10
C00003_P052,P052,College & Hostel Life,the edit quality is insane bro,generic,neutral,12,2025-08-10
C00004_P052,P052,College & Hostel Life,"came here to laugh, stayed to confront myself",validation,relatable,9,2025-08-10
C00005_P052,P052,College & Hostel Life,watched this five times already lmaoo,validation,relatable,12,2025-08-10
C00006_P052,P052,College & Hostel Life,too real,ambiguous,neutral,7,2025-08-10
C00007_P052,P052,College & Hostel Life,our mess soup is just hot water with regret,personal_story,relatable,8,2025-08-10
C00008_P052,P052,College & Hostel Life,I'm in this post and I don't like it ong,validation,relatable,14,2025-08-10
C00009_P052,P052,College & Hostel Life,posted at the right time,generic,neutral,13,2025-08-10
C00010_P052,P052,College & Hostel Life,get free followers at InstaBoost,spam,neutral,5,2025-08-10
C00011_P052,P052,College & Hostel Life,do you take content requests?,question,neutral,9,2025-08-10
C00012_P052,P052,College & Hostel Life,this is just basic psychology,sarcasm,neutral,8,2025-08-10
C00013_P052,P052,College & Hostel Life,THE WAY THE STORY OF MY LIFE!!,validation,relatable,9,2025-08-10
C00014_P052,P052,College & Hostel Life,I didn't consent to being exposed ong,validation,relatable,9,2025-08-10
C00015_P052,P052,College & Hostel Life,😍!,generic,neutral,6,2025-08-10
C00016_P052,P052,College & Hostel Life,excuse me it me lol,validation,relatable,10,2025-08-10
C00017_P052,P052,College & Hostel Life,ok but screenshot of my head 🥲🥲,validation,relatable,13,2025-08-10
C00000_P053,P053,Family Pressure,not me so me lol,validation,relatable,13,2025-08-11
C00001_P053,P053,Family Pressure,uncomfortably accurate,ambiguous,relatable,11,2025-08-11
C00002_P053,P053,Family Pressure,is this based on real events?,question,neutral,7,2025-08-11
C00003_P053,P053,Family Pressure,wow so relatable 🙄,sarcasm,neutral,10,2025-08-11
C00004_P053,P053,Family Pressure,true bro,generic,neutral,15,2025-08-11
C00005_P053,P053,Family Pressure,love this page 🔥,generic,neutral,11,2025-08-11
C00006_P053,P053,Family Pressure,do a collab with us,generic,neutral,11,2025-08-11
C00007_P053,P053,Family Pressure,that's my whole life 🥲,validation,relatable,9,2025-08-11
C00008_P053,P053,Family Pressure,AWARD FOR MOST GENERIC POST GOES TO,sarcasm,neutral,10,2025-08-11
C00009_P053,P053,Family Pressure,ok but too accurate lmao,validation,relatable,15,2025-08-11
C00010_P053,P053,Family Pressure,do a collab with us 👍,generic,neutral,12,2025-08-11
C00011_P053,P053,Family Pressure,the edit quality is insane macha,generic,neutral,13,2025-08-11
C00012_P053,P053,Family Pressure,I live this every single day istg,validation,relatable,10,2025-08-11
C00013_P053,P053,Family Pressure,log kya kahenge' has ruined more careers than failure ever did,personal_story,relatable,12,2025-08-11
C00014_P053,P053,Family Pressure,this is so me,validation,relatable,9,2025-08-11
C00015_P053,P053,Family Pressure,painfully accurate ngl,validation,relatable,12,2025-08-11
C00016_P053,P053,Family Pressure,great content sis,generic,neutral,10,2025-08-11
C00017_P053,P053,Family Pressure,that hit close to home 😅,validation,relatable,10,2025-08-11
C00018_P053,P053,Family Pressure,"watched this, closed the app, opened it again, watched it again. yeah. pls",validation,relatable,12,2025-08-11
C00019_P053,P053,Family Pressure,this speaks for my whole generation istg,validation,relatable,15,2025-08-11
C00020_P053,P053,Family Pressure,LITERALLY EXACTLY WHAT I GO THROUGH!!,validation,relatable,6,2025-08-11
C00021_P053,P053,Family Pressure,this felt personal,ambiguous,neutral,14,2025-08-11
C00022_P053,P053,Family Pressure,not me me in one post,validation,relatable,9,2025-08-11
C00023_P053,P053,Family Pressure,mood.,ambiguous,relatable,10,2025-08-11
C00024_P053,P053,Family Pressure,I paused. sat down. processed. same.,validation,relatable,5,2025-08-11
C00025_P053,P053,Family Pressure,crying,ambiguous,neutral,9,2025-08-11
C00026_P053,P053,Family Pressure,this is the kind of post you save at 2am and rewatch when it happens again lmao,validation,relatable,11,2025-08-11
C00027_P053,P053,Family Pressure,haha true btw,generic,neutral,6,2025-08-11
C00028_P053,P053,Family Pressure,do a collab with us :),generic,neutral,11,2025-08-11
C00029_P053,P053,Family Pressure,true that,generic,neutral,15,2025-08-11
C00030_P053,P053,Family Pressure,"I'm the family NGO, free labour included",personal_story,relatable,7,2025-08-11
C00031_P053,P053,Family Pressure,I feel seen,ambiguous,relatable,13,2025-08-11
C00032_P053,P053,Family Pressure,my therapist and my group chat will hear about this post lmaoo,validation,relatable,10,2025-08-11
C00033_P053,P053,Family Pressure,🔥🔥!,generic,neutral,12,2025-08-11
C00034_P053,P053,Family Pressure,haha 🔥,generic,neutral,9,2025-08-11
C00035_P053,P053,Family Pressure,this is literally em istg,validation,relatable,8,2025-08-11
C00036_P053,P053,Family Pressure,true that sis,generic,neutral,8,2025-08-11
C00037_P053,P053,Family Pressure,nah a documentary about me fr,validation,relatable,7,2025-08-11
C00038_P053,P053,Family Pressure,not me so me lmaoo,validation,relatable,8,2025-08-11
C00039_P053,P053,Family Pressure,make one about first job interviews please,question,neutral,12,2025-08-11
C00040_P053,P053,Family Pressure,watched this five times already 😭😭,validation,relatable,14,2025-08-11
C00041_P053,P053,Family Pressure,this one,ambiguous,relatable,13,2025-08-11
C00042_P053,P053,Family Pressure,your page will blow up btw,generic,neutral,12,2025-08-11
C00043_P053,P053,Family Pressure,this is so me yaar,validation,relatable,7,2025-08-11
C00044_P053,P053,Family Pressure,check my page!,generic,neutral,9,2025-08-11
C00045_P053,P053,Family Pressure,that hit close to home lmao,validation,relatable,9,2025-08-11
C00046_P053,P053,Family Pressure,fr personal at this point anna,validation,relatable,9,2025-08-11
C00047_P053,P053,Family Pressure,first commetn !!,generic,neutral,11,2025-08-11
C00048_P053,P053,Family Pressure,so true btw,generic,neutral,11,2025-08-11
C00049_P053,P053,Family Pressure,i came to instagram to turn my brain off and instead you described it perfectly 😭,validation,relatable,10,2025-08-11
C00050_P053,P053,Family Pressure,free followers in bio,generic,neutral,10,2025-08-11
C00051_P053,P053,Family Pressure,deserves way more likes!,generic,neutral,14,2025-08-11
C00052_P053,P053,Family Pressure,check my page,generic,neutral,13,2025-08-11
C00053_P053,P053,Family Pressure,this is the kind of post you save at 2am and rewatch when it happens again ong,validation,relatable,9,2025-08-11
C00054_P053,P053,Family Pressure,why does this feel personal 😭😭,validation,relatable,15,2025-08-11
C00055_P053,P053,Family Pressure,not me my brain on a normal tuesday,validation,relatable,16,2025-08-11
C00056_P053,P053,Family Pressure,I agree sis,generic,neutral,9,2025-08-11
C00057_P053,P053,Family Pressure,unfortunately yes,ambiguous,relatable,10,2025-08-11
C00058_P053,P053,Family Pressure,reporting this for personal damage yaar,validation,relatable,11,2025-08-11
C00059_P053,P053,Family Pressure,ok but my whole life fr,validation,relatable,16,2025-08-11
C00060_P053,P053,Family Pressure,took the words right out of my mouth 💀,validation,relatable,14,2025-08-11
C00061_P053,P053,Family Pressure,first comment macha,generic,neutral,7,2025-08-11
C00062_P053,P053,Family Pressure,wait a documentary about me pls,validation,relatable,10,2025-08-11
C00063_P053,P053,Family Pressure,"hold on, too accurate...",validation,relatable,11,2025-08-11
C00064_P053,P053,Family Pressure,oh.,ambiguous,neutral,11,2025-08-11
C00065_P053,P053,Family Pressure,no because too real istg,validation,relatable,8,2025-08-11
C00066_P053,P053,Family Pressure,LITERALLY TOO REAL NGL,validation,relatable,14,2025-08-11
C00067_P053,P053,Family Pressure,first comment 👍,generic,neutral,12,2025-08-11
C00068_P053,P053,Family Pressure,exactly.,ambiguous,relatable,14,2025-08-11
C00069_P053,P053,Family Pressure,"came here to laugh, stayed to confront myself no cap",validation,relatable,14,2025-08-11
C00070_P053,P053,Family Pressure,watched this five times already lol,validation,relatable,13,2025-08-11
C00071_P053,P053,Family Pressure,the algorithm finally did something right 👍,generic,neutral,10,2025-08-11
C00072_P053,P053,Family Pressure,"hold on, so me no cap",validation,relatable,12,2025-08-11
C00073_P053,P053,Family Pressure,so true sis,generic,neutral,8,2025-08-11
C00074_P053,P053,Family Pressure,took the words right out of my mouth no cap,validation,relatable,12,2025-08-11
C00075_P053,P053,Family Pressure,I felt that...,validation,relatable,8,2025-08-11
C00076_P053,P053,Family Pressure,THE HONESTY IS REFRESHING,ambiguous,neutral,12,2025-08-11
C00077_P053,P053,Family Pressure,the edit quality is insane,generic,neutral,9,2025-08-11
C00078_P053,P053,Family Pressure,literally thee story of my life bhai,validation,relatable,7,2025-08-11
C00079_P053,P053,Family Pressure,part 2 please?,question,neutral,8,2025-08-11
C00080_P053,P053,Family Pressure,no because personal at this point lol,validation,relatable,3,2025-08-11
C00081_P053,P053,Family Pressure,this is so me 😅,validation,relatable,12,2025-08-11
C00082_P053,P053,Family Pressure,cool edit btw,generic,neutral,13,2025-08-11
C00083_P053,P053,Family Pressure,so true ++,generic,neutral,11,2025-08-11
C00084_P053,P053,Family Pressure,dm for promotions btw,generic,neutral,8,2025-08-11
C00085_P053,P053,Family Pressure,do a collab with us bro,generic,neutral,7,2025-08-11
C00086_P053,P053,Family Pressure,this is literally me ?!,validation,relatable,5,2025-08-11
C00087_P053,P053,Family Pressure,why does this feel personal ngl,validation,relatable,8,2025-08-11
C00088_P053,P053,Family Pressure,can you make one abotu exams?,question,neutral,15,2025-08-11
C00089_P053,P053,Family Pressure,ok but too accurate!!,validation,relatable,9,2025-08-11
C00090_P053,P053,Family Pressure,wait screenshot of my head ?!,validation,relatable,10,2025-08-11
C00091_P053,P053,Family Pressure,it's too accurate no acp,validation,relatable,7,2025-08-11
C00092_P053,P053,Family Pressure,nah my brain on a normal tuesday,validation,relatable,8,2025-08-11
C00093_P053,P053,Family Pressure,the edit quality is insane sis,generic,neutral,11,2025-08-11
C00094_P053,P053,Family Pressure,cool edit,generic,neutral,12,2025-08-11
C00095_P053,P053,Family Pressure,🔥🔥 ++,generic,neutral,9,2025-08-11
C00096_P053,P053,Family Pressure,took the words right out of my mouth ong,validation,relatable,6,2025-08-11
C00097_P053,P053,Family Pressure,I relate to this too much 😅,validation,relatable,10,2025-08-11
C00098_P053,P053,Family Pressure,reading this at 3am was a mistake lmao,validation,relatable,9,2025-08-11
C00099_P053,P053,Family Pressure,every frame is my biography bhai,validation,relatable,8,2025-08-11
C00100_P053,P053,Family Pressure,this is my biography yaar,validation,relatable,16,2025-08-11
C00101_P053,P053,Family Pressure,ok boomer,sarcasm,neutral,12,2025-08-11
C00102_P053,P053,Family Pressure,why is this the story of my life bhai,validation,relatable,11,2025-08-11
C00103_P053,P053,Family Pressure,reporting this for personal damage fr fr,validation,relatable,10,2025-08-11
C00104_P053,P053,Family Pressure,deep. very deep.,sarcasm,neutral,10,2025-08-11
C00105_P053,P053,Family Pressure,ok so personal at this point ngl,validation,relatable,11,2025-08-11
C00106_P053,P053,Family Pressure,ok so exactly what i go through lmao,validation,relatable,12,2025-08-11
C00107_P053,P053,Family Pressure,love this page,generic,neutral,12,2025-08-11
C00108_P053,P053,Family Pressure,THIS IS A DOCUMENTARY ABOUT ME LMAO,validation,relatable,8,2025-08-11
C00109_P053,P053,Family Pressure,fr my last three years in one video 💀,validation,relatable,11,2025-08-11
C00110_P053,P053,Family Pressure,painfully accurate da,validation,relatable,10,2025-08-11
C00111_P053,P053,Family Pressure,this is literally me,validation,relatable,14,2025-08-11
C00112_P053,P053,Family Pressure,which app is this? 🔥,generic,neutral,12,2025-08-11
C00113_P053,P053,Family Pressure,"hold on, the story of my life da",validation,relatable,11,2025-08-11
C00114_P053,P053,Family Pressure,deserves way more likes !!,generic,neutral,7,2025-08-11
C00115_P053,P053,Family Pressure,i agree,generic,neutral,11,2025-08-11
C00116_P053,P053,Family Pressure,stop describing me yaar,validation,relatable,7,2025-08-11
C00117_P053,P053,Family Pressure,the way I did this exact thing this morning and now I'm being called out publicly 🥲🥲,validation,relatable,9,2025-08-11
C00118_P053,P053,Family Pressure,underrated page fr !!,generic,neutral,8,2025-08-11
C00119_P053,P053,Family Pressure,I didn't consent to being exposed fr,validation,relatable,12,2025-08-11
C00000_P054,P054,Self-Image & Comparison,do a collab with us 👍,generic,neutral,7,2025-08-13
C00001_P054,P054,Self-Image & Comparison,song name please?,generic,neutral,11,2025-08-13
C00002_P054,P054,Self-Image & Comparison,this is literally me 😭😭,validation,relatable,11,2025-08-13
C00003_P054,P054,Self-Image & Comparison,who allowed you to expose me like this 😭,validation,relatable,12,2025-08-13
C00004_P054,P054,Self-Image & Comparison,deep. very deep.,sarcasm,neutral,12,2025-08-13
C00005_P054,P054,Self-Image & Comparison,love this page!,generic,neutral,9,2025-08-13
C00006_P054,P054,Self-Image & Comparison,wait my biography...,validation,relatable,4,2025-08-13
C00007_P054,P054,Self-Image & Comparison,deserves way more likes btw,generic,neutral,12,2025-08-13
C00008_P054,P054,Self-Image & Comparison,"why does this have no likes, underrated",question,neutral,11,2025-08-13
C00009_P054,P054,Self-Image & Comparison,haha sis,generic,neutral,14,2025-08-13
C00010_P054,P054,Self-Image & Comparison,everyone my age is achieving things and I'm here,personal_story,relatable,14,2025-08-13
C00011_P054,P054,Self-Image & Comparison,the way I did this exact thing this morning and now I'm being called out publicly pls,validation,relatable,14,2025-08-13
C00012_P054,P054,Self-Image & Comparison,so dramatic for no reason,sarcasm,neutral,11,2025-08-13
C00013_P054,P054,Self-Image & Comparison,can we get a version with english subtitles?,question,neutral,9,2025-08-13
C00014_P054,P054,Self-Image & Comparison,underrated page fr,generic,neutral,13,2025-08-13
C00015_P054,P054,Self-Image & Comparison,NOT ME SO ME ANNA,validation,relatable,10,2025-08-13
C00016_P054,P054,Self-Image & Comparison,nah me in one post lmao,validation,relatable,8,2025-08-13
C00017_P054,P054,Self-Image & Comparison,it hit,ambiguous,relatable,14,2025-08-13
C00018_P054,P054,Self-Image & Comparison,"uninstalled Instagram twice, reinstalled in a day",personal_story,relatable,14,2025-08-13
C00019_P054,P054,Self-Image & Comparison,hello?? screenshot of my head ong,validation,relatable,10,2025-08-13
C00020_P054,P054,Self-Image & Comparison,this speaks for my whole generation 😭😭,validation,relatable,7,2025-08-13
C00021_P054,P054,Self-Image & Comparison,PART 3 WHEN?,question,neutral,10,2025-08-13
C00022_P054,P054,Self-Image & Comparison,true that sis,generic,neutral,13,2025-08-13
C00023_P054,P054,Self-Image & Comparison,true,generic,neutral,15,2025-08-13
C00024_P054,P054,Self-Image & Comparison,🔥🔥,generic,neutral,8,2025-08-13
C00025_P054,P054,Self-Image & Comparison,ok boomer,sarcasm,neutral,6,2025-08-13
C00026_P054,P054,Self-Image & Comparison,who hurt you bro,sarcasm,neutral,14,2025-08-13
C00027_P054,P054,Self-Image & Comparison,I paused. sat down. processed. same. 🥲,validation,relatable,10,2025-08-13
C00028_P054,P054,Self-Image & Comparison,which college is this?,question,neutral,11,2025-08-13
C00029_P054,P054,Self-Image & Comparison,love this page macha,generic,neutral,17,2025-08-13
C00000_P055,P055,Social Anxiety,i've never been so seen istg,validation,relatable,10,2025-08-14
C00001_P055,P055,Social Anxiety,this speaks for my whole generation lol,validation,relatable,20,2025-08-14
C00002_P055,P055,Social Anxiety,the way I did this exact thing this morning and now I'm being called out publicly lmao,validation,relatable,11,2025-08-14
C00003_P055,P055,Social Anxiety,"found this page today, already binged everything btw",generic,neutral,9,2025-08-14
C00004_P055,P055,Social Anxiety,seen.,ambiguous,relatable,8,2025-08-14
C00005_P055,P055,Social Anxiety,no because it me lol,validation,relatable,10,2025-08-14
C00006_P055,P055,Social Anxiety,"found this page today, already binged everything ++",generic,neutral,10,2025-08-14
C00007_P055,P055,Social Anxiety,free followers in bio 👍,generic,neutral,7,2025-08-14
C00008_P055,P055,Social Anxiety,superb 👍,generic,neutral,10,2025-08-14
C00009_P055,P055,Social Anxiety,which app is this? 👍,generic,neutral,10,2025-08-14
C00010_P055,P055,Social Anxiety,aewsome work :),generic,neutral,12,2025-08-14
C00011_P055,P055,Social Anxiety,I paused. sat down. processed. same....,validation,relatable,12,2025-08-14
C00012_P055,P055,Social Anxiety,painfully accurate...,validation,relatable,12,2025-08-14
C00013_P055,P055,Social Anxiety,the edit quality is insane macha,generic,neutral,4,2025-08-14
C00014_P055,P055,Social Anxiety,but same though,ambiguous,neutral,8,2025-08-14
C00015_P055,P055,Social Anxiety,cool edit!,generic,neutral,12,2025-08-14
C00016_P055,P055,Social Anxiety,ok but it me 💀,validation,relatable,11,2025-08-14
C00017_P055,P055,Social Anxiety,lol ok ++,generic,neutral,4,2025-08-14
C00018_P055,P055,Social Anxiety,genuinely how do you know my life bhai,validation,relatable,13,2025-08-14
C00019_P055,P055,Social Anxiety,background music name? macha,generic,neutral,13,2025-08-14
C00020_P055,P055,Social Anxiety,"came here to laugh, stayed to confront myself pls",validation,relatable,11,2025-08-14
C00021_P055,P055,Social Anxiety,"watched this, closed the app, opened it again, watched it again. yeah. no cap",validation,relatable,6,2025-08-14
C00022_P055,P055,Social Anxiety,that hit close to home 😭😭,validation,relatable,13,2025-08-14
C00023_P055,P055,Social Anxiety,song name please?!,generic,neutral,11,2025-08-14
C00024_P055,P055,Social Anxiety,true that sis,generic,neutral,13,2025-08-14
C00025_P055,P055,Social Anxiety,"CAME HERE TO LAUGH, STAYED TO CONFRONT MYSELF...",validation,relatable,13,2025-08-14
C00026_P055,P055,Social Anxiety,the way literally me ong,validation,relatable,13,2025-08-14
C00027_P055,P055,Social Anxiety,deserves way more likes !!,generic,neutral,11,2025-08-14
C00028_P055,P055,Social Anxiety,it's the accuracy for me,ambiguous,relatable,8,2025-08-14
C00029_P055,P055,Social Anxiety,that's my biography anna,validation,relatable,12,2025-08-14
C00030_P055,P055,Social Anxiety,fr so me yaar,validation,relatable,12,2025-08-14
C00031_P055,P055,Social Anxiety,this is it me 😭😭,validation,relatable,13,2025-08-14
C00032_P055,P055,Social Anxiety,it's too accurate ?!,validation,relatable,8,2025-08-14
C00033_P055,P055,Social Anxiety,ok but so me 🥲,validation,relatable,8,2025-08-14
C00034_P055,P055,Social Anxiety,reading this at 3am was a mistake no cap,validation,relatable,15,2025-08-14
C00035_P055,P055,Social Anxiety,not me personal at this point 🥲,validation,relatable,13,2025-08-14
C00036_P055,P055,Social Anxiety,fr my whole life 🥲,validation,relatable,15,2025-08-14
C00037_P055,P055,Social Anxiety,i'm in this post and i don't like it,validation,relatable,13,2025-08-14
C00038_P055,P055,Social Anxiety,why is this screenshot of my head lol,validation,relatable,11,2025-08-14
C00000_P056,P056,Dating & Situationships,haha true!,generic,neutral,9,2025-08-15
C00001_P056,P056,Dating & Situationships,a mood,ambiguous,relatable,9,2025-08-15
C00002_P056,P056,Dating & Situationships,wow so relatable 🙄,sarcasm,neutral,8,2025-08-15
C00003_P056,P056,Dating & Situationships,do a collab with us,generic,neutral,10,2025-08-15
C00004_P056,P056,Dating & Situationships,do one about hostellers please,question,neutral,15,2025-08-15
C00005_P056,P056,Dating & Situationships,hurts but fair,ambiguous,relatable,11,2025-08-15
C00000_P057,P057,Money Struggles,superb 🔥,generic,neutral,9,2025-08-17
C00001_P057,P057,Money Struggles,the way literally me yaar,validation,relatable,9,2025-08-17
C00002_P057,P057,Money Struggles,wait a documentary about me 💀,validation,relatable,8,2025-08-17
C00003_P057,P057,Money Struggles,stating the obvious since 2020,sarcasm,neutral,12,2025-08-17
C00004_P057,P057,Money Struggles,my account balance is a horror movie,personal_story,relatable,8,2025-08-17
C00005_P057,P057,Money Struggles,the edit quality is insane !!,generic,neutral,11,2025-08-17
C00006_P057,P057,Money Struggles,which app is this? bro,generic,neutral,9,2025-08-17
C00007_P057,P057,Money Struggles,this is the kind of post you save at 2am and rewatch when it happens again 💀,validation,relatable,12,2025-08-17
C00008_P057,P057,Money Struggles,no because exactly what I go through fr fr,validation,relatable,13,2025-08-17
C00009_P057,P057,Money Struggles,excuse me my biograhpy 💀,validation,relatable,13,2025-08-17
C00010_P057,P057,Money Struggles,hello?? my last three years in one video istg,validation,relatable,13,2025-08-17
C00011_P057,P057,Money Struggles,this is it me...,validation,relatable,8,2025-08-17
C00012_P057,P057,Money Struggles,oh.,ambiguous,neutral,7,2025-08-17
C00013_P057,P057,Money Struggles,wait the story of my life istg,validation,relatable,12,2025-08-17
C00014_P057,P057,Money Struggles,i agree,generic,neutral,10,2025-08-17
C00015_P057,P057,Money Struggles,fr it me anna,validation,relatable,10,2025-08-17
C00016_P057,P057,Money Struggles,awesome work !!,generic,neutral,6,2025-08-17
C00017_P057,P057,Money Struggles,personal at this point lol,validation,relatable,9,2025-08-17
C00018_P057,P057,Money Struggles,the timing of this post is suspicious ?!,validation,relatable,6,2025-08-17
C00019_P057,P057,Money Struggles,not to be dramatic but this post understood me better than my last three conversations...,validation,relatable,14,2025-08-17
C00020_P057,P057,Money Struggles,I didn't consent to being exposed,validation,relatable,9,2025-08-17
C00021_P057,P057,Money Struggles,"found this page today, already binged everything sis",generic,neutral,11,2025-08-17
C00022_P057,P057,Money Struggles,ok but my everyday routine ong,validation,relatable,6,2025-08-17
C00023_P057,P057,Money Struggles,your page will blow up btw,generic,neutral,12,2025-08-17
C00024_P057,P057,Money Struggles,the way my whole life 🥲,validation,relatable,9,2025-08-17
C00025_P057,P057,Money Struggles,who allowed you to expose me like this lol,validation,relatable,15,2025-08-17
C00026_P057,P057,Money Struggles,fr too real da,validation,relatable,14,2025-08-17
C00027_P057,P057,Money Struggles,not me so me 🥲,validation,relatable,9,2025-08-17
C00028_P057,P057,Money Struggles,underrated page fr 👍,generic,neutral,15,2025-08-17
C00029_P057,P057,Money Struggles,great content macha,generic,neutral,19,2025-08-17
C00030_P057,P057,Money Struggles,every frame is my biography 😭,validation,relatable,14,2025-08-17
C00031_P057,P057,Money Struggles,the algorithm finally did something right btw,generic,neutral,14,2025-08-17
C00032_P057,P057,Money Struggles,THIS ONE,ambiguous,neutral,9,2025-08-17
C00033_P057,P057,Money Struggles,I didn't consent to being exposed anna,validation,relatable,11,2025-08-17
C00034_P057,P057,Money Struggles,too real,ambiguous,neutral,6,2025-08-17
C00035_P057,P057,Money Struggles,fake deep,sarcasm,neutral,7,2025-08-17
C00036_P057,P057,Money Struggles,the way my last three years in one video fr fr,validation,relatable,21,2025-08-17
C00037_P057,P057,Money Struggles,I didn't conesnt to being exposed fr fr,validation,relatable,9,2025-08-17
C00038_P057,P057,Money Struggles,my therapist and my group chat will hear about this post,validation,relatable,13,2025-08-17
C00039_P057,P057,Money Struggles,exactly.,ambiguous,neutral,13,2025-08-17
C00040_P057,P057,Money Struggles,I FELT THAT 🥲🥲,validation,relatable,14,2025-08-17
C00041_P057,P057,Money Struggles,when is part 2? 👍,generic,neutral,20,2025-08-17
C00042_P057,P057,Money Struggles,check my page !!,generic,neutral,9,2025-08-17
C00043_P057,P057,Money Struggles,I'm crying,ambiguous,relatable,6,2025-08-17
C00044_P057,P057,Money Struggles,ok but me in one psot 💀,validation,relatable,10,2025-08-17
C00045_P057,P057,Money Struggles,not the last line,ambiguous,neutral,7,2025-08-17
C00046_P057,P057,Money Struggles,background music name?,generic,neutral,5,2025-08-17
C00047_P057,P057,Money Struggles,true 👍,generic,neutral,10,2025-08-17
C00048_P057,P057,Money Struggles,saved this for the next time it happens da,validation,relatable,13,2025-08-17
C00049_P057,P057,Money Struggles,so true,generic,neutral,11,2025-08-17
C00050_P057,P057,Money Struggles,not me it me 💀,validation,relatable,9,2025-08-17
C00051_P057,P057,Money Struggles,superb macha,generic,neutral,12,2025-08-17
C00052_P057,P057,Money Struggles,reading this at 3am was a mistake 🥲🥲,validation,relatable,9,2025-08-17
C00053_P057,P057,Money Struggles,no literally,ambiguous,relatable,5,2025-08-17
C00054_P057,P057,Money Struggles,the timing of this post is suspicious pls,validation,relatable,13,2025-08-17
C00055_P057,P057,Money Struggles,i felt that 😭,validation,relatable,12,2025-08-17
C00056_P057,P057,Money Struggles,superb bro,generic,neutral,13,2025-08-17
C00057_P057,P057,Money Struggles,haha true,generic,neutral,6,2025-08-17
C00058_P057,P057,Money Struggles,i showed this to my roommate and we just sat in silence for a minute lol,validation,relatable,14,2025-08-17
C00059_P057,P057,Money Struggles,sir this is my diary page,validation,relatable,12,2025-08-17
C00060_P057,P057,Money Struggles,so dramatic for no reason,sarcasm,neutral,11,2025-08-17
C00061_P057,P057,Money Struggles,I live this every single day fr,validation,relatable,12,2025-08-17
C00062_P057,P057,Money Struggles,when is part 2?,generic,neutral,14,2025-08-17
C00063_P057,P057,Money Struggles,I agree ++,generic,neutral,11,2025-08-17
C00064_P057,P057,Money Struggles,deserves way more likes 👍,generic,neutral,11,2025-08-17
C00065_P057,P057,Money Struggles,true that :),generic,neutral,18,2025-08-17
C00066_P057,P057,Money Struggles,the way a documentary about me fr,validation,relatable,13,2025-08-17
C00067_P057,P057,Money Struggles,why is this a mood,ambiguous,neutral,10,2025-08-17
C00068_P057,P057,Money Struggles,true ++,generic,neutral,12,2025-08-17
C00069_P057,P057,Money Struggles,KEEP IT UP BRO,generic,neutral,10,2025-08-17
C00070_P057,P057,Money Struggles,that hit close to home 💀,validation,relatable,9,2025-08-17
C00071_P057,P057,Money Struggles,the edit quality is insane!,generic,neutral,11,2025-08-17
C00072_P057,P057,Money Struggles,this is literally me lol,validation,relatable,15,2025-08-17
C00073_P057,P057,Money Struggles,true!,generic,neutral,15,2025-08-17
C00074_P057,P057,Money Struggles,"another relatable page, how original",sarcasm,neutral,9,2025-08-17
C00075_P057,P057,Money Struggles,took the words right out of my mouth on cap,validation,relatable,11,2025-08-17
C00076_P057,P057,Money Struggles,literally my biography,validation,relatable,8,2025-08-17
C00077_P057,P057,Money Struggles,I'm going to pretend I didn't read this!!,validation,relatable,19,2025-08-17
C00078_P057,P057,Money Struggles,this is me in one post lmao,validation,relatable,17,2025-08-17
C00079_P057,P057,Money Struggles,free followers in bio sis,generic,neutral,12,2025-08-17
C00080_P057,P057,Money Struggles,this is so me bhai,validation,relatable,13,2025-08-17
C00081_P057,P057,Money Struggles,haha!,generic,neutral,12,2025-08-17
C00082_P057,P057,Money Struggles,hello?? personal at this point ngl,validation,relatable,11,2025-08-17
C00083_P057,P057,Money Struggles,🔥🔥 SIS,generic,neutral,6,2025-08-17
C00084_P057,P057,Money Struggles,I paused. sat down. processed. same. da,validation,relatable,10,2025-08-17
C00085_P057,P057,Money Struggles,I LIVE THIS EVERY SINGLE DAY 😅,validation,relatable,12,2025-08-17
C00086_P057,P057,Money Struggles,why does this feel personal istg,validation,relatable,12,2025-08-17
C00087_P057,P057,Money Struggles,cant even,ambiguous,relatable,10,2025-08-17
C00088_P057,P057,Money Struggles,OKAY BUT SAME,ambiguous,relatable,16,2025-08-17
C00089_P057,P057,Money Struggles,yes because everyone does this obviously,sarcasm,neutral,8,2025-08-17
C00090_P057,P057,Money Struggles,award for most generic post goes to,sarcasm,neutral,11,2025-08-17
C00091_P057,P057,Money Struggles,gneuinely how do you know my life ngl,validation,relatable,12,2025-08-17
C00092_P057,P057,Money Struggles,hello?? my last three years in one video,validation,relatable,12,2025-08-17
C00093_P057,P057,Money Struggles,I'm going to pretend I didn't read this lmao,validation,relatable,12,2025-08-17
C00094_P057,P057,Money Struggles,the way my biography,validation,relatable,9,2025-08-17
C00095_P057,P057,Money Struggles,i agree bro,generic,neutral,8,2025-08-17
C00096_P057,P057,Money Struggles,Rs.200 is not small when you have Rs.400,personal_story,relatable,12,2025-08-17
C00097_P057,P057,Money Struggles,ok boomer,sarcasm,neutral,11,2025-08-17
C00098_P057,P057,Money Struggles,i relate to this too much 😭😭,validation,relatable,8,2025-08-17
C00099_P057,P057,Money Struggles,the algorithm finally did something right bro,generic,neutral,12,2025-08-17
C00100_P057,P057,Money Struggles,congratulations you discovered being human,sarcasm,neutral,10,2025-08-17
C00101_P057,P057,Money Struggles,stop describing me!!,validation,relatable,12,2025-08-17
C00102_P057,P057,Money Struggles,song name please? 👍,generic,neutral,14,2025-08-17
C00103_P057,P057,Money Struggles,I paused. sat down. processed. same. 🥲🥲,validation,relatable,8,2025-08-17
C00104_P057,P057,Money Struggles,keep it up !!,generic,neutral,5,2025-08-17
C00105_P057,P057,Money Struggles,every frame is my biography yaar,validation,relatable,13,2025-08-17
C00106_P057,P057,Money Struggles,this is literally me da,validation,relatable,12,2025-08-17
C00107_P057,P057,Money Struggles,smooth transitions bro,generic,neutral,12,2025-08-17
C00108_P057,P057,Money Struggles,who allowed you to expose me like this fr,validation,relatable,14,2025-08-17
C00109_P057,P057,Money Struggles,nice post,generic,neutral,13,2025-08-17
C00110_P057,P057,Money Struggles,which app is this? :),generic,neutral,16,2025-08-17
C00111_P057,P057,Money Struggles,I didn't consent to being exposed 😭,validation,relatable,11,2025-08-17
C00112_P057,P057,Money Struggles,hello?? personal at this point lmao,validation,relatable,11,2025-08-17
C00113_P057,P057,Money Struggles,painfully accurate ?!,validation,relatable,10,2025-08-17
C00114_P057,P057,Money Struggles,every frame is my biography 💀,validation,relatable,8,2025-08-17
C00115_P057,P057,Money Struggles,free followers in bio!,generic,neutral,11,2025-08-17
C00116_P057,P057,Money Struggles,personally attacked,ambiguous,neutral,9,2025-08-17
C00117_P057,P057,Money Struggles,awesome work 🔥,generic,neutral,15,2025-08-17
C00118_P057,P057,Money Struggles,which app is this? 🔥,generic,neutral,11,2025-08-17
C00119_P057,P057,Money Struggles,ok but the story of my life ?!,validation,relatable,11,2025-08-17
C00000_P058,P058,College & Hostel Life,growth service dm now,spam,neutral,12,2025-08-18
C00001_P058,P058,College & Hostel Life,but same though,ambiguous,neutral,14,2025-08-18
C00002_P058,P058,College & Hostel Life,do you take content requests?,question,neutral,14,2025-08-18
C00003_P058,P058,College & Hostel Life,why is nobody talking about how accurate this is,ambiguous,neutral,12,2025-08-18
C00004_P058,P058,College & Hostel Life,lool ok 👍,generic,neutral,8,2025-08-18
C00005_P058,P058,College & Hostel Life,this is so me ?!,validation,relatable,14,2025-08-18
C00006_P058,P058,College & Hostel Life,our mess soup is just hot water with regret,personal_story,relatable,14,2025-08-18
C00007_P058,P058,College & Hostel Life,hurts but fair,ambiguous,neutral,8,2025-08-18
C00008_P058,P058,College & Hostel Life,"why does this have no likes, underrated",question,neutral,13,2025-08-18
C00009_P058,P058,College & Hostel Life,saved this for the next time it happens lmaoo,validation,relatable,9,2025-08-18
C00010_P058,P058,College & Hostel Life,nah exactly what I go through fr,validation,relatable,13,2025-08-18
C00011_P058,P058,College & Hostel Life,this is literally me no cap,validation,relatable,20,2025-08-18
C00012_P058,P058,College & Hostel Life,follow for follow?!,generic,neutral,6,2025-08-18
C00013_P058,P058,College & Hostel Life,🚀🚀 grow your account fast,spam,neutral,15,2025-08-18
C00014_P058,P058,College & Hostel Life,cool edit,generic,neutral,12,2025-08-18
C00015_P058,P058,College & Hostel Life,took the words right out of my mouth 😅,validation,relatable,17,2025-08-18
C00016_P058,P058,College & Hostel Life,excuse me my last three years in one video 😭,validation,relatable,10,2025-08-18
C00017_P058,P058,College & Hostel Life,excuse me me in one psot lmao,validation,relatable,14,2025-08-18
C00018_P058,P058,College & Hostel Life,8am classes should be illegal,personal_story,relatable,6,2025-08-18
C00019_P058,P058,College & Hostel Life,nah exactly what I go through,validation,relatable,9,2025-08-18
C00020_P058,P058,College & Hostel Life,reading this at 3am was a mistake lmao,validation,relatable,6,2025-08-18
C00021_P058,P058,College & Hostel Life,real,ambiguous,relatable,17,2025-08-18
C00022_P058,P058,College & Hostel Life,bro exactly what i go through yaar,validation,relatable,13,2025-08-18
C00023_P058,P058,College & Hostel Life,true 👍,generic,neutral,14,2025-08-18
C00000_P059,P059,Family Pressure,"found this page today, already binged veerything btw",generic,neutral,9,2025-08-19
C00001_P059,P059,Family Pressure,ok but my last three years in one video ngl,validation,relatable,10,2025-08-19
C00002_P059,P059,Family Pressure,I'm in this post and I don't like it istg,validation,relatable,9,2025-08-19
C00003_P059,P059,Family Pressure,genuinely how do you know my life pls,validation,relatable,7,2025-08-19
C00004_P059,P059,Family Pressure,"sent this to my best friend at 2am and she replied why is this us, I still have no answer yaar",validation,relatable,8,2025-08-19
C00005_P059,P059,Family Pressure,make one about first job interviews please,question,neutral,8,2025-08-19
C00000_P060,P060,Self-Image & Comparison,follow for follow? !!,generic,neutral,9,2025-08-21
C00001_P060,P060,Self-Image & Comparison,which app is this? :),generic,neutral,13,2025-08-21
C00002_P060,P060,Self-Image & Comparison,not this again,ambiguous,relatable,9,2025-08-21
C00003_P060,P060,Self-Image & Comparison,literally my biography 😅,validation,relatable,9,2025-08-21
C00000_P061,P061,Social Anxiety,when is part 2? 👍,generic,neutral,8,2025-08-22
C00001_P061,P061,Social Anxiety,hmm,ambiguous,relatable,13,2025-08-22
C00002_P061,P061,Social Anxiety,i'm in this post and i don't like it,validation,relatable,8,2025-08-22
C00003_P061,P061,Social Anxiety,sir this is my diary page bhai,validation,relatable,10,2025-08-22
C00004_P061,P061,Social Anxiety,this is me in one post lmao,validation,relatable,14,2025-08-22
C00005_P061,P061,Social Anxiety,ok so my biography pls,validation,relatable,8,2025-08-22
C00006_P061,P061,Social Anxiety,im going to pretend i didn't read this lmao,validation,relatable,7,2025-08-22
C00007_P061,P061,Social Anxiety,my hands shake when the phone rings too,personal_story,relatable,11,2025-08-22
C00008_P061,P061,Social Anxiety,ok but my whole life istg,validation,relatable,9,2025-08-22
C00000_P062,P062,Dating & Situationships,awesome work,generic,neutral,11,2025-08-24
C00001_P062,P062,Dating & Situationships,"hold on, too real...",validation,relatable,7,2025-08-24
C00002_P062,P062,Dating & Situationships,"came here to laugh, stayed to confront myself fr fr",validation,relatable,10,2025-08-24
C00003_P062,P062,Dating & Situationships,awesome owrk btw,generic,neutral,9,2025-08-24
C00004_P062,P062,Dating & Situationships,this is so me,validation,relatable,14,2025-08-24
C00005_P062,P062,Dating & Situationships,keep it up :),generic,neutral,6,2025-08-24
C00006_P062,P062,Dating & Situationships,do a collab with us!,generic,neutral,10,2025-08-24
C00007_P062,P062,Dating & Situationships,mine left me on delivered for 3 days 😭,personal_story,relatable,10,2025-08-24
C00008_P062,P062,Dating & Situationships,when is part 2? !!,generic,neutral,13,2025-08-24
C00009_P062,P062,Dating & Situationships,the algorithm finally did something right 👍,generic,neutral,11,2025-08-24
C00010_P062,P062,Dating & Situationships,it's too aaaccurate 🥲🥲,validation,relatable,12,2025-08-24
C00011_P062,P062,Dating & Situationships,excuse me a documentary about me...,validation,relatable,13,2025-08-24
C00012_P062,P062,Dating & Situationships,I'm going to pretend I didn't read this!!,validation,relatable,14,2025-08-24
C00013_P062,P062,Dating & Situationships,superb bro,generic,neutral,9,2025-08-24
C00014_P062,P062,Dating & Situationships,he said 'we'll see' and I said ok like a fool,personal_story,relatable,11,2025-08-24
C00015_P062,P062,Dating & Situationships,where are you from?,question,neutral,14,2025-08-24
C00016_P062,P062,Dating & Situationships,can we get a version with english subtitles?,question,neutral,18,2025-08-24
C00017_P062,P062,Dating & Situationships,nah the story of my life anna,validation,relatable,14,2025-08-24
C00018_P062,P062,Dating & Situationships,what camera do you use?,question,neutral,10,2025-08-24
C00019_P062,P062,Dating & Situationships,i've never been so seen ?!,validation,relatable,8,2025-08-24
C00020_P062,P062,Dating & Situationships,background music name?,generic,neutral,11,2025-08-24
C00021_P062,P062,Dating & Situationships,literally me fr,validation,relatable,13,2025-08-24
C00022_P062,P062,Dating & Situationships,i relate to this too much!!,validation,relatable,11,2025-08-24
C00023_P062,P062,Dating & Situationships,ok but too real ong,validation,relatable,11,2025-08-24
C00024_P062,P062,Dating & Situationships,THIS IS SO ME 😭😭,validation,relatable,14,2025-08-24
C00025_P062,P062,Dating & Situationships,do one about hostellers please,question,neutral,10,2025-08-24
C00026_P062,P062,Dating & Situationships,took the words right out of my mouth ?!,validation,relatable,14,2025-08-24
C00027_P062,P062,Dating & Situationships,I've never been so seen ?!,validation,relatable,10,2025-08-24
C00028_P062,P062,Dating & Situationships,what app is this?,question,neutral,9,2025-08-24
C00029_P062,P062,Dating & Situationships,I'm going to pretend I didn't read this bhai,validation,relatable,10,2025-08-24
C00030_P062,P062,Dating & Situationships,THE TIMING OF THIS POST IS SUSPICIOUS ?!,validation,relatable,13,2025-08-24
C00031_P062,P062,Dating & Situationships,you read my diary fr fr,validation,relatable,7,2025-08-24
C00032_P062,P062,Dating & Situationships,smooth transitions !!,generic,neutral,8,2025-08-24
C00033_P062,P062,Dating & Situationships,ok so too real 🥲🥲,validation,relatable,16,2025-08-24
C00034_P062,P062,Dating & Situationships,this is literally me fr fr,validation,relatable,8,2025-08-24
C00035_P062,P062,Dating & Situationships,not to be dramatic but this post understood me better than my last three conversations...,validation,relatable,11,2025-08-24
C00036_P062,P062,Dating & Situationships,how long did this take to edit?,question,neutral,11,2025-08-24
C00037_P062,P062,Dating & Situationships,dm for promotions ++,generic,neutral,11,2025-08-24
C00038_P062,P062,Dating & Situationships,REAL,ambiguous,relatable,12,2025-08-24
C00039_P062,P062,Dating & Situationships,it's one thing to make a meme and another to describe my whole personality ?!,validation,relatable,9,2025-08-24
C00040_P062,P062,Dating & Situationships,the way a documentary about me anna,validation,relatable,11,2025-08-24
C00041_P062,P062,Dating & Situationships,this generation and its labels istg,sarcasm,neutral,10,2025-08-24
C00042_P062,P062,Dating & Situationships,THE EDIT QUALITY IS INSANE MACHA,generic,neutral,12,2025-08-24
C00043_P062,P062,Dating & Situationships,this is the kind of post you save at 2am and rewatch when it happens again bhai,validation,relatable,8,2025-08-24
C00044_P062,P062,Dating & Situationships,no because too accurate yaar,validation,relatable,11,2025-08-24
C00045_P062,P062,Dating & Situationships,sending this to the group chat with no context lol,validation,relatable,8,2025-08-24
C00046_P062,P062,Dating & Situationships,follow for follow? ++,generic,neutral,9,2025-08-24
C00047_P062,P062,Dating & Situationships,I relate to this too much bhai,validation,relatable,8,2025-08-24
C00048_P062,P062,Dating & Situationships,wow so rleatable 🙄,sarcasm,neutral,8,2025-08-24
C00049_P062,P062,Dating & Situationships,I showed this to my roommate and we just sat in silence for a miunte anna,validation,relatable,14,2025-08-24
C00050_P062,P062,Dating & Situationships,literally my whole life ngl,validation,relatable,9,2025-08-24
C00051_P062,P062,Dating & Situationships,why is this my whole life lol,validation,relatable,15,2025-08-24
C00052_P062,P062,Dating & Situationships,yes because everyone does this obviously,sarcasm,neutral,17,2025-08-24
C00053_P062,P062,Dating & Situationships,this is my 13th reason (affectionate),ambiguous,neutral,11,2025-08-24
C00054_P062,P062,Dating & Situationships,background music name?!,generic,neutral,8,2025-08-24
C00055_P062,P062,Dating & Situationships,kinda yes,ambiguous,neutral,10,2025-08-24
C00056_P062,P062,Dating & Situationships,I felt that ngl,validation,relatable,13,2025-08-24
C00057_P062,P062,Dating & Situationships,I relate to this too much...,validation,relatable,10,2025-08-24
C00058_P062,P062,Dating & Situationships,part 3 when?,question,neutral,7,2025-08-24
C00059_P062,P062,Dating & Situationships,underrated page fr !!,generic,neutral,11,2025-08-24
C00060_P062,P062,Dating & Situationships,wait exactly what I go through 😅,validation,relatable,14,2025-08-24
C00061_P062,P062,Dating & Situationships,instagram therapists at it again,sarcasm,neutral,13,2025-08-24
C00062_P062,P062,Dating & Situationships,"another relatable page, how original",sarcasm,neutral,8,2025-08-24
C00063_P062,P062,Dating & Situationships,literally my last three years in one video ong,validation,relatable,12,2025-08-24
C00064_P062,P062,Dating & Situationships,that hit close to home 😭,validation,relatable,8,2025-08-24
C00065_P062,P062,Dating & Situationships,this is so me 😅,validation,relatable,8,2025-08-24
C00066_P062,P062,Dating & Situationships,I paused. sat down. processed. samee!!,validation,relatable,14,2025-08-24
C00067_P062,P062,Dating & Situationships,uncomfortably accurate,ambiguous,neutral,9,2025-08-24
C00068_P062,P062,Dating & Situationships,NO LITERALLY,ambiguous,relatable,9,2025-08-24
C00069_P062,P062,Dating & Situationships,this hit,ambiguous,neutral,2,2025-08-24
C00070_P062,P062,Dating & Situationships,sir this is my diary page no cap,validation,relatable,14,2025-08-24
C00071_P062,P062,Dating & Situationships,sir this is my diary page,validation,relatable,13,2025-08-24
C00072_P062,P062,Dating & Situationships,"why does this have no likes, underrated",question,neutral,12,2025-08-24
C00073_P062,P062,Dating & Situationships,lol ok,generic,neutral,13,2025-08-24
C00074_P062,P062,Dating & Situationships,award for most generic post goes to,sarcasm,neutral,8,2025-08-24
C00075_P062,P062,Dating & Situationships,deep. very deep.,sarcasm,neutral,10,2025-08-24
C00076_P062,P062,Dating & Situationships,this speaks for my whole generation 😅,validation,relatable,10,2025-08-24
C00077_P062,P062,Dating & Situationships,not me a documentary about me 😭😭,validation,relatable,7,2025-08-24
C00078_P062,P062,Dating & Situationships,ok so personal at this point anna,validation,relatable,11,2025-08-24
C00079_P062,P062,Dating & Situationships,mood.,ambiguous,relatable,15,2025-08-24
C00080_P062,P062,Dating & Situationships,make one about first job interviews please,question,neutral,6,2025-08-24
C00081_P062,P062,Dating & Situationships,I shoewd this to my roommate and we just sat in silence for a minute!!,validation,relatable,9,2025-08-24
C00082_P062,P062,Dating & Situationships,awesome work 🔥,generic,neutral,8,2025-08-24
C00083_P062,P062,Dating & Situationships,"hold on, screenshot of my head fr fr",validation,relatable,9,2025-08-24
C00084_P062,P062,Dating & Situationships,this is literally me 🥲🥲,validation,relatable,15,2025-08-24
C00085_P062,P062,Dating & Situationships,saved this for the next time it happens,validation,relatable,10,2025-08-24
C00086_P062,P062,Dating & Situationships,why does this feel personal ong,validation,relatable,10,2025-08-24
C00087_P062,P062,Dating & Situationships,i'm in this post and i don't like it 🥲🥲,validation,relatable,13,2025-08-24
C00088_P062,P062,Dating & Situationships,"sure, totally me",sarcasm,neutral,8,2025-08-24
C00089_P062,P062,Dating & Situationships,i didn't consent to being exposed 🥲,validation,relatable,11,2025-08-24
C00090_P062,P062,Dating & Situationships,"came here to laugh, stayed to confront myself yaar",validation,relatable,10,2025-08-24
C00091_P062,P062,Dating & Situationships,ok but my everyday routine 💀,validation,relatable,11,2025-08-24
C00092_P062,P062,Dating & Situationships,painfully accurate istg,validation,relatable,22,2025-08-24
C00093_P062,P062,Dating & Situationships,I'm in this post and I don't like it 😭,validation,relatable,13,2025-08-24
C00094_P062,P062,Dating & Situationships,fr personal at this point lmaoo,validation,relatable,10,2025-08-24
C00095_P062,P062,Dating & Situationships,😍 ++,generic,neutral,14,2025-08-24
C00096_P062,P062,Dating & Situationships,TOOK THE WORDS RIGHT OUT OF MY MOUTH 😅,validation,relatable,8,2025-08-24
C00097_P062,P062,Dating & Situationships,wait my whole life!!,validation,relatable,6,2025-08-24
C00098_P062,P062,Dating & Situationships,when is part 2? macha,generic,neutral,8,2025-08-24
C00099_P062,P062,Dating & Situationships,which app is this? ++,generic,neutral,9,2025-08-24
C00100_P062,P062,Dating & Situationships,your page will blow up 🔥,generic,neutral,11,2025-08-24
C00101_P062,P062,Dating & Situationships,is that your real voice?,question,neutral,12,2025-08-24
C00102_P062,P062,Dating & Situationships,no because my brain on a normal tuesday yaar,validation,relatable,15,2025-08-24
C00103_P062,P062,Dating & Situationships,any tips for the 2am version of this?,question,neutral,11,2025-08-24
C00104_P062,P062,Dating & Situationships,hello?? screenshot of my head ngl,validation,relatable,11,2025-08-24
C00105_P062,P062,Dating & Situationships,the timing of this post is suspicious!!,validation,relatable,6,2025-08-24
C00106_P062,P062,Dating & Situationships,"found this page today, already binged everything bro",generic,neutral,6,2025-08-24
C00107_P062,P062,Dating & Situationships,when is part 2? ++,generic,neutral,11,2025-08-24
C00108_P062,P062,Dating & Situationships,😍 bro,generic,neutral,10,2025-08-24
C00109_P062,P062,Dating & Situationships,not this again,ambiguous,relatable,14,2025-08-24
C00110_P062,P062,Dating & Situationships,the algorithm finally did something right sis,generic,neutral,8,2025-08-24
C00111_P062,P062,Dating & Situationships,PART 2 PLEASE?,question,neutral,5,2025-08-24
C00112_P062,P062,Dating & Situationships,THIS IS SO ME BHAI,validation,relatable,10,2025-08-24
C00113_P062,P062,Dating & Situationships,dm for promotions :),generic,neutral,9,2025-08-24
C00114_P062,P062,Dating & Situationships,check my page bro,generic,neutral,6,2025-08-24
C00115_P062,P062,Dating & Situationships,"hold on, my biography 💀",validation,relatable,13,2025-08-24
C00116_P062,P062,Dating & Situationships,the way personal at this point 😅,validation,relatable,7,2025-08-24
C00117_P062,P062,Dating & Situationships,I've never been so seen anna,validation,relatable,12,2025-08-24
C00118_P062,P062,Dating & Situationships,first comment sis,generic,neutral,9,2025-08-24
C00119_P062,P062,Dating & Situationships,no because my last three years in one video bhai,validation,relatable,8,2025-08-24
C00000_P063,P063,Money Struggles,"found this page today, already binged everything :)",generic,neutral,13,2025-08-25
C00001_P063,P063,Money Struggles,hello?? my last three years in one video 😭,validation,relatable,9,2025-08-25
C00002_P063,P063,Money Struggles,literally my biography istg,validation,relatable,12,2025-08-25
C00003_P063,P063,Money Struggles,ok so literally me 💀,validation,relatable,11,2025-08-25
C00004_P063,P063,Money Struggles,saved this for the next time it happens...,validation,relatable,15,2025-08-25
C00005_P063,P063,Money Struggles,check my page!,generic,neutral,10,2025-08-25
C00006_P063,P063,Money Struggles,this is me in one post 🥲,validation,relatable,6,2025-08-25
C00007_P063,P063,Money Struggles,cool edit macha,generic,neutral,5,2025-08-25
C00008_P063,P063,Money Struggles,underrated page fr,generic,neutral,14,2025-08-25
C00000_P064,P064,College & Hostel Life,love this page 🔥,generic,neutral,15,2025-08-26
C00001_P064,P064,College & Hostel Life,THIS IS JUST BASIC PSYCHOLOGY,sarcasm,neutral,9,2025-08-26
C00002_P064,P064,College & Hostel Life,sir this is my diary page 💀,validation,relatable,12,2025-08-26
C00003_P064,P064,College & Hostel Life,our mess soup is just hot water with regret,personal_story,relatable,12,2025-08-26
C00004_P064,P064,College & Hostel Life,"sent this to my best friend at 2am and she replied why is this us, I still have no answer 🥲",validation,relatable,9,2025-08-26
C00005_P064,P064,College & Hostel Life,deserves way more likes sis,generic,neutral,14,2025-08-26
C00006_P064,P064,College & Hostel Life,🔥🔥 btw,generic,neutral,16,2025-08-26
C00007_P064,P064,College & Hostel Life,background music name? 👍,generic,neutral,14,2025-08-26
C00008_P064,P064,College & Hostel Life,reporting this for personal damage...,validation,relatable,13,2025-08-26
C00009_P064,P064,College & Hostel Life,the timing of this post is suspicious ong,validation,relatable,9,2025-08-26
C00010_P064,P064,College & Hostel Life,how are you so consistent with posting?,question,neutral,9,2025-08-26
C00011_P064,P064,College & Hostel Life,ok so a documentary about me fr fr,validation,relatable,16,2025-08-26
C00012_P064,P064,College & Hostel Life,8am classes should be illegal,personal_story,relatable,4,2025-08-26
C00013_P064,P064,College & Hostel Life,ok this is a mood,ambiguous,neutral,12,2025-08-26
C00014_P064,P064,College & Hostel Life,why is nobody talking about how accurate this is,ambiguous,relatable,12,2025-08-26
C00015_P064,P064,College & Hostel Life,song name please? :),generic,neutral,12,2025-08-26
C00016_P064,P064,College & Hostel Life,"why did this describe my entire existence in 30 seconds, i'm filing a complaint no cap",validation,relatable,18,2025-08-26
C00017_P064,P064,College & Hostel Life,saved this for the next time it happens yaar,validation,relatable,9,2025-08-26
C00018_P064,P064,College & Hostel Life,🔥🔥 ++,generic,neutral,9,2025-08-26
C00019_P064,P064,College & Hostel Life,so true ++,generic,neutral,7,2025-08-26
C00020_P064,P064,College & Hostel Life,BRO IT ME ONG,validation,relatable,10,2025-08-26
C00021_P064,P064,College & Hostel Life,collab? dm us,spam,neutral,9,2025-08-26
C00022_P064,P064,College & Hostel Life,check dm,spam,neutral,10,2025-08-26
C00023_P064,P064,College & Hostel Life,can we egt a version with english subtitles?,question,neutral,14,2025-08-26
C00024_P064,P064,College & Hostel Life,do a collab with us 🔥,generic,neutral,15,2025-08-26
C00025_P064,P064,College & Hostel Life,please check my new page 🙏,spam,neutral,8,2025-08-26
C00026_P064,P064,College & Hostel Life,growth service dm now,spam,neutral,10,2025-08-26
C00027_P064,P064,College & Hostel Life,took the words right out of my mouth,validation,relatable,15,2025-08-26
C00028_P064,P064,College & Hostel Life,posted at the right time!,generic,neutral,6,2025-08-26
C00029_P064,P064,College & Hostel Life,I'm going to pretend I didn't read this!!,validation,relatable,7,2025-08-26
C00030_P064,P064,College & Hostel Life,every frame is my biography,validation,relatable,8,2025-08-26
C00031_P064,P064,College & Hostel Life,a mood,ambiguous,neutral,11,2025-08-26
C00032_P064,P064,College & Hostel Life,i relate to this too much 🥲🥲,validation,relatable,8,2025-08-26
C00033_P064,P064,College & Hostel Life,I felt that lol,validation,relatable,17,2025-08-26
C00034_P064,P064,College & Hostel Life,the algorithm finally did something right 🔥,generic,neutral,10,2025-08-26
C00035_P064,P064,College & Hostel Life,stating the obvious since 2020,sarcasm,neutral,11,2025-08-26
C00036_P064,P064,College & Hostel Life,I agree,generic,neutral,9,2025-08-26
C00037_P064,P064,College & Hostel Life,ok but my brain on a normal tuesday 😭,validation,relatable,10,2025-08-26
C00038_P064,P064,College & Hostel Life,reporting this for personal damage fr,validation,relatable,12,2025-08-26
C00039_P064,P064,College & Hostel Life,keep it up btw,generic,neutral,13,2025-08-26
C00040_P064,P064,College & Hostel Life,ok so my brain on a normal tuesday 😅,validation,relatable,13,2025-08-26
C00041_P064,P064,College & Hostel Life,wow so relatable 🙄,sarcasm,neutral,11,2025-08-26
C00042_P064,P064,College & Hostel Life,love this page btw,generic,neutral,15,2025-08-26
C00043_P064,P064,College & Hostel Life,i'm in this post and i don't like it lmaoo,validation,relatable,13,2025-08-26
C00044_P064,P064,College & Hostel Life,sending this to the group chat with no context da,validation,relatable,13,2025-08-26
C00045_P064,P064,College & Hostel Life,true,generic,neutral,6,2025-08-26
C00046_P064,P064,College & Hostel Life,ok so screenshot of my head lol,validation,relatable,4,2025-08-26
C00047_P064,P064,College & Hostel Life,follow for follow? !!,generic,neutral,8,2025-08-26
C00048_P064,P064,College & Hostel Life,sir this is my diary page bhai,validation,relatable,12,2025-08-26
C00049_P064,P064,College & Hostel Life,personally attacked,ambiguous,relatable,10,2025-08-26
C00050_P064,P064,College & Hostel Life,lol ok macha,generic,neutral,10,2025-08-26
C00051_P064,P064,College & Hostel Life,dm for promotions!,generic,neutral,14,2025-08-26
C00052_P064,P064,College & Hostel Life,this is my biography lol,validation,relatable,15,2025-08-26
C00053_P064,P064,College & Hostel Life,background music name?,generic,neutral,15,2025-08-26
C00000_P065,P065,Family Pressure,took the words right out of my mouth lmaoo,validation,relatable,10,2025-08-28
C00001_P065,P065,Family Pressure,"hold on, my last three years in one video lmaoo",validation,relatable,14,2025-08-28
C00002_P065,P065,Family Pressure,no because personal at this point fr,validation,relatable,7,2025-08-28
C00003_P065,P065,Family Pressure,this speaks for my whole generation 🥲,validation,relatable,13,2025-08-28
C00004_P065,P065,Family Pressure,make one about first job interviews please,question,neutral,11,2025-08-28
C00005_P065,P065,Family Pressure,ok but too real anna,validation,relatable,9,2025-08-28
C00006_P065,P065,Family Pressure,okay but same,ambiguous,relatable,11,2025-08-28
C00007_P065,P065,Family Pressure,true that ++,generic,neutral,9,2025-08-28
C00008_P065,P065,Family Pressure,why does this feel personal istg,validation,relatable,11,2025-08-28
C00009_P065,P065,Family Pressure,this is exactly what I go through pls,validation,relatable,10,2025-08-28
C00010_P065,P065,Family Pressure,this hit,ambiguous,neutral,8,2025-08-28
C00011_P065,P065,Family Pressure,who allowed you to expose me like this lmaoo,validation,relatable,7,2025-08-28
C00000_P066,P066,Self-Image & Comparison,unfortunately yes,ambiguous,neutral,15,2025-08-29
C00001_P066,P066,Self-Image & Comparison,watched this five times already lmao,validation,relatable,10,2025-08-29
C00002_P066,P066,Self-Image & Comparison,sending this to the group chat with no context istg,validation,relatable,9,2025-08-29
C00003_P066,P066,Self-Image & Comparison,first comment 👍,generic,neutral,5,2025-08-29
C00004_P066,P066,Self-Image & Comparison,"uninstalled Instagram twice, reinstalled in a day",personal_story,relatable,14,2025-08-29
C00005_P066,P066,Self-Image & Comparison,what camera do you use?,question,neutral,13,2025-08-29
C00006_P066,P066,Self-Image & Comparison,CONGRATULATIONS YOU DISCOVERED BEING HUMAN,sarcasm,neutral,7,2025-08-29
C00007_P066,P066,Self-Image & Comparison,make one about first job interviews please,question,neutral,11,2025-08-29
C00008_P066,P066,Self-Image & Comparison,ok so literally me no cap,validation,relatable,10,2025-08-29
C00009_P066,P066,Self-Image & Comparison,exactly this,ambiguous,relatable,7,2025-08-29
C00010_P066,P066,Self-Image & Comparison,not me my whole life,validation,relatable,17,2025-08-29
C00011_P066,P066,Self-Image & Comparison,cant even,ambiguous,relatable,8,2025-08-29
C00012_P066,P066,Self-Image & Comparison,awesome work,generic,neutral,6,2025-08-29
C00013_P066,P066,Self-Image & Comparison,the way my everyday routine!!,validation,relatable,11,2025-08-29
C00014_P066,P066,Self-Image & Comparison,excuse me my everyday routine fr,validation,relatable,13,2025-08-29
C00015_P066,P066,Self-Image & Comparison,nice post :),generic,neutral,6,2025-08-29
C00016_P066,P066,Self-Image & Comparison,it's too accurate 😭,validation,relatable,12,2025-08-29
C00017_P066,P066,Self-Image & Comparison,this is the story of my life ngl,validation,relatable,11,2025-08-29
C00018_P066,P066,Self-Image & Comparison,hmm,ambiguous,relatable,7,2025-08-29
C00019_P066,P066,Self-Image & Comparison,this is just basic psychology,sarcasm,neutral,8,2025-08-29
C00020_P066,P066,Self-Image & Comparison,I'm in this post and I don't like it,validation,relatable,11,2025-08-29
C00021_P066,P066,Self-Image & Comparison,the way so me lmaoo,validation,relatable,9,2025-08-29
C00022_P066,P066,Self-Image & Comparison,why is nobody talking about how accurate this is,ambiguous,neutral,16,2025-08-29
C00023_P066,P066,Self-Image & Comparison,underrated page fr,generic,neutral,13,2025-08-29
C00024_P066,P066,Self-Image & Comparison,part 3 when?,question,neutral,17,2025-08-29
C00025_P066,P066,Self-Image & Comparison,this is literally me 😭😭,validation,relatable,9,2025-08-29
C00026_P066,P066,Self-Image & Comparison,"found this page tooday, already binged everything !!",generic,neutral,17,2025-08-29
C00027_P066,P066,Self-Image & Comparison,how long did this take to edit?,question,neutral,10,2025-08-29
C00028_P066,P066,Self-Image & Comparison,hello?? literally me 😅,validation,relatable,10,2025-08-29
C00029_P066,P066,Self-Image & Comparison,which college is this?,question,neutral,6,2025-08-29
C00030_P066,P066,Self-Image & Comparison,"came here to laugh, stayed to confront myself 🥲🥲",validation,relatable,6,2025-08-29
C00031_P066,P066,Self-Image & Comparison,I'm in this post and I don't like it da,validation,relatable,12,2025-08-29
C00032_P066,P066,Self-Image & Comparison,the way my everyday routine 🥲,validation,relatable,10,2025-08-29
C00033_P066,P066,Self-Image & Comparison,"hold on, my last three years in one video 😭",validation,relatable,9,2025-08-29
C00034_P066,P066,Self-Image & Comparison,the edit quality is insane,generic,neutral,12,2025-08-29
C00035_P066,P066,Self-Image & Comparison,background music name? bro,generic,neutral,9,2025-08-29
C00036_P066,P066,Self-Image & Comparison,it's too accurate,validation,relatable,11,2025-08-29
C00037_P066,P066,Self-Image & Comparison,first comment!,generic,neutral,10,2025-08-29
C00038_P066,P066,Self-Image & Comparison,"another relatable paaage, how original",sarcasm,neutral,14,2025-08-29
C00039_P066,P066,Self-Image & Comparison,reading this at 3am was a mistake!!,validation,relatable,14,2025-08-29
C00040_P066,P066,Self-Image & Comparison,why is this my biography...,validation,relatable,11,2025-08-29
C00041_P066,P066,Self-Image & Comparison,"sure, totally me",sarcasm,neutral,10,2025-08-29
C00042_P066,P066,Self-Image & Comparison,instagram therapists at it again,sarcasm,neutral,10,2025-08-29
C00043_P066,P066,Self-Image & Comparison,why does this feel personal!!,validation,relatable,13,2025-08-29
C00044_P066,P066,Self-Image & Comparison,"found this page today, already binged everything bro",generic,neutral,9,2025-08-29
C00045_P066,P066,Self-Image & Comparison,🔥🔥 🔥,generic,neutral,8,2025-08-29
C00046_P066,P066,Self-Image & Comparison,personally attacked,ambiguous,neutral,7,2025-08-29
C00047_P066,P066,Self-Image & Comparison,i agree macha,generic,neutral,10,2025-08-29
C00048_P066,P066,Self-Image & Comparison,can you make one about exams?,question,neutral,11,2025-08-29
C00049_P066,P066,Self-Image & Comparison,seen.,ambiguous,neutral,14,2025-08-29
C00050_P066,P066,Self-Image & Comparison,sir this is my diary page lmao,validation,relatable,8,2025-08-29
C00051_P066,P066,Self-Image & Comparison,nah my everyday routine ong,validation,relatable,10,2025-08-29
C00052_P066,P066,Self-Image & Comparison,which app is this? 👍,generic,neutral,13,2025-08-29
C00053_P066,P066,Self-Image & Comparison,no because a documentary about me ?!,validation,relatable,14,2025-08-29
C00054_P066,P066,Self-Image & Comparison,I paused. sat down. processed. same.,validation,relatable,10,2025-08-29
C00055_P066,P066,Self-Image & Comparison,"ok but this is literally everyone, nothing unique",sarcasm,neutral,10,2025-08-29
C00056_P066,P066,Self-Image & Comparison,"found this page today, already binged everything 🔥",generic,neutral,9,2025-08-29
C00057_P066,P066,Self-Image & Comparison,HOW ARE YOU SO CONSISTENT WITH POSTING?,question,neutral,15,2025-08-29
C00058_P066,P066,Self-Image & Comparison,this is too real no cap,validation,relatable,7,2025-08-29
C00059_P066,P066,Self-Image & Comparison,fake deep,sarcasm,neutral,15,2025-08-29
C00060_P066,P066,Self-Image & Comparison,you read my diary 😅,validation,relatable,12,2025-08-29
C00061_P066,P066,Self-Image & Comparison,why is this the story of my life...,validation,relatable,11,2025-08-29
C00062_P066,P066,Self-Image & Comparison,this is my 13th reason (affectionate),ambiguous,relatable,6,2025-08-29
C00063_P066,P066,Self-Image & Comparison,wow so relatable 🙄,sarcasm,neutral,11,2025-08-29
C00064_P066,P066,Self-Image & Comparison,😍 🔥,generic,neutral,10,2025-08-29
C00065_P066,P066,Self-Image & Comparison,this speaks for my whole generation pls,validation,relatable,8,2025-08-29
C00066_P066,P066,Self-Image & Comparison,why is this so me fr fr,validation,relatable,12,2025-08-29
C00067_P066,P066,Self-Image & Comparison,everyone my age is achieving things and I'm here,personal_story,relatable,17,2025-08-29
C00068_P066,P066,Self-Image & Comparison,this speaks for my whole generation lmao,validation,relatable,11,2025-08-29
C00069_P066,P066,Self-Image & Comparison,it's too accurate 😅,validation,relatable,12,2025-08-29
C00070_P066,P066,Self-Image & Comparison,why is this my last three years in one video no cap,validation,relatable,7,2025-08-29
C00071_P066,P066,Self-Image & Comparison,not me so me istg,validation,relatable,10,2025-08-29
C00072_P066,P066,Self-Image & Comparison,this one,ambiguous,neutral,7,2025-08-29
C00073_P066,P066,Self-Image & Comparison,oh.,ambiguous,relatable,12,2025-08-29
C00074_P066,P066,Self-Image & Comparison,THE TIMING OF THIS POST IS SUSPICIOUS ISTG,validation,relatable,16,2025-08-29
C00075_P066,P066,Self-Image & Comparison,true!,generic,neutral,12,2025-08-29
C00076_P066,P066,Self-Image & Comparison,check my page macha,generic,neutral,7,2025-08-29
C00077_P066,P066,Self-Image & Comparison,🔥🔥,generic,neutral,10,2025-08-29
C00078_P066,P066,Self-Image & Comparison,great content macha,generic,neutral,11,2025-08-29
C00079_P066,P066,Self-Image & Comparison,who allowed you to expose me like this anna,validation,relatable,10,2025-08-29
C00080_P066,P066,Self-Image & Comparison,watched this five times already lol,validation,relatable,14,2025-08-29
C00081_P066,P066,Self-Image & Comparison,keep it up 👍,generic,neutral,13,2025-08-29
C00082_P066,P066,Self-Image & Comparison,the edit quality is insane ++,generic,neutral,12,2025-08-29
C00083_P066,P066,Self-Image & Comparison,this generation and its labels istg,sarcasm,neutral,10,2025-08-29
C00084_P066,P066,Self-Image & Comparison,underrated page fr sis,generic,neutral,9,2025-08-29
C00085_P066,P066,Self-Image & Comparison,it's one thing to make a meme and another to describe my whole personality 💀,validation,relatable,7,2025-08-29
C00086_P066,P066,Self-Image & Comparison,okay but same,ambiguous,relatable,10,2025-08-29
C00087_P066,P066,Self-Image & Comparison,this is so me,validation,relatable,10,2025-08-29
C00088_P066,P066,Self-Image & Comparison,stating the obvious since 2020,sarcasm,neutral,12,2025-08-29
C00089_P066,P066,Self-Image & Comparison,wow okay,ambiguous,neutral,12,2025-08-29
C00090_P066,P066,Self-Image & Comparison,your page will blow up macha,generic,neutral,7,2025-08-29
C00091_P066,P066,Self-Image & Comparison,the way me in one post!!,validation,relatable,10,2025-08-29
C00092_P066,P066,Self-Image & Comparison,sir this is my diary page istg,validation,relatable,8,2025-08-29
